[2025-10-27 18:19:56] local.ERROR: Please provide a valid cache path. {"userId":1,"exception":"[object] (InvalidArgumentException(code: 0): Please provide a valid cache path. at C:\\Users\\USER\\Desktop\\BSIT-3A-IPT2\\Restor-Laravel-App\\vendor\\laravel\\framework\\src\\Illuminate\\View\\Compilers\\Compiler.php:75)
[stacktrace]
#0 C:\\Users\\USER\\Desktop\\BSIT-3A-IPT2\\Restor-Laravel-App\\vendor\\laravel\\framework\\src\\Illuminate\\View\\ViewServiceProvider.php(97): Illuminate\\View\\Compilers\\Compiler->__construct(Object(Illuminate\\Filesystem\\Filesystem), false, '', true, 'php', true)
#1 C:\\Users\\USER\\Desktop\\BSIT-3A-IPT2\\Restor-Laravel-App\\vendor\\laravel\\framework\\src\\Illuminate\\Container\\Container.php(1154): Illuminate\\View\\ViewServiceProvider->Illuminate\\View\\{closure}(Object(Illuminate\\Foundation\\Application), Array)
#2 C:\\Users\\USER\\Desktop\\BSIT-3A-IPT2\\Restor-Laravel-App\\vendor\\laravel\\framework\\src\\Illuminate\\Container\\Container.php(972): Illuminate\\Container\\Container->build(Object(Closure))
#3 C:\\Users\\USER\\Desktop\\BSIT-3A-IPT2\\Restor-Laravel-App\\vendor\\laravel\\framework\\src\\Illuminate\\Foundation\\Application.php(1078): Illuminate\\Container\\Container->resolve('blade.compiler', Array, true)
#4 C:\\Users\\USER\\Desktop\\BSIT-3A-IPT2\\Restor-Laravel-App\\vendor\\laravel\\framework\\src\\Illuminate\\Container\\Container.php(903): Illuminate\\Foundation\\Application->resolve('blade.compiler', Array)
#5 C:\\Users\\USER\\Desktop\\BSIT-3A-IPT2\\Restor-Laravel-App\\vendor\\laravel\\framework\\src\\Illuminate\\Foundation\\Application.php(1058): Illuminate\\Container\\Container->make('blade.compiler', Array)
#6 C:\\Users\\USER\\Desktop\\BSIT-3A-IPT2\\Restor-Laravel-App\\vendor\\laravel\\framework\\src\\Illuminate\\View\\ViewServiceProvider.php(169): Illuminate\\Foundation\\Application->make('blade.compiler')
#7 [internal function]: Illuminate\\View\\ViewServiceProvider->Illuminate\\View\\{closure}()
#8 C:\\Users\\USER\\Desktop\\BSIT-3A-IPT2\\Restor-Laravel-App\\vendor\\laravel\\framework\\src\\Illuminate\\View\\Engines\\EngineResolver.php(55): call_user_func(Object(Closure))
#9 C:\\Users\\USER\\Desktop\\BSIT-3A-IPT2\\Restor-Laravel-App\\vendor\\laravel\\framework\\src\\Illuminate\\View\\Factory.php(325): Illuminate\\View\\Engines\\EngineResolver->resolve('blade')
#10 C:\\Users\\USER\\Desktop\\BSIT-3A-IPT2\\Restor-Laravel-App\\vendor\\laravel\\framework\\src\\Illuminate\\View\\Factory.php(287): Illuminate\\View\\Factory->getEngineFromPath('C:\\\\Users\\\\USER\\\\D...')
#11 C:\\Users\\USER\\Desktop\\BSIT-3A-IPT2\\Restor-Laravel-App\\vendor\\laravel\\framework\\src\\Illuminate\\View\\Factory.php(159): Illuminate\\View\\Factory->viewInstance('welcome', 'C:\\\\Users\\\\USER\\\\D...', Array)
#12 C:\\Users\\USER\\Desktop\\BSIT-3A-IPT2\\Restor-Laravel-App\\vendor\\laravel\\framework\\src\\Illuminate\\Foundation\\helpers.php(1101): Illuminate\\View\\Factory->make('welcome', Array, Array)
#13 C:\\Users\\USER\\Desktop\\BSIT-3A-IPT2\\Restor-Laravel-App\\routes\\web.php(23): view('welcome')
#14 C:\\Users\\USER\\Desktop\\BSIT-3A-IPT2\\Restor-Laravel-App\\vendor\\laravel\\framework\\src\\Illuminate\\Routing\\CallableDispatcher.php(39): Illuminate\\Routing\\RouteFileRegistrar->{closure}()
#15 C:\\Users\\USER\\Desktop\\BSIT-3A-IPT2\\Restor-Laravel-App\\vendor\\laravel\\framework\\src\\Illuminate\\Routing\\Route.php(243): Illuminate\\Routing\\CallableDispatcher->dispatch(Object(Illuminate\\Routing\\Route), Object(Closure))
#16 C:\\Users\\USER\\Desktop\\BSIT-3A-IPT2\\Restor-Laravel-App\\vendor\\laravel\\framework\\src\\Illuminate\\Routing\\Route.php(214): Illuminate\\Routing\\Route->runCallable()
#17 C:\\Users\\USER\\Desktop\\BSIT-3A-IPT2\\Restor-Laravel-App\\vendor\\laravel\\framework\\src\\Illuminate\\Routing\\Router.php(822): Illuminate\\Routing\\Route->run()
#18 C:\\Users\\USER\\Desktop\\BSIT-3A-IPT2\\Restor-Laravel-App\\vendor\\laravel\\framework\\src\\Illuminate\\Pipeline\\Pipeline.php(180): Illuminate\\Routing\\Router->Illuminate\\Routing\\{closure}(Object(Illuminate\\Http\\Request))
#19 C:\\Users\\USER\\Desktop\\BSIT-3A-IPT2\\Restor-Laravel-App\\vendor\\laravel\\framework\\src\\Illuminate\\Routing\\Middleware\\SubstituteBindings.php(50): Illuminate\\Pipeline\\Pipeline->Illuminate\\Pipeline\\{closure}(Object(Illuminate\\Http\\Request))
#20 C:\\Users\\USER\\Desktop\\BSIT-3A-IPT2\\Restor-Laravel-App\\vendor\\laravel\\framework\\src\\Illuminate\\Pipeline\\Pipeline.php(219): Illuminate\\Routing\\Middleware\\SubstituteBindings->handle(Object(Illuminate\\Http\\Request), Object(Closure))
#21 C:\\Users\\USER\\Desktop\\BSIT-3A-IPT2\\Restor-Laravel-App\\vendor\\laravel\\framework\\src\\Illuminate\\Foundation\\Http\\Middleware\\VerifyCsrfToken.php(87): Illuminate\\Pipeline\\Pipeline->Illuminate\\Pipeline\\{closure}(Object(Illuminate\\Http\\Request))
#22 C:\\Users\\USER\\Desktop\\BSIT-3A-IPT2\\Restor-Laravel-App\\vendor\\laravel\\framework\\src\\Illuminate\\Pipeline\\Pipeline.php(219): Illuminate\\Foundation\\Http\\Middleware\\VerifyCsrfToken->handle(Object(Illuminate\\Http\\Request), Object(Closure))
#23 C:\\Users\\USER\\Desktop\\BSIT-3A-IPT2\\Restor-Laravel-App\\vendor\\laravel\\framework\\src\\Illuminate\\View\\Middleware\\ShareErrorsFromSession.php(48): Illuminate\\Pipeline\\Pipeline->Illuminate\\Pipeline\\{closure}(Object(Illuminate\\Http\\Request))
#24 C:\\Users\\USER\\Desktop\\BSIT-3A-IPT2\\Restor-Laravel-App\\vendor\\laravel\\framework\\src\\Illuminate\\Pipeline\\Pipeline.php(219): Illuminate\\View\\Middleware\\ShareErrorsFromSession->handle(Object(Illuminate\\Http\\Request), Object(Closure))
#25 C:\\Users\\USER\\Desktop\\BSIT-3A-IPT2\\Restor-Laravel-App\\vendor\\laravel\\framework\\src\\Illuminate\\Session\\Middleware\\StartSession.php(120): Illuminate\\Pipeline\\Pipeline->Illuminate\\Pipeline\\{closure}(Object(Illuminate\\Http\\Request))
#26 C:\\Users\\USER\\Desktop\\BSIT-3A-IPT2\\Restor-Laravel-App\\vendor\\laravel\\framework\\src\\Illuminate\\Session\\Middleware\\StartSession.php(63): Illuminate\\Session\\Middleware\\StartSession->handleStatefulRequest(Object(Illuminate\\Http\\Request), Object(Illuminate\\Session\\Store), Object(Closure))
#27 C:\\Users\\USER\\Desktop\\BSIT-3A-IPT2\\Restor-Laravel-App\\vendor\\laravel\\framework\\src\\Illuminate\\Pipeline\\Pipeline.php(219): Illuminate\\Session\\Middleware\\StartSession->handle(Object(Illuminate\\Http\\Request), Object(Closure))
#28 C:\\Users\\USER\\Desktop\\BSIT-3A-IPT2\\Restor-Laravel-App\\vendor\\laravel\\framework\\src\\Illuminate\\Cookie\\Middleware\\AddQueuedCookiesToResponse.php(36): Illuminate\\Pipeline\\Pipeline->Illuminate\\Pipeline\\{closure}(Object(Illuminate\\Http\\Request))
#29 C:\\Users\\USER\\Desktop\\BSIT-3A-IPT2\\Restor-Laravel-App\\vendor\\laravel\\framework\\src\\Illuminate\\Pipeline\\Pipeline.php(219): Illuminate\\Cookie\\Middleware\\AddQueuedCookiesToResponse->handle(Object(Illuminate\\Http\\Request), Object(Closure))
#30 C:\\Users\\USER\\Desktop\\BSIT-3A-IPT2\\Restor-Laravel-App\\vendor\\laravel\\framework\\src\\Illuminate\\Cookie\\Middleware\\EncryptCookies.php(74): Illuminate\\Pipeline\\Pipeline->Illuminate\\Pipeline\\{closure}(Object(Illuminate\\Http\\Request))
#31 C:\\Users\\USER\\Desktop\\BSIT-3A-IPT2\\Restor-Laravel-App\\vendor\\laravel\\framework\\src\\Illuminate\\Pipeline\\Pipeline.php(219): Illuminate\\Cookie\\Middleware\\EncryptCookies->handle(Object(Illuminate\\Http\\Request), Object(Closure))
#32 C:\\Users\\USER\\Desktop\\BSIT-3A-IPT2\\Restor-Laravel-App\\vendor\\laravel\\framework\\src\\Illuminate\\Pipeline\\Pipeline.php(137): Illuminate\\Pipeline\\Pipeline->Illuminate\\Pipeline\\{closure}(Object(Illuminate\\Http\\Request))
#33 C:\\Users\\USER\\Desktop\\BSIT-3A-IPT2\\Restor-Laravel-App\\vendor\\laravel\\framework\\src\\Illuminate\\Routing\\Router.php(821): Illuminate\\Pipeline\\Pipeline->then(Object(Closure))
#34 C:\\Users\\USER\\Desktop\\BSIT-3A-IPT2\\Restor-Laravel-App\\vendor\\laravel\\framework\\src\\Illuminate\\Routing\\Router.php(800): Illuminate\\Routing\\Router->runRouteWithinStack(Object(Illuminate\\Routing\\Route), Object(Illuminate\\Http\\Request))
#35 C:\\Users\\USER\\Desktop\\BSIT-3A-IPT2\\Restor-Laravel-App\\vendor\\laravel\\framework\\src\\Illuminate\\Routing\\Router.php(764): Illuminate\\Routing\\Router->runRoute(Object(Illuminate\\Http\\Request), Object(Illuminate\\Routing\\Route))
#36 C:\\Users\\USER\\Desktop\\BSIT-3A-IPT2\\Restor-Laravel-App\\vendor\\laravel\\framework\\src\\Illuminate\\Routing\\Router.php(753): Illuminate\\Routing\\Router->dispatchToRoute(Object(Illuminate\\Http\\Request))
#37 C:\\Users\\USER\\Desktop\\BSIT-3A-IPT2\\Restor-Laravel-App\\vendor\\laravel\\framework\\src\\Illuminate\\Foundation\\Http\\Kernel.php(200): Illuminate\\Routing\\Router->dispatch(Object(Illuminate\\Http\\Request))
#38 C:\\Users\\USER\\Desktop\\BSIT-3A-IPT2\\Restor-Laravel-App\\vendor\\laravel\\framework\\src\\Illuminate\\Pipeline\\Pipeline.php(180): Illuminate\\Foundation\\Http\\Kernel->Illuminate\\Foundation\\Http\\{closure}(Object(Illuminate\\Http\\Request))
#39 C:\\Users\\USER\\Desktop\\BSIT-3A-IPT2\\Restor-Laravel-App\\vendor\\laravel\\framework\\src\\Illuminate\\Foundation\\Http\\Middleware\\TransformsRequest.php(21): Illuminate\\Pipeline\\Pipeline->Illuminate\\Pipeline\\{closure}(Object(Illuminate\\Http\\Request))
#40 C:\\Users\\USER\\Desktop\\BSIT-3A-IPT2\\Restor-Laravel-App\\vendor\\laravel\\framework\\src\\Illuminate\\Foundation\\Http\\Middleware\\ConvertEmptyStringsToNull.php(31): Illuminate\\Foundation\\Http\\Middleware\\TransformsRequest->handle(Object(Illuminate\\Http\\Request), Object(Closure))
#41 C:\\Users\\USER\\Desktop\\BSIT-3A-IPT2\\Restor-Laravel-App\\vendor\\laravel\\framework\\src\\Illuminate\\Pipeline\\Pipeline.php(219): Illuminate\\Foundation\\Http\\Middleware\\ConvertEmptyStringsToNull->handle(Object(Illuminate\\Http\\Request), Object(Closure))
#42 C:\\Users\\USER\\Desktop\\BSIT-3A-IPT2\\Restor-Laravel-App\\vendor\\laravel\\framework\\src\\Illuminate\\Foundation\\Http\\Middleware\\TransformsRequest.php(21): Illuminate\\Pipeline\\Pipeline->Illuminate\\Pipeline\\{closure}(Object(Illuminate\\Http\\Request))
#43 C:\\Users\\USER\\Desktop\\BSIT-3A-IPT2\\Restor-Laravel-App\\vendor\\laravel\\framework\\src\\Illuminate\\Foundation\\Http\\Middleware\\TrimStrings.php(51): Illuminate\\Foundation\\Http\\Middleware\\TransformsRequest->handle(Object(Illuminate\\Http\\Request), Object(Closure))
#44 C:\\Users\\USER\\Desktop\\BSIT-3A-IPT2\\Restor-Laravel-App\\vendor\\laravel\\framework\\src\\Illuminate\\Pipeline\\Pipeline.php(219): Illuminate\\Foundation\\Http\\Middleware\\TrimStrings->handle(Object(Illuminate\\Http\\Request), Object(Closure))
#45 C:\\Users\\USER\\Desktop\\BSIT-3A-IPT2\\Restor-Laravel-App\\vendor\\laravel\\framework\\src\\Illuminate\\Http\\Middleware\\ValidatePostSize.php(27): Illuminate\\Pipeline\\Pipeline->Illuminate\\Pipeline\\{closure}(Object(Illuminate\\Http\\Request))
#46 C:\\Users\\USER\\Desktop\\BSIT-3A-IPT2\\Restor-Laravel-App\\vendor\\laravel\\framework\\src\\Illuminate\\Pipeline\\Pipeline.php(219): Illuminate\\Http\\Middleware\\ValidatePostSize->handle(Object(Illuminate\\Http\\Request), Object(Closure))
#47 C:\\Users\\USER\\Desktop\\BSIT-3A-IPT2\\Restor-Laravel-App\\vendor\\laravel\\framework\\src\\Illuminate\\Foundation\\Http\\Middleware\\PreventRequestsDuringMaintenance.php(109): Illuminate\\Pipeline\\Pipeline->Illuminate\\Pipeline\\{closure}(Object(Illuminate\\Http\\Request))
#48 C:\\Users\\USER\\Desktop\\BSIT-3A-IPT2\\Restor-Laravel-App\\vendor\\laravel\\framework\\src\\Illuminate\\Pipeline\\Pipeline.php(219): Illuminate\\Foundation\\Http\\Middleware\\PreventRequestsDuringMaintenance->handle(Object(Illuminate\\Http\\Request), Object(Closure))
#49 C:\\Users\\USER\\Desktop\\BSIT-3A-IPT2\\Restor-Laravel-App\\vendor\\laravel\\framework\\src\\Illuminate\\Http\\Middleware\\HandleCors.php(48): Illuminate\\Pipeline\\Pipeline->Illuminate\\Pipeline\\{closure}(Object(Illuminate\\Http\\Request))
#50 C:\\Users\\USER\\Desktop\\BSIT-3A-IPT2\\Restor-Laravel-App\\vendor\\laravel\\framework\\src\\Illuminate\\Pipeline\\Pipeline.php(219): Illuminate\\Http\\Middleware\\HandleCors->handle(Object(Illuminate\\Http\\Request), Object(Closure))
#51 C:\\Users\\USER\\Desktop\\BSIT-3A-IPT2\\Restor-Laravel-App\\vendor\\laravel\\framework\\src\\Illuminate\\Http\\Middleware\\TrustProxies.php(58): Illuminate\\Pipeline\\Pipeline->Illuminate\\Pipeline\\{closure}(Object(Illuminate\\Http\\Request))
#52 C:\\Users\\USER\\Desktop\\BSIT-3A-IPT2\\Restor-Laravel-App\\vendor\\laravel\\framework\\src\\Illuminate\\Pipeline\\Pipeline.php(219): Illuminate\\Http\\Middleware\\TrustProxies->handle(Object(Illuminate\\Http\\Request), Object(Closure))
#53 C:\\Users\\USER\\Desktop\\BSIT-3A-IPT2\\Restor-Laravel-App\\vendor\\laravel\\framework\\src\\Illuminate\\Foundation\\Http\\Middleware\\InvokeDeferredCallbacks.php(22): Illuminate\\Pipeline\\Pipeline->Illuminate\\Pipeline\\{closure}(Object(Illuminate\\Http\\Request))
#54 C:\\Users\\USER\\Desktop\\BSIT-3A-IPT2\\Restor-Laravel-App\\vendor\\laravel\\framework\\src\\Illuminate\\Pipeline\\Pipeline.php(219): Illuminate\\Foundation\\Http\\Middleware\\InvokeDeferredCallbacks->handle(Object(Illuminate\\Http\\Request), Object(Closure))
#55 C:\\Users\\USER\\Desktop\\BSIT-3A-IPT2\\Restor-Laravel-App\\vendor\\laravel\\framework\\src\\Illuminate\\Http\\Middleware\\ValidatePathEncoding.php(26): Illuminate\\Pipeline\\Pipeline->Illuminate\\Pipeline\\{closure}(Object(Illuminate\\Http\\Request))
#56 C:\\Users\\USER\\Desktop\\BSIT-3A-IPT2\\Restor-Laravel-App\\vendor\\laravel\\framework\\src\\Illuminate\\Pipeline\\Pipeline.php(219): Illuminate\\Http\\Middleware\\ValidatePathEncoding->handle(Object(Illuminate\\Http\\Request), Object(Closure))
#57 C:\\Users\\USER\\Desktop\\BSIT-3A-IPT2\\Restor-Laravel-App\\vendor\\laravel\\framework\\src\\Illuminate\\Pipeline\\Pipeline.php(137): Illuminate\\Pipeline\\Pipeline->Illuminate\\Pipeline\\{closure}(Object(Illuminate\\Http\\Request))
#58 C:\\Users\\USER\\Desktop\\BSIT-3A-IPT2\\Restor-Laravel-App\\vendor\\laravel\\framework\\src\\Illuminate\\Foundation\\Http\\Kernel.php(175): Illuminate\\Pipeline\\Pipeline->then(Object(Closure))
#59 C:\\Users\\USER\\Desktop\\BSIT-3A-IPT2\\Restor-Laravel-App\\vendor\\laravel\\framework\\src\\Illuminate\\Foundation\\Http\\Kernel.php(144): Illuminate\\Foundation\\Http\\Kernel->sendRequestThroughRouter(Object(Illuminate\\Http\\Request))
#60 C:\\Users\\USER\\Desktop\\BSIT-3A-IPT2\\Restor-Laravel-App\\vendor\\laravel\\framework\\src\\Illuminate\\Foundation\\Application.php(1220): Illuminate\\Foundation\\Http\\Kernel->handle(Object(Illuminate\\Http\\Request))
#61 C:\\Users\\USER\\Desktop\\BSIT-3A-IPT2\\Restor-Laravel-App\\public\\index.php(20): Illuminate\\Foundation\\Application->handleRequest(Object(Illuminate\\Http\\Request))
#62 C:\\Users\\USER\\Desktop\\BSIT-3A-IPT2\\Restor-Laravel-App\\vendor\\laravel\\framework\\src\\Illuminate\\Foundation\\resources\\server.php(23): require_once('C:\\\\Users\\\\USER\\\\D...')
#63 {main}
"} 
[2025-10-27 18:20:10] local.ERROR: Please provide a valid cache path. {"userId":1,"exception":"[object] (InvalidArgumentException(code: 0): Please provide a valid cache path. at C:\\Users\\USER\\Desktop\\BSIT-3A-IPT2\\Restor-Laravel-App\\vendor\\laravel\\framework\\src\\Illuminate\\View\\Compilers\\Compiler.php:75)
[stacktrace]
#0 C:\\Users\\USER\\Desktop\\BSIT-3A-IPT2\\Restor-Laravel-App\\vendor\\laravel\\framework\\src\\Illuminate\\View\\ViewServiceProvider.php(97): Illuminate\\View\\Compilers\\Compiler->__construct(Object(Illuminate\\Filesystem\\Filesystem), false, '', true, 'php', true)
#1 C:\\Users\\USER\\Desktop\\BSIT-3A-IPT2\\Restor-Laravel-App\\vendor\\laravel\\framework\\src\\Illuminate\\Container\\Container.php(1154): Illuminate\\View\\ViewServiceProvider->Illuminate\\View\\{closure}(Object(Illuminate\\Foundation\\Application), Array)
#2 C:\\Users\\USER\\Desktop\\BSIT-3A-IPT2\\Restor-Laravel-App\\vendor\\laravel\\framework\\src\\Illuminate\\Container\\Container.php(972): Illuminate\\Container\\Container->build(Object(Closure))
#3 C:\\Users\\USER\\Desktop\\BSIT-3A-IPT2\\Restor-Laravel-App\\vendor\\laravel\\framework\\src\\Illuminate\\Foundation\\Application.php(1078): Illuminate\\Container\\Container->resolve('blade.compiler', Array, true)
#4 C:\\Users\\USER\\Desktop\\BSIT-3A-IPT2\\Restor-Laravel-App\\vendor\\laravel\\framework\\src\\Illuminate\\Container\\Container.php(903): Illuminate\\Foundation\\Application->resolve('blade.compiler', Array)
#5 C:\\Users\\USER\\Desktop\\BSIT-3A-IPT2\\Restor-Laravel-App\\vendor\\laravel\\framework\\src\\Illuminate\\Foundation\\Application.php(1058): Illuminate\\Container\\Container->make('blade.compiler', Array)
#6 C:\\Users\\USER\\Desktop\\BSIT-3A-IPT2\\Restor-Laravel-App\\vendor\\laravel\\framework\\src\\Illuminate\\View\\ViewServiceProvider.php(169): Illuminate\\Foundation\\Application->make('blade.compiler')
#7 [internal function]: Illuminate\\View\\ViewServiceProvider->Illuminate\\View\\{closure}()
#8 C:\\Users\\USER\\Desktop\\BSIT-3A-IPT2\\Restor-Laravel-App\\vendor\\laravel\\framework\\src\\Illuminate\\View\\Engines\\EngineResolver.php(55): call_user_func(Object(Closure))
#9 C:\\Users\\USER\\Desktop\\BSIT-3A-IPT2\\Restor-Laravel-App\\vendor\\laravel\\framework\\src\\Illuminate\\View\\Factory.php(325): Illuminate\\View\\Engines\\EngineResolver->resolve('blade')
#10 C:\\Users\\USER\\Desktop\\BSIT-3A-IPT2\\Restor-Laravel-App\\vendor\\laravel\\framework\\src\\Illuminate\\View\\Factory.php(287): Illuminate\\View\\Factory->getEngineFromPath('C:\\\\Users\\\\USER\\\\D...')
#11 C:\\Users\\USER\\Desktop\\BSIT-3A-IPT2\\Restor-Laravel-App\\vendor\\laravel\\framework\\src\\Illuminate\\View\\Factory.php(159): Illuminate\\View\\Factory->viewInstance('welcome', 'C:\\\\Users\\\\USER\\\\D...', Array)
#12 C:\\Users\\USER\\Desktop\\BSIT-3A-IPT2\\Restor-Laravel-App\\vendor\\laravel\\framework\\src\\Illuminate\\Foundation\\helpers.php(1101): Illuminate\\View\\Factory->make('welcome', Array, Array)
#13 C:\\Users\\USER\\Desktop\\BSIT-3A-IPT2\\Restor-Laravel-App\\routes\\web.php(23): view('welcome')
#14 C:\\Users\\USER\\Desktop\\BSIT-3A-IPT2\\Restor-Laravel-App\\vendor\\laravel\\framework\\src\\Illuminate\\Routing\\CallableDispatcher.php(39): Illuminate\\Routing\\RouteFileRegistrar->{closure}()
#15 C:\\Users\\USER\\Desktop\\BSIT-3A-IPT2\\Restor-Laravel-App\\vendor\\laravel\\framework\\src\\Illuminate\\Routing\\Route.php(243): Illuminate\\Routing\\CallableDispatcher->dispatch(Object(Illuminate\\Routing\\Route), Object(Closure))
#16 C:\\Users\\USER\\Desktop\\BSIT-3A-IPT2\\Restor-Laravel-App\\vendor\\laravel\\framework\\src\\Illuminate\\Routing\\Route.php(214): Illuminate\\Routing\\Route->runCallable()
#17 C:\\Users\\USER\\Desktop\\BSIT-3A-IPT2\\Restor-Laravel-App\\vendor\\laravel\\framework\\src\\Illuminate\\Routing\\Router.php(822): Illuminate\\Routing\\Route->run()
#18 C:\\Users\\USER\\Desktop\\BSIT-3A-IPT2\\Restor-Laravel-App\\vendor\\laravel\\framework\\src\\Illuminate\\Pipeline\\Pipeline.php(180): Illuminate\\Routing\\Router->Illuminate\\Routing\\{closure}(Object(Illuminate\\Http\\Request))
#19 C:\\Users\\USER\\Desktop\\BSIT-3A-IPT2\\Restor-Laravel-App\\vendor\\laravel\\framework\\src\\Illuminate\\Routing\\Middleware\\SubstituteBindings.php(50): Illuminate\\Pipeline\\Pipeline->Illuminate\\Pipeline\\{closure}(Object(Illuminate\\Http\\Request))
#20 C:\\Users\\USER\\Desktop\\BSIT-3A-IPT2\\Restor-Laravel-App\\vendor\\laravel\\framework\\src\\Illuminate\\Pipeline\\Pipeline.php(219): Illuminate\\Routing\\Middleware\\SubstituteBindings->handle(Object(Illuminate\\Http\\Request), Object(Closure))
#21 C:\\Users\\USER\\Desktop\\BSIT-3A-IPT2\\Restor-Laravel-App\\vendor\\laravel\\framework\\src\\Illuminate\\Foundation\\Http\\Middleware\\VerifyCsrfToken.php(87): Illuminate\\Pipeline\\Pipeline->Illuminate\\Pipeline\\{closure}(Object(Illuminate\\Http\\Request))
#22 C:\\Users\\USER\\Desktop\\BSIT-3A-IPT2\\Restor-Laravel-App\\vendor\\laravel\\framework\\src\\Illuminate\\Pipeline\\Pipeline.php(219): Illuminate\\Foundation\\Http\\Middleware\\VerifyCsrfToken->handle(Object(Illuminate\\Http\\Request), Object(Closure))
#23 C:\\Users\\USER\\Desktop\\BSIT-3A-IPT2\\Restor-Laravel-App\\vendor\\laravel\\framework\\src\\Illuminate\\View\\Middleware\\ShareErrorsFromSession.php(48): Illuminate\\Pipeline\\Pipeline->Illuminate\\Pipeline\\{closure}(Object(Illuminate\\Http\\Request))
#24 C:\\Users\\USER\\Desktop\\BSIT-3A-IPT2\\Restor-Laravel-App\\vendor\\laravel\\framework\\src\\Illuminate\\Pipeline\\Pipeline.php(219): Illuminate\\View\\Middleware\\ShareErrorsFromSession->handle(Object(Illuminate\\Http\\Request), Object(Closure))
#25 C:\\Users\\USER\\Desktop\\BSIT-3A-IPT2\\Restor-Laravel-App\\vendor\\laravel\\framework\\src\\Illuminate\\Session\\Middleware\\StartSession.php(120): Illuminate\\Pipeline\\Pipeline->Illuminate\\Pipeline\\{closure}(Object(Illuminate\\Http\\Request))
#26 C:\\Users\\USER\\Desktop\\BSIT-3A-IPT2\\Restor-Laravel-App\\vendor\\laravel\\framework\\src\\Illuminate\\Session\\Middleware\\StartSession.php(63): Illuminate\\Session\\Middleware\\StartSession->handleStatefulRequest(Object(Illuminate\\Http\\Request), Object(Illuminate\\Session\\Store), Object(Closure))
#27 C:\\Users\\USER\\Desktop\\BSIT-3A-IPT2\\Restor-Laravel-App\\vendor\\laravel\\framework\\src\\Illuminate\\Pipeline\\Pipeline.php(219): Illuminate\\Session\\Middleware\\StartSession->handle(Object(Illuminate\\Http\\Request), Object(Closure))
#28 C:\\Users\\USER\\Desktop\\BSIT-3A-IPT2\\Restor-Laravel-App\\vendor\\laravel\\framework\\src\\Illuminate\\Cookie\\Middleware\\AddQueuedCookiesToResponse.php(36): Illuminate\\Pipeline\\Pipeline->Illuminate\\Pipeline\\{closure}(Object(Illuminate\\Http\\Request))
#29 C:\\Users\\USER\\Desktop\\BSIT-3A-IPT2\\Restor-Laravel-App\\vendor\\laravel\\framework\\src\\Illuminate\\Pipeline\\Pipeline.php(219): Illuminate\\Cookie\\Middleware\\AddQueuedCookiesToResponse->handle(Object(Illuminate\\Http\\Request), Object(Closure))
#30 C:\\Users\\USER\\Desktop\\BSIT-3A-IPT2\\Restor-Laravel-App\\vendor\\laravel\\framework\\src\\Illuminate\\Cookie\\Middleware\\EncryptCookies.php(74): Illuminate\\Pipeline\\Pipeline->Illuminate\\Pipeline\\{closure}(Object(Illuminate\\Http\\Request))
#31 C:\\Users\\USER\\Desktop\\BSIT-3A-IPT2\\Restor-Laravel-App\\vendor\\laravel\\framework\\src\\Illuminate\\Pipeline\\Pipeline.php(219): Illuminate\\Cookie\\Middleware\\EncryptCookies->handle(Object(Illuminate\\Http\\Request), Object(Closure))
#32 C:\\Users\\USER\\Desktop\\BSIT-3A-IPT2\\Restor-Laravel-App\\vendor\\laravel\\framework\\src\\Illuminate\\Pipeline\\Pipeline.php(137): Illuminate\\Pipeline\\Pipeline->Illuminate\\Pipeline\\{closure}(Object(Illuminate\\Http\\Request))
#33 C:\\Users\\USER\\Desktop\\BSIT-3A-IPT2\\Restor-Laravel-App\\vendor\\laravel\\framework\\src\\Illuminate\\Routing\\Router.php(821): Illuminate\\Pipeline\\Pipeline->then(Object(Closure))
#34 C:\\Users\\USER\\Desktop\\BSIT-3A-IPT2\\Restor-Laravel-App\\vendor\\laravel\\framework\\src\\Illuminate\\Routing\\Router.php(800): Illuminate\\Routing\\Router->runRouteWithinStack(Object(Illuminate\\Routing\\Route), Object(Illuminate\\Http\\Request))
#35 C:\\Users\\USER\\Desktop\\BSIT-3A-IPT2\\Restor-Laravel-App\\vendor\\laravel\\framework\\src\\Illuminate\\Routing\\Router.php(764): Illuminate\\Routing\\Router->runRoute(Object(Illuminate\\Http\\Request), Object(Illuminate\\Routing\\Route))
#36 C:\\Users\\USER\\Desktop\\BSIT-3A-IPT2\\Restor-Laravel-App\\vendor\\laravel\\framework\\src\\Illuminate\\Routing\\Router.php(753): Illuminate\\Routing\\Router->dispatchToRoute(Object(Illuminate\\Http\\Request))
#37 C:\\Users\\USER\\Desktop\\BSIT-3A-IPT2\\Restor-Laravel-App\\vendor\\laravel\\framework\\src\\Illuminate\\Foundation\\Http\\Kernel.php(200): Illuminate\\Routing\\Router->dispatch(Object(Illuminate\\Http\\Request))
#38 C:\\Users\\USER\\Desktop\\BSIT-3A-IPT2\\Restor-Laravel-App\\vendor\\laravel\\framework\\src\\Illuminate\\Pipeline\\Pipeline.php(180): Illuminate\\Foundation\\Http\\Kernel->Illuminate\\Foundation\\Http\\{closure}(Object(Illuminate\\Http\\Request))
#39 C:\\Users\\USER\\Desktop\\BSIT-3A-IPT2\\Restor-Laravel-App\\vendor\\laravel\\framework\\src\\Illuminate\\Foundation\\Http\\Middleware\\TransformsRequest.php(21): Illuminate\\Pipeline\\Pipeline->Illuminate\\Pipeline\\{closure}(Object(Illuminate\\Http\\Request))
#40 C:\\Users\\USER\\Desktop\\BSIT-3A-IPT2\\Restor-Laravel-App\\vendor\\laravel\\framework\\src\\Illuminate\\Foundation\\Http\\Middleware\\ConvertEmptyStringsToNull.php(31): Illuminate\\Foundation\\Http\\Middleware\\TransformsRequest->handle(Object(Illuminate\\Http\\Request), Object(Closure))
#41 C:\\Users\\USER\\Desktop\\BSIT-3A-IPT2\\Restor-Laravel-App\\vendor\\laravel\\framework\\src\\Illuminate\\Pipeline\\Pipeline.php(219): Illuminate\\Foundation\\Http\\Middleware\\ConvertEmptyStringsToNull->handle(Object(Illuminate\\Http\\Request), Object(Closure))
#42 C:\\Users\\USER\\Desktop\\BSIT-3A-IPT2\\Restor-Laravel-App\\vendor\\laravel\\framework\\src\\Illuminate\\Foundation\\Http\\Middleware\\TransformsRequest.php(21): Illuminate\\Pipeline\\Pipeline->Illuminate\\Pipeline\\{closure}(Object(Illuminate\\Http\\Request))
#43 C:\\Users\\USER\\Desktop\\BSIT-3A-IPT2\\Restor-Laravel-App\\vendor\\laravel\\framework\\src\\Illuminate\\Foundation\\Http\\Middleware\\TrimStrings.php(51): Illuminate\\Foundation\\Http\\Middleware\\TransformsRequest->handle(Object(Illuminate\\Http\\Request), Object(Closure))
#44 C:\\Users\\USER\\Desktop\\BSIT-3A-IPT2\\Restor-Laravel-App\\vendor\\laravel\\framework\\src\\Illuminate\\Pipeline\\Pipeline.php(219): Illuminate\\Foundation\\Http\\Middleware\\TrimStrings->handle(Object(Illuminate\\Http\\Request), Object(Closure))
#45 C:\\Users\\USER\\Desktop\\BSIT-3A-IPT2\\Restor-Laravel-App\\vendor\\laravel\\framework\\src\\Illuminate\\Http\\Middleware\\ValidatePostSize.php(27): Illuminate\\Pipeline\\Pipeline->Illuminate\\Pipeline\\{closure}(Object(Illuminate\\Http\\Request))
#46 C:\\Users\\USER\\Desktop\\BSIT-3A-IPT2\\Restor-Laravel-App\\vendor\\laravel\\framework\\src\\Illuminate\\Pipeline\\Pipeline.php(219): Illuminate\\Http\\Middleware\\ValidatePostSize->handle(Object(Illuminate\\Http\\Request), Object(Closure))
#47 C:\\Users\\USER\\Desktop\\BSIT-3A-IPT2\\Restor-Laravel-App\\vendor\\laravel\\framework\\src\\Illuminate\\Foundation\\Http\\Middleware\\PreventRequestsDuringMaintenance.php(109): Illuminate\\Pipeline\\Pipeline->Illuminate\\Pipeline\\{closure}(Object(Illuminate\\Http\\Request))
#48 C:\\Users\\USER\\Desktop\\BSIT-3A-IPT2\\Restor-Laravel-App\\vendor\\laravel\\framework\\src\\Illuminate\\Pipeline\\Pipeline.php(219): Illuminate\\Foundation\\Http\\Middleware\\PreventRequestsDuringMaintenance->handle(Object(Illuminate\\Http\\Request), Object(Closure))
#49 C:\\Users\\USER\\Desktop\\BSIT-3A-IPT2\\Restor-Laravel-App\\vendor\\laravel\\framework\\src\\Illuminate\\Http\\Middleware\\HandleCors.php(48): Illuminate\\Pipeline\\Pipeline->Illuminate\\Pipeline\\{closure}(Object(Illuminate\\Http\\Request))
#50 C:\\Users\\USER\\Desktop\\BSIT-3A-IPT2\\Restor-Laravel-App\\vendor\\laravel\\framework\\src\\Illuminate\\Pipeline\\Pipeline.php(219): Illuminate\\Http\\Middleware\\HandleCors->handle(Object(Illuminate\\Http\\Request), Object(Closure))
#51 C:\\Users\\USER\\Desktop\\BSIT-3A-IPT2\\Restor-Laravel-App\\vendor\\laravel\\framework\\src\\Illuminate\\Http\\Middleware\\TrustProxies.php(58): Illuminate\\Pipeline\\Pipeline->Illuminate\\Pipeline\\{closure}(Object(Illuminate\\Http\\Request))
#52 C:\\Users\\USER\\Desktop\\BSIT-3A-IPT2\\Restor-Laravel-App\\vendor\\laravel\\framework\\src\\Illuminate\\Pipeline\\Pipeline.php(219): Illuminate\\Http\\Middleware\\TrustProxies->handle(Object(Illuminate\\Http\\Request), Object(Closure))
#53 C:\\Users\\USER\\Desktop\\BSIT-3A-IPT2\\Restor-Laravel-App\\vendor\\laravel\\framework\\src\\Illuminate\\Foundation\\Http\\Middleware\\InvokeDeferredCallbacks.php(22): Illuminate\\Pipeline\\Pipeline->Illuminate\\Pipeline\\{closure}(Object(Illuminate\\Http\\Request))
#54 C:\\Users\\USER\\Desktop\\BSIT-3A-IPT2\\Restor-Laravel-App\\vendor\\laravel\\framework\\src\\Illuminate\\Pipeline\\Pipeline.php(219): Illuminate\\Foundation\\Http\\Middleware\\InvokeDeferredCallbacks->handle(Object(Illuminate\\Http\\Request), Object(Closure))
#55 C:\\Users\\USER\\Desktop\\BSIT-3A-IPT2\\Restor-Laravel-App\\vendor\\laravel\\framework\\src\\Illuminate\\Http\\Middleware\\ValidatePathEncoding.php(26): Illuminate\\Pipeline\\Pipeline->Illuminate\\Pipeline\\{closure}(Object(Illuminate\\Http\\Request))
#56 C:\\Users\\USER\\Desktop\\BSIT-3A-IPT2\\Restor-Laravel-App\\vendor\\laravel\\framework\\src\\Illuminate\\Pipeline\\Pipeline.php(219): Illuminate\\Http\\Middleware\\ValidatePathEncoding->handle(Object(Illuminate\\Http\\Request), Object(Closure))
#57 C:\\Users\\USER\\Desktop\\BSIT-3A-IPT2\\Restor-Laravel-App\\vendor\\laravel\\framework\\src\\Illuminate\\Pipeline\\Pipeline.php(137): Illuminate\\Pipeline\\Pipeline->Illuminate\\Pipeline\\{closure}(Object(Illuminate\\Http\\Request))
#58 C:\\Users\\USER\\Desktop\\BSIT-3A-IPT2\\Restor-Laravel-App\\vendor\\laravel\\framework\\src\\Illuminate\\Foundation\\Http\\Kernel.php(175): Illuminate\\Pipeline\\Pipeline->then(Object(Closure))
#59 C:\\Users\\USER\\Desktop\\BSIT-3A-IPT2\\Restor-Laravel-App\\vendor\\laravel\\framework\\src\\Illuminate\\Foundation\\Http\\Kernel.php(144): Illuminate\\Foundation\\Http\\Kernel->sendRequestThroughRouter(Object(Illuminate\\Http\\Request))
#60 C:\\Users\\USER\\Desktop\\BSIT-3A-IPT2\\Restor-Laravel-App\\vendor\\laravel\\framework\\src\\Illuminate\\Foundation\\Application.php(1220): Illuminate\\Foundation\\Http\\Kernel->handle(Object(Illuminate\\Http\\Request))
#61 C:\\Users\\USER\\Desktop\\BSIT-3A-IPT2\\Restor-Laravel-App\\public\\index.php(20): Illuminate\\Foundation\\Application->handleRequest(Object(Illuminate\\Http\\Request))
#62 C:\\Users\\USER\\Desktop\\BSIT-3A-IPT2\\Restor-Laravel-App\\vendor\\laravel\\framework\\src\\Illuminate\\Foundation\\resources\\server.php(23): require_once('C:\\\\Users\\\\USER\\\\D...')
#63 {main}
"} 
[2025-10-27 18:44:12] local.ERROR: SQLSTATE[42S21]: Column already exists: 1060 Duplicate column name 'profile_photo_path' (Connection: mysql, SQL: alter table `users` add `profile_photo_path` varchar(255) null after `email`) {"exception":"[object] (Illuminate\\Database\\QueryException(code: 42S21): SQLSTATE[42S21]: Column already exists: 1060 Duplicate column name 'profile_photo_path' (Connection: mysql, SQL: alter table `users` add `profile_photo_path` varchar(255) null after `email`) at C:\\Users\\USER\\Desktop\\BSIT-3A-IPT2\\Restor-Laravel-App\\vendor\\laravel\\framework\\src\\Illuminate\\Database\\Connection.php:824)
[stacktrace]
#0 C:\\Users\\USER\\Desktop\\BSIT-3A-IPT2\\Restor-Laravel-App\\vendor\\laravel\\framework\\src\\Illuminate\\Database\\Connection.php(778): Illuminate\\Database\\Connection->runQueryCallback('alter table `us...', Array, Object(Closure))
#1 C:\\Users\\USER\\Desktop\\BSIT-3A-IPT2\\Restor-Laravel-App\\vendor\\laravel\\framework\\src\\Illuminate\\Database\\Connection.php(559): Illuminate\\Database\\Connection->run('alter table `us...', Array, Object(Closure))
#2 C:\\Users\\USER\\Desktop\\BSIT-3A-IPT2\\Restor-Laravel-App\\vendor\\laravel\\framework\\src\\Illuminate\\Database\\Schema\\Blueprint.php(121): Illuminate\\Database\\Connection->statement('alter table `us...')
#3 C:\\Users\\USER\\Desktop\\BSIT-3A-IPT2\\Restor-Laravel-App\\vendor\\laravel\\framework\\src\\Illuminate\\Database\\Schema\\Builder.php(618): Illuminate\\Database\\Schema\\Blueprint->build()
#4 C:\\Users\\USER\\Desktop\\BSIT-3A-IPT2\\Restor-Laravel-App\\vendor\\laravel\\framework\\src\\Illuminate\\Database\\Schema\\Builder.php(460): Illuminate\\Database\\Schema\\Builder->build(Object(Illuminate\\Database\\Schema\\Blueprint))
#5 C:\\Users\\USER\\Desktop\\BSIT-3A-IPT2\\Restor-Laravel-App\\vendor\\laravel\\framework\\src\\Illuminate\\Support\\Facades\\Facade.php(363): Illuminate\\Database\\Schema\\Builder->table('users', Object(Closure))
#6 C:\\Users\\USER\\Desktop\\BSIT-3A-IPT2\\Restor-Laravel-App\\database\\migrations\\2025_10_27_184303_add_profile_photo_path_to_users_table.php(14): Illuminate\\Support\\Facades\\Facade::__callStatic('table', Array)
#7 C:\\Users\\USER\\Desktop\\BSIT-3A-IPT2\\Restor-Laravel-App\\vendor\\laravel\\framework\\src\\Illuminate\\Database\\Migrations\\Migrator.php(514): Illuminate\\Database\\Migrations\\Migration@anonymous->up()
#8 C:\\Users\\USER\\Desktop\\BSIT-3A-IPT2\\Restor-Laravel-App\\vendor\\laravel\\framework\\src\\Illuminate\\Database\\Migrations\\Migrator.php(439): Illuminate\\Database\\Migrations\\Migrator->runMethod(Object(Illuminate\\Database\\MySqlConnection), Object(Illuminate\\Database\\Migrations\\Migration@anonymous), 'up')
#9 C:\\Users\\USER\\Desktop\\BSIT-3A-IPT2\\Restor-Laravel-App\\vendor\\laravel\\framework\\src\\Illuminate\\Database\\Migrations\\Migrator.php(448): Illuminate\\Database\\Migrations\\Migrator->Illuminate\\Database\\Migrations\\{closure}()
#10 C:\\Users\\USER\\Desktop\\BSIT-3A-IPT2\\Restor-Laravel-App\\vendor\\laravel\\framework\\src\\Illuminate\\Database\\Migrations\\Migrator.php(250): Illuminate\\Database\\Migrations\\Migrator->runMigration(Object(Illuminate\\Database\\Migrations\\Migration@anonymous), 'up')
#11 C:\\Users\\USER\\Desktop\\BSIT-3A-IPT2\\Restor-Laravel-App\\vendor\\laravel\\framework\\src\\Illuminate\\Console\\View\\Components\\Task.php(41): Illuminate\\Database\\Migrations\\Migrator->Illuminate\\Database\\Migrations\\{closure}()
#12 C:\\Users\\USER\\Desktop\\BSIT-3A-IPT2\\Restor-Laravel-App\\vendor\\laravel\\framework\\src\\Illuminate\\Database\\Migrations\\Migrator.php(809): Illuminate\\Console\\View\\Components\\Task->render('2025_10_27_1843...', Object(Closure))
#13 C:\\Users\\USER\\Desktop\\BSIT-3A-IPT2\\Restor-Laravel-App\\vendor\\laravel\\framework\\src\\Illuminate\\Database\\Migrations\\Migrator.php(250): Illuminate\\Database\\Migrations\\Migrator->write('Illuminate\\\\Cons...', '2025_10_27_1843...', Object(Closure))
#14 C:\\Users\\USER\\Desktop\\BSIT-3A-IPT2\\Restor-Laravel-App\\vendor\\laravel\\framework\\src\\Illuminate\\Database\\Migrations\\Migrator.php(210): Illuminate\\Database\\Migrations\\Migrator->runUp('C:\\\\Users\\\\USER\\\\D...', 3, false)
#15 C:\\Users\\USER\\Desktop\\BSIT-3A-IPT2\\Restor-Laravel-App\\vendor\\laravel\\framework\\src\\Illuminate\\Database\\Migrations\\Migrator.php(137): Illuminate\\Database\\Migrations\\Migrator->runPending(Array, Array)
#16 C:\\Users\\USER\\Desktop\\BSIT-3A-IPT2\\Restor-Laravel-App\\vendor\\laravel\\framework\\src\\Illuminate\\Database\\Console\\Migrations\\MigrateCommand.php(116): Illuminate\\Database\\Migrations\\Migrator->run(Array, Array)
#17 C:\\Users\\USER\\Desktop\\BSIT-3A-IPT2\\Restor-Laravel-App\\vendor\\laravel\\framework\\src\\Illuminate\\Database\\Migrations\\Migrator.php(666): Illuminate\\Database\\Console\\Migrations\\MigrateCommand->Illuminate\\Database\\Console\\Migrations\\{closure}()
#18 C:\\Users\\USER\\Desktop\\BSIT-3A-IPT2\\Restor-Laravel-App\\vendor\\laravel\\framework\\src\\Illuminate\\Database\\Console\\Migrations\\MigrateCommand.php(109): Illuminate\\Database\\Migrations\\Migrator->usingConnection(NULL, Object(Closure))
#19 C:\\Users\\USER\\Desktop\\BSIT-3A-IPT2\\Restor-Laravel-App\\vendor\\laravel\\framework\\src\\Illuminate\\Database\\Console\\Migrations\\MigrateCommand.php(88): Illuminate\\Database\\Console\\Migrations\\MigrateCommand->runMigrations()
#20 C:\\Users\\USER\\Desktop\\BSIT-3A-IPT2\\Restor-Laravel-App\\vendor\\laravel\\framework\\src\\Illuminate\\Container\\BoundMethod.php(36): Illuminate\\Database\\Console\\Migrations\\MigrateCommand->handle()
#21 C:\\Users\\USER\\Desktop\\BSIT-3A-IPT2\\Restor-Laravel-App\\vendor\\laravel\\framework\\src\\Illuminate\\Container\\Util.php(43): Illuminate\\Container\\BoundMethod::Illuminate\\Container\\{closure}()
#22 C:\\Users\\USER\\Desktop\\BSIT-3A-IPT2\\Restor-Laravel-App\\vendor\\laravel\\framework\\src\\Illuminate\\Container\\BoundMethod.php(96): Illuminate\\Container\\Util::unwrapIfClosure(Object(Closure))
#23 C:\\Users\\USER\\Desktop\\BSIT-3A-IPT2\\Restor-Laravel-App\\vendor\\laravel\\framework\\src\\Illuminate\\Container\\BoundMethod.php(35): Illuminate\\Container\\BoundMethod::callBoundMethod(Object(Illuminate\\Foundation\\Application), Array, Object(Closure))
#24 C:\\Users\\USER\\Desktop\\BSIT-3A-IPT2\\Restor-Laravel-App\\vendor\\laravel\\framework\\src\\Illuminate\\Container\\Container.php(836): Illuminate\\Container\\BoundMethod::call(Object(Illuminate\\Foundation\\Application), Array, Array, NULL)
#25 C:\\Users\\USER\\Desktop\\BSIT-3A-IPT2\\Restor-Laravel-App\\vendor\\laravel\\framework\\src\\Illuminate\\Console\\Command.php(211): Illuminate\\Container\\Container->call(Array)
#26 C:\\Users\\USER\\Desktop\\BSIT-3A-IPT2\\Restor-Laravel-App\\vendor\\symfony\\console\\Command\\Command.php(318): Illuminate\\Console\\Command->execute(Object(Symfony\\Component\\Console\\Input\\ArgvInput), Object(Illuminate\\Console\\OutputStyle))
#27 C:\\Users\\USER\\Desktop\\BSIT-3A-IPT2\\Restor-Laravel-App\\vendor\\laravel\\framework\\src\\Illuminate\\Console\\Command.php(180): Symfony\\Component\\Console\\Command\\Command->run(Object(Symfony\\Component\\Console\\Input\\ArgvInput), Object(Illuminate\\Console\\OutputStyle))
#28 C:\\Users\\USER\\Desktop\\BSIT-3A-IPT2\\Restor-Laravel-App\\vendor\\symfony\\console\\Application.php(1110): Illuminate\\Console\\Command->run(Object(Symfony\\Component\\Console\\Input\\ArgvInput), Object(Symfony\\Component\\Console\\Output\\ConsoleOutput))
#29 C:\\Users\\USER\\Desktop\\BSIT-3A-IPT2\\Restor-Laravel-App\\vendor\\symfony\\console\\Application.php(359): Symfony\\Component\\Console\\Application->doRunCommand(Object(Illuminate\\Database\\Console\\Migrations\\MigrateCommand), Object(Symfony\\Component\\Console\\Input\\ArgvInput), Object(Symfony\\Component\\Console\\Output\\ConsoleOutput))
#30 C:\\Users\\USER\\Desktop\\BSIT-3A-IPT2\\Restor-Laravel-App\\vendor\\symfony\\console\\Application.php(194): Symfony\\Component\\Console\\Application->doRun(Object(Symfony\\Component\\Console\\Input\\ArgvInput), Object(Symfony\\Component\\Console\\Output\\ConsoleOutput))
#31 C:\\Users\\USER\\Desktop\\BSIT-3A-IPT2\\Restor-Laravel-App\\vendor\\laravel\\framework\\src\\Illuminate\\Foundation\\Console\\Kernel.php(197): Symfony\\Component\\Console\\Application->run(Object(Symfony\\Component\\Console\\Input\\ArgvInput), Object(Symfony\\Component\\Console\\Output\\ConsoleOutput))
#32 C:\\Users\\USER\\Desktop\\BSIT-3A-IPT2\\Restor-Laravel-App\\vendor\\laravel\\framework\\src\\Illuminate\\Foundation\\Application.php(1235): Illuminate\\Foundation\\Console\\Kernel->handle(Object(Symfony\\Component\\Console\\Input\\ArgvInput), Object(Symfony\\Component\\Console\\Output\\ConsoleOutput))
#33 C:\\Users\\USER\\Desktop\\BSIT-3A-IPT2\\Restor-Laravel-App\\artisan(16): Illuminate\\Foundation\\Application->handleCommand(Object(Symfony\\Component\\Console\\Input\\ArgvInput))
#34 {main}

[previous exception] [object] (PDOException(code: 42S21): SQLSTATE[42S21]: Column already exists: 1060 Duplicate column name 'profile_photo_path' at C:\\Users\\USER\\Desktop\\BSIT-3A-IPT2\\Restor-Laravel-App\\vendor\\laravel\\framework\\src\\Illuminate\\Database\\Connection.php:570)
[stacktrace]
#0 C:\\Users\\USER\\Desktop\\BSIT-3A-IPT2\\Restor-Laravel-App\\vendor\\laravel\\framework\\src\\Illuminate\\Database\\Connection.php(570): PDOStatement->execute()
#1 C:\\Users\\USER\\Desktop\\BSIT-3A-IPT2\\Restor-Laravel-App\\vendor\\laravel\\framework\\src\\Illuminate\\Database\\Connection.php(811): Illuminate\\Database\\Connection->Illuminate\\Database\\{closure}('alter table `us...', Array)
#2 C:\\Users\\USER\\Desktop\\BSIT-3A-IPT2\\Restor-Laravel-App\\vendor\\laravel\\framework\\src\\Illuminate\\Database\\Connection.php(778): Illuminate\\Database\\Connection->runQueryCallback('alter table `us...', Array, Object(Closure))
#3 C:\\Users\\USER\\Desktop\\BSIT-3A-IPT2\\Restor-Laravel-App\\vendor\\laravel\\framework\\src\\Illuminate\\Database\\Connection.php(559): Illuminate\\Database\\Connection->run('alter table `us...', Array, Object(Closure))
#4 C:\\Users\\USER\\Desktop\\BSIT-3A-IPT2\\Restor-Laravel-App\\vendor\\laravel\\framework\\src\\Illuminate\\Database\\Schema\\Blueprint.php(121): Illuminate\\Database\\Connection->statement('alter table `us...')
#5 C:\\Users\\USER\\Desktop\\BSIT-3A-IPT2\\Restor-Laravel-App\\vendor\\laravel\\framework\\src\\Illuminate\\Database\\Schema\\Builder.php(618): Illuminate\\Database\\Schema\\Blueprint->build()
#6 C:\\Users\\USER\\Desktop\\BSIT-3A-IPT2\\Restor-Laravel-App\\vendor\\laravel\\framework\\src\\Illuminate\\Database\\Schema\\Builder.php(460): Illuminate\\Database\\Schema\\Builder->build(Object(Illuminate\\Database\\Schema\\Blueprint))
#7 C:\\Users\\USER\\Desktop\\BSIT-3A-IPT2\\Restor-Laravel-App\\vendor\\laravel\\framework\\src\\Illuminate\\Support\\Facades\\Facade.php(363): Illuminate\\Database\\Schema\\Builder->table('users', Object(Closure))
#8 C:\\Users\\USER\\Desktop\\BSIT-3A-IPT2\\Restor-Laravel-App\\database\\migrations\\2025_10_27_184303_add_profile_photo_path_to_users_table.php(14): Illuminate\\Support\\Facades\\Facade::__callStatic('table', Array)
#9 C:\\Users\\USER\\Desktop\\BSIT-3A-IPT2\\Restor-Laravel-App\\vendor\\laravel\\framework\\src\\Illuminate\\Database\\Migrations\\Migrator.php(514): Illuminate\\Database\\Migrations\\Migration@anonymous->up()
#10 C:\\Users\\USER\\Desktop\\BSIT-3A-IPT2\\Restor-Laravel-App\\vendor\\laravel\\framework\\src\\Illuminate\\Database\\Migrations\\Migrator.php(439): Illuminate\\Database\\Migrations\\Migrator->runMethod(Object(Illuminate\\Database\\MySqlConnection), Object(Illuminate\\Database\\Migrations\\Migration@anonymous), 'up')
#11 C:\\Users\\USER\\Desktop\\BSIT-3A-IPT2\\Restor-Laravel-App\\vendor\\laravel\\framework\\src\\Illuminate\\Database\\Migrations\\Migrator.php(448): Illuminate\\Database\\Migrations\\Migrator->Illuminate\\Database\\Migrations\\{closure}()
#12 C:\\Users\\USER\\Desktop\\BSIT-3A-IPT2\\Restor-Laravel-App\\vendor\\laravel\\framework\\src\\Illuminate\\Database\\Migrations\\Migrator.php(250): Illuminate\\Database\\Migrations\\Migrator->runMigration(Object(Illuminate\\Database\\Migrations\\Migration@anonymous), 'up')
#13 C:\\Users\\USER\\Desktop\\BSIT-3A-IPT2\\Restor-Laravel-App\\vendor\\laravel\\framework\\src\\Illuminate\\Console\\View\\Components\\Task.php(41): Illuminate\\Database\\Migrations\\Migrator->Illuminate\\Database\\Migrations\\{closure}()
#14 C:\\Users\\USER\\Desktop\\BSIT-3A-IPT2\\Restor-Laravel-App\\vendor\\laravel\\framework\\src\\Illuminate\\Database\\Migrations\\Migrator.php(809): Illuminate\\Console\\View\\Components\\Task->render('2025_10_27_1843...', Object(Closure))
#15 C:\\Users\\USER\\Desktop\\BSIT-3A-IPT2\\Restor-Laravel-App\\vendor\\laravel\\framework\\src\\Illuminate\\Database\\Migrations\\Migrator.php(250): Illuminate\\Database\\Migrations\\Migrator->write('Illuminate\\\\Cons...', '2025_10_27_1843...', Object(Closure))
#16 C:\\Users\\USER\\Desktop\\BSIT-3A-IPT2\\Restor-Laravel-App\\vendor\\laravel\\framework\\src\\Illuminate\\Database\\Migrations\\Migrator.php(210): Illuminate\\Database\\Migrations\\Migrator->runUp('C:\\\\Users\\\\USER\\\\D...', 3, false)
#17 C:\\Users\\USER\\Desktop\\BSIT-3A-IPT2\\Restor-Laravel-App\\vendor\\laravel\\framework\\src\\Illuminate\\Database\\Migrations\\Migrator.php(137): Illuminate\\Database\\Migrations\\Migrator->runPending(Array, Array)
#18 C:\\Users\\USER\\Desktop\\BSIT-3A-IPT2\\Restor-Laravel-App\\vendor\\laravel\\framework\\src\\Illuminate\\Database\\Console\\Migrations\\MigrateCommand.php(116): Illuminate\\Database\\Migrations\\Migrator->run(Array, Array)
#19 C:\\Users\\USER\\Desktop\\BSIT-3A-IPT2\\Restor-Laravel-App\\vendor\\laravel\\framework\\src\\Illuminate\\Database\\Migrations\\Migrator.php(666): Illuminate\\Database\\Console\\Migrations\\MigrateCommand->Illuminate\\Database\\Console\\Migrations\\{closure}()
#20 C:\\Users\\USER\\Desktop\\BSIT-3A-IPT2\\Restor-Laravel-App\\vendor\\laravel\\framework\\src\\Illuminate\\Database\\Console\\Migrations\\MigrateCommand.php(109): Illuminate\\Database\\Migrations\\Migrator->usingConnection(NULL, Object(Closure))
#21 C:\\Users\\USER\\Desktop\\BSIT-3A-IPT2\\Restor-Laravel-App\\vendor\\laravel\\framework\\src\\Illuminate\\Database\\Console\\Migrations\\MigrateCommand.php(88): Illuminate\\Database\\Console\\Migrations\\MigrateCommand->runMigrations()
#22 C:\\Users\\USER\\Desktop\\BSIT-3A-IPT2\\Restor-Laravel-App\\vendor\\laravel\\framework\\src\\Illuminate\\Container\\BoundMethod.php(36): Illuminate\\Database\\Console\\Migrations\\MigrateCommand->handle()
#23 C:\\Users\\USER\\Desktop\\BSIT-3A-IPT2\\Restor-Laravel-App\\vendor\\laravel\\framework\\src\\Illuminate\\Container\\Util.php(43): Illuminate\\Container\\BoundMethod::Illuminate\\Container\\{closure}()
#24 C:\\Users\\USER\\Desktop\\BSIT-3A-IPT2\\Restor-Laravel-App\\vendor\\laravel\\framework\\src\\Illuminate\\Container\\BoundMethod.php(96): Illuminate\\Container\\Util::unwrapIfClosure(Object(Closure))
#25 C:\\Users\\USER\\Desktop\\BSIT-3A-IPT2\\Restor-Laravel-App\\vendor\\laravel\\framework\\src\\Illuminate\\Container\\BoundMethod.php(35): Illuminate\\Container\\BoundMethod::callBoundMethod(Object(Illuminate\\Foundation\\Application), Array, Object(Closure))
#26 C:\\Users\\USER\\Desktop\\BSIT-3A-IPT2\\Restor-Laravel-App\\vendor\\laravel\\framework\\src\\Illuminate\\Container\\Container.php(836): Illuminate\\Container\\BoundMethod::call(Object(Illuminate\\Foundation\\Application), Array, Array, NULL)
#27 C:\\Users\\USER\\Desktop\\BSIT-3A-IPT2\\Restor-Laravel-App\\vendor\\laravel\\framework\\src\\Illuminate\\Console\\Command.php(211): Illuminate\\Container\\Container->call(Array)
#28 C:\\Users\\USER\\Desktop\\BSIT-3A-IPT2\\Restor-Laravel-App\\vendor\\symfony\\console\\Command\\Command.php(318): Illuminate\\Console\\Command->execute(Object(Symfony\\Component\\Console\\Input\\ArgvInput), Object(Illuminate\\Console\\OutputStyle))
#29 C:\\Users\\USER\\Desktop\\BSIT-3A-IPT2\\Restor-Laravel-App\\vendor\\laravel\\framework\\src\\Illuminate\\Console\\Command.php(180): Symfony\\Component\\Console\\Command\\Command->run(Object(Symfony\\Component\\Console\\Input\\ArgvInput), Object(Illuminate\\Console\\OutputStyle))
#30 C:\\Users\\USER\\Desktop\\BSIT-3A-IPT2\\Restor-Laravel-App\\vendor\\symfony\\console\\Application.php(1110): Illuminate\\Console\\Command->run(Object(Symfony\\Component\\Console\\Input\\ArgvInput), Object(Symfony\\Component\\Console\\Output\\ConsoleOutput))
#31 C:\\Users\\USER\\Desktop\\BSIT-3A-IPT2\\Restor-Laravel-App\\vendor\\symfony\\console\\Application.php(359): Symfony\\Component\\Console\\Application->doRunCommand(Object(Illuminate\\Database\\Console\\Migrations\\MigrateCommand), Object(Symfony\\Component\\Console\\Input\\ArgvInput), Object(Symfony\\Component\\Console\\Output\\ConsoleOutput))
#32 C:\\Users\\USER\\Desktop\\BSIT-3A-IPT2\\Restor-Laravel-App\\vendor\\symfony\\console\\Application.php(194): Symfony\\Component\\Console\\Application->doRun(Object(Symfony\\Component\\Console\\Input\\ArgvInput), Object(Symfony\\Component\\Console\\Output\\ConsoleOutput))
#33 C:\\Users\\USER\\Desktop\\BSIT-3A-IPT2\\Restor-Laravel-App\\vendor\\laravel\\framework\\src\\Illuminate\\Foundation\\Console\\Kernel.php(197): Symfony\\Component\\Console\\Application->run(Object(Symfony\\Component\\Console\\Input\\ArgvInput), Object(Symfony\\Component\\Console\\Output\\ConsoleOutput))
#34 C:\\Users\\USER\\Desktop\\BSIT-3A-IPT2\\Restor-Laravel-App\\vendor\\laravel\\framework\\src\\Illuminate\\Foundation\\Application.php(1235): Illuminate\\Foundation\\Console\\Kernel->handle(Object(Symfony\\Component\\Console\\Input\\ArgvInput), Object(Symfony\\Component\\Console\\Output\\ConsoleOutput))
#35 C:\\Users\\USER\\Desktop\\BSIT-3A-IPT2\\Restor-Laravel-App\\artisan(16): Illuminate\\Foundation\\Application->handleCommand(Object(Symfony\\Component\\Console\\Input\\ArgvInput))
#36 {main}
"} 
[2025-10-27 18:45:08] local.ERROR: SQLSTATE[42S21]: Column already exists: 1060 Duplicate column name 'profile_photo_path' (Connection: mysql, SQL: alter table `users` add `profile_photo_path` varchar(255) null after `email`) {"exception":"[object] (Illuminate\\Database\\QueryException(code: 42S21): SQLSTATE[42S21]: Column already exists: 1060 Duplicate column name 'profile_photo_path' (Connection: mysql, SQL: alter table `users` add `profile_photo_path` varchar(255) null after `email`) at C:\\Users\\USER\\Desktop\\BSIT-3A-IPT2\\Restor-Laravel-App\\vendor\\laravel\\framework\\src\\Illuminate\\Database\\Connection.php:824)
[stacktrace]
#0 C:\\Users\\USER\\Desktop\\BSIT-3A-IPT2\\Restor-Laravel-App\\vendor\\laravel\\framework\\src\\Illuminate\\Database\\Connection.php(778): Illuminate\\Database\\Connection->runQueryCallback('alter table `us...', Array, Object(Closure))
#1 C:\\Users\\USER\\Desktop\\BSIT-3A-IPT2\\Restor-Laravel-App\\vendor\\laravel\\framework\\src\\Illuminate\\Database\\Connection.php(559): Illuminate\\Database\\Connection->run('alter table `us...', Array, Object(Closure))
#2 C:\\Users\\USER\\Desktop\\BSIT-3A-IPT2\\Restor-Laravel-App\\vendor\\laravel\\framework\\src\\Illuminate\\Database\\Schema\\Blueprint.php(121): Illuminate\\Database\\Connection->statement('alter table `us...')
#3 C:\\Users\\USER\\Desktop\\BSIT-3A-IPT2\\Restor-Laravel-App\\vendor\\laravel\\framework\\src\\Illuminate\\Database\\Schema\\Builder.php(618): Illuminate\\Database\\Schema\\Blueprint->build()
#4 C:\\Users\\USER\\Desktop\\BSIT-3A-IPT2\\Restor-Laravel-App\\vendor\\laravel\\framework\\src\\Illuminate\\Database\\Schema\\Builder.php(460): Illuminate\\Database\\Schema\\Builder->build(Object(Illuminate\\Database\\Schema\\Blueprint))
#5 C:\\Users\\USER\\Desktop\\BSIT-3A-IPT2\\Restor-Laravel-App\\vendor\\laravel\\framework\\src\\Illuminate\\Support\\Facades\\Facade.php(363): Illuminate\\Database\\Schema\\Builder->table('users', Object(Closure))
#6 C:\\Users\\USER\\Desktop\\BSIT-3A-IPT2\\Restor-Laravel-App\\database\\migrations\\2025_10_27_184303_add_profile_photo_path_to_users_table.php(14): Illuminate\\Support\\Facades\\Facade::__callStatic('table', Array)
#7 C:\\Users\\USER\\Desktop\\BSIT-3A-IPT2\\Restor-Laravel-App\\vendor\\laravel\\framework\\src\\Illuminate\\Database\\Migrations\\Migrator.php(514): Illuminate\\Database\\Migrations\\Migration@anonymous->up()
#8 C:\\Users\\USER\\Desktop\\BSIT-3A-IPT2\\Restor-Laravel-App\\vendor\\laravel\\framework\\src\\Illuminate\\Database\\Migrations\\Migrator.php(439): Illuminate\\Database\\Migrations\\Migrator->runMethod(Object(Illuminate\\Database\\MySqlConnection), Object(Illuminate\\Database\\Migrations\\Migration@anonymous), 'up')
#9 C:\\Users\\USER\\Desktop\\BSIT-3A-IPT2\\Restor-Laravel-App\\vendor\\laravel\\framework\\src\\Illuminate\\Database\\Migrations\\Migrator.php(448): Illuminate\\Database\\Migrations\\Migrator->Illuminate\\Database\\Migrations\\{closure}()
#10 C:\\Users\\USER\\Desktop\\BSIT-3A-IPT2\\Restor-Laravel-App\\vendor\\laravel\\framework\\src\\Illuminate\\Database\\Migrations\\Migrator.php(250): Illuminate\\Database\\Migrations\\Migrator->runMigration(Object(Illuminate\\Database\\Migrations\\Migration@anonymous), 'up')
#11 C:\\Users\\USER\\Desktop\\BSIT-3A-IPT2\\Restor-Laravel-App\\vendor\\laravel\\framework\\src\\Illuminate\\Console\\View\\Components\\Task.php(41): Illuminate\\Database\\Migrations\\Migrator->Illuminate\\Database\\Migrations\\{closure}()
#12 C:\\Users\\USER\\Desktop\\BSIT-3A-IPT2\\Restor-Laravel-App\\vendor\\laravel\\framework\\src\\Illuminate\\Database\\Migrations\\Migrator.php(809): Illuminate\\Console\\View\\Components\\Task->render('2025_10_27_1843...', Object(Closure))
#13 C:\\Users\\USER\\Desktop\\BSIT-3A-IPT2\\Restor-Laravel-App\\vendor\\laravel\\framework\\src\\Illuminate\\Database\\Migrations\\Migrator.php(250): Illuminate\\Database\\Migrations\\Migrator->write('Illuminate\\\\Cons...', '2025_10_27_1843...', Object(Closure))
#14 C:\\Users\\USER\\Desktop\\BSIT-3A-IPT2\\Restor-Laravel-App\\vendor\\laravel\\framework\\src\\Illuminate\\Database\\Migrations\\Migrator.php(210): Illuminate\\Database\\Migrations\\Migrator->runUp('C:\\\\Users\\\\USER\\\\D...', 2, false)
#15 C:\\Users\\USER\\Desktop\\BSIT-3A-IPT2\\Restor-Laravel-App\\vendor\\laravel\\framework\\src\\Illuminate\\Database\\Migrations\\Migrator.php(137): Illuminate\\Database\\Migrations\\Migrator->runPending(Array, Array)
#16 C:\\Users\\USER\\Desktop\\BSIT-3A-IPT2\\Restor-Laravel-App\\vendor\\laravel\\framework\\src\\Illuminate\\Database\\Console\\Migrations\\MigrateCommand.php(116): Illuminate\\Database\\Migrations\\Migrator->run(Array, Array)
#17 C:\\Users\\USER\\Desktop\\BSIT-3A-IPT2\\Restor-Laravel-App\\vendor\\laravel\\framework\\src\\Illuminate\\Database\\Migrations\\Migrator.php(666): Illuminate\\Database\\Console\\Migrations\\MigrateCommand->Illuminate\\Database\\Console\\Migrations\\{closure}()
#18 C:\\Users\\USER\\Desktop\\BSIT-3A-IPT2\\Restor-Laravel-App\\vendor\\laravel\\framework\\src\\Illuminate\\Database\\Console\\Migrations\\MigrateCommand.php(109): Illuminate\\Database\\Migrations\\Migrator->usingConnection(NULL, Object(Closure))
#19 C:\\Users\\USER\\Desktop\\BSIT-3A-IPT2\\Restor-Laravel-App\\vendor\\laravel\\framework\\src\\Illuminate\\Database\\Console\\Migrations\\MigrateCommand.php(88): Illuminate\\Database\\Console\\Migrations\\MigrateCommand->runMigrations()
#20 C:\\Users\\USER\\Desktop\\BSIT-3A-IPT2\\Restor-Laravel-App\\vendor\\laravel\\framework\\src\\Illuminate\\Container\\BoundMethod.php(36): Illuminate\\Database\\Console\\Migrations\\MigrateCommand->handle()
#21 C:\\Users\\USER\\Desktop\\BSIT-3A-IPT2\\Restor-Laravel-App\\vendor\\laravel\\framework\\src\\Illuminate\\Container\\Util.php(43): Illuminate\\Container\\BoundMethod::Illuminate\\Container\\{closure}()
#22 C:\\Users\\USER\\Desktop\\BSIT-3A-IPT2\\Restor-Laravel-App\\vendor\\laravel\\framework\\src\\Illuminate\\Container\\BoundMethod.php(96): Illuminate\\Container\\Util::unwrapIfClosure(Object(Closure))
#23 C:\\Users\\USER\\Desktop\\BSIT-3A-IPT2\\Restor-Laravel-App\\vendor\\laravel\\framework\\src\\Illuminate\\Container\\BoundMethod.php(35): Illuminate\\Container\\BoundMethod::callBoundMethod(Object(Illuminate\\Foundation\\Application), Array, Object(Closure))
#24 C:\\Users\\USER\\Desktop\\BSIT-3A-IPT2\\Restor-Laravel-App\\vendor\\laravel\\framework\\src\\Illuminate\\Container\\Container.php(836): Illuminate\\Container\\BoundMethod::call(Object(Illuminate\\Foundation\\Application), Array, Array, NULL)
#25 C:\\Users\\USER\\Desktop\\BSIT-3A-IPT2\\Restor-Laravel-App\\vendor\\laravel\\framework\\src\\Illuminate\\Console\\Command.php(211): Illuminate\\Container\\Container->call(Array)
#26 C:\\Users\\USER\\Desktop\\BSIT-3A-IPT2\\Restor-Laravel-App\\vendor\\symfony\\console\\Command\\Command.php(318): Illuminate\\Console\\Command->execute(Object(Symfony\\Component\\Console\\Input\\ArgvInput), Object(Illuminate\\Console\\OutputStyle))
#27 C:\\Users\\USER\\Desktop\\BSIT-3A-IPT2\\Restor-Laravel-App\\vendor\\laravel\\framework\\src\\Illuminate\\Console\\Command.php(180): Symfony\\Component\\Console\\Command\\Command->run(Object(Symfony\\Component\\Console\\Input\\ArgvInput), Object(Illuminate\\Console\\OutputStyle))
#28 C:\\Users\\USER\\Desktop\\BSIT-3A-IPT2\\Restor-Laravel-App\\vendor\\symfony\\console\\Application.php(1110): Illuminate\\Console\\Command->run(Object(Symfony\\Component\\Console\\Input\\ArgvInput), Object(Symfony\\Component\\Console\\Output\\ConsoleOutput))
#29 C:\\Users\\USER\\Desktop\\BSIT-3A-IPT2\\Restor-Laravel-App\\vendor\\symfony\\console\\Application.php(359): Symfony\\Component\\Console\\Application->doRunCommand(Object(Illuminate\\Database\\Console\\Migrations\\MigrateCommand), Object(Symfony\\Component\\Console\\Input\\ArgvInput), Object(Symfony\\Component\\Console\\Output\\ConsoleOutput))
#30 C:\\Users\\USER\\Desktop\\BSIT-3A-IPT2\\Restor-Laravel-App\\vendor\\symfony\\console\\Application.php(194): Symfony\\Component\\Console\\Application->doRun(Object(Symfony\\Component\\Console\\Input\\ArgvInput), Object(Symfony\\Component\\Console\\Output\\ConsoleOutput))
#31 C:\\Users\\USER\\Desktop\\BSIT-3A-IPT2\\Restor-Laravel-App\\vendor\\laravel\\framework\\src\\Illuminate\\Foundation\\Console\\Kernel.php(197): Symfony\\Component\\Console\\Application->run(Object(Symfony\\Component\\Console\\Input\\ArgvInput), Object(Symfony\\Component\\Console\\Output\\ConsoleOutput))
#32 C:\\Users\\USER\\Desktop\\BSIT-3A-IPT2\\Restor-Laravel-App\\vendor\\laravel\\framework\\src\\Illuminate\\Foundation\\Application.php(1235): Illuminate\\Foundation\\Console\\Kernel->handle(Object(Symfony\\Component\\Console\\Input\\ArgvInput), Object(Symfony\\Component\\Console\\Output\\ConsoleOutput))
#33 C:\\Users\\USER\\Desktop\\BSIT-3A-IPT2\\Restor-Laravel-App\\artisan(16): Illuminate\\Foundation\\Application->handleCommand(Object(Symfony\\Component\\Console\\Input\\ArgvInput))
#34 {main}

[previous exception] [object] (PDOException(code: 42S21): SQLSTATE[42S21]: Column already exists: 1060 Duplicate column name 'profile_photo_path' at C:\\Users\\USER\\Desktop\\BSIT-3A-IPT2\\Restor-Laravel-App\\vendor\\laravel\\framework\\src\\Illuminate\\Database\\Connection.php:570)
[stacktrace]
#0 C:\\Users\\USER\\Desktop\\BSIT-3A-IPT2\\Restor-Laravel-App\\vendor\\laravel\\framework\\src\\Illuminate\\Database\\Connection.php(570): PDOStatement->execute()
#1 C:\\Users\\USER\\Desktop\\BSIT-3A-IPT2\\Restor-Laravel-App\\vendor\\laravel\\framework\\src\\Illuminate\\Database\\Connection.php(811): Illuminate\\Database\\Connection->Illuminate\\Database\\{closure}('alter table `us...', Array)
#2 C:\\Users\\USER\\Desktop\\BSIT-3A-IPT2\\Restor-Laravel-App\\vendor\\laravel\\framework\\src\\Illuminate\\Database\\Connection.php(778): Illuminate\\Database\\Connection->runQueryCallback('alter table `us...', Array, Object(Closure))
#3 C:\\Users\\USER\\Desktop\\BSIT-3A-IPT2\\Restor-Laravel-App\\vendor\\laravel\\framework\\src\\Illuminate\\Database\\Connection.php(559): Illuminate\\Database\\Connection->run('alter table `us...', Array, Object(Closure))
#4 C:\\Users\\USER\\Desktop\\BSIT-3A-IPT2\\Restor-Laravel-App\\vendor\\laravel\\framework\\src\\Illuminate\\Database\\Schema\\Blueprint.php(121): Illuminate\\Database\\Connection->statement('alter table `us...')
#5 C:\\Users\\USER\\Desktop\\BSIT-3A-IPT2\\Restor-Laravel-App\\vendor\\laravel\\framework\\src\\Illuminate\\Database\\Schema\\Builder.php(618): Illuminate\\Database\\Schema\\Blueprint->build()
#6 C:\\Users\\USER\\Desktop\\BSIT-3A-IPT2\\Restor-Laravel-App\\vendor\\laravel\\framework\\src\\Illuminate\\Database\\Schema\\Builder.php(460): Illuminate\\Database\\Schema\\Builder->build(Object(Illuminate\\Database\\Schema\\Blueprint))
#7 C:\\Users\\USER\\Desktop\\BSIT-3A-IPT2\\Restor-Laravel-App\\vendor\\laravel\\framework\\src\\Illuminate\\Support\\Facades\\Facade.php(363): Illuminate\\Database\\Schema\\Builder->table('users', Object(Closure))
#8 C:\\Users\\USER\\Desktop\\BSIT-3A-IPT2\\Restor-Laravel-App\\database\\migrations\\2025_10_27_184303_add_profile_photo_path_to_users_table.php(14): Illuminate\\Support\\Facades\\Facade::__callStatic('table', Array)
#9 C:\\Users\\USER\\Desktop\\BSIT-3A-IPT2\\Restor-Laravel-App\\vendor\\laravel\\framework\\src\\Illuminate\\Database\\Migrations\\Migrator.php(514): Illuminate\\Database\\Migrations\\Migration@anonymous->up()
#10 C:\\Users\\USER\\Desktop\\BSIT-3A-IPT2\\Restor-Laravel-App\\vendor\\laravel\\framework\\src\\Illuminate\\Database\\Migrations\\Migrator.php(439): Illuminate\\Database\\Migrations\\Migrator->runMethod(Object(Illuminate\\Database\\MySqlConnection), Object(Illuminate\\Database\\Migrations\\Migration@anonymous), 'up')
#11 C:\\Users\\USER\\Desktop\\BSIT-3A-IPT2\\Restor-Laravel-App\\vendor\\laravel\\framework\\src\\Illuminate\\Database\\Migrations\\Migrator.php(448): Illuminate\\Database\\Migrations\\Migrator->Illuminate\\Database\\Migrations\\{closure}()
#12 C:\\Users\\USER\\Desktop\\BSIT-3A-IPT2\\Restor-Laravel-App\\vendor\\laravel\\framework\\src\\Illuminate\\Database\\Migrations\\Migrator.php(250): Illuminate\\Database\\Migrations\\Migrator->runMigration(Object(Illuminate\\Database\\Migrations\\Migration@anonymous), 'up')
#13 C:\\Users\\USER\\Desktop\\BSIT-3A-IPT2\\Restor-Laravel-App\\vendor\\laravel\\framework\\src\\Illuminate\\Console\\View\\Components\\Task.php(41): Illuminate\\Database\\Migrations\\Migrator->Illuminate\\Database\\Migrations\\{closure}()
#14 C:\\Users\\USER\\Desktop\\BSIT-3A-IPT2\\Restor-Laravel-App\\vendor\\laravel\\framework\\src\\Illuminate\\Database\\Migrations\\Migrator.php(809): Illuminate\\Console\\View\\Components\\Task->render('2025_10_27_1843...', Object(Closure))
#15 C:\\Users\\USER\\Desktop\\BSIT-3A-IPT2\\Restor-Laravel-App\\vendor\\laravel\\framework\\src\\Illuminate\\Database\\Migrations\\Migrator.php(250): Illuminate\\Database\\Migrations\\Migrator->write('Illuminate\\\\Cons...', '2025_10_27_1843...', Object(Closure))
#16 C:\\Users\\USER\\Desktop\\BSIT-3A-IPT2\\Restor-Laravel-App\\vendor\\laravel\\framework\\src\\Illuminate\\Database\\Migrations\\Migrator.php(210): Illuminate\\Database\\Migrations\\Migrator->runUp('C:\\\\Users\\\\USER\\\\D...', 2, false)
#17 C:\\Users\\USER\\Desktop\\BSIT-3A-IPT2\\Restor-Laravel-App\\vendor\\laravel\\framework\\src\\Illuminate\\Database\\Migrations\\Migrator.php(137): Illuminate\\Database\\Migrations\\Migrator->runPending(Array, Array)
#18 C:\\Users\\USER\\Desktop\\BSIT-3A-IPT2\\Restor-Laravel-App\\vendor\\laravel\\framework\\src\\Illuminate\\Database\\Console\\Migrations\\MigrateCommand.php(116): Illuminate\\Database\\Migrations\\Migrator->run(Array, Array)
#19 C:\\Users\\USER\\Desktop\\BSIT-3A-IPT2\\Restor-Laravel-App\\vendor\\laravel\\framework\\src\\Illuminate\\Database\\Migrations\\Migrator.php(666): Illuminate\\Database\\Console\\Migrations\\MigrateCommand->Illuminate\\Database\\Console\\Migrations\\{closure}()
#20 C:\\Users\\USER\\Desktop\\BSIT-3A-IPT2\\Restor-Laravel-App\\vendor\\laravel\\framework\\src\\Illuminate\\Database\\Console\\Migrations\\MigrateCommand.php(109): Illuminate\\Database\\Migrations\\Migrator->usingConnection(NULL, Object(Closure))
#21 C:\\Users\\USER\\Desktop\\BSIT-3A-IPT2\\Restor-Laravel-App\\vendor\\laravel\\framework\\src\\Illuminate\\Database\\Console\\Migrations\\MigrateCommand.php(88): Illuminate\\Database\\Console\\Migrations\\MigrateCommand->runMigrations()
#22 C:\\Users\\USER\\Desktop\\BSIT-3A-IPT2\\Restor-Laravel-App\\vendor\\laravel\\framework\\src\\Illuminate\\Container\\BoundMethod.php(36): Illuminate\\Database\\Console\\Migrations\\MigrateCommand->handle()
#23 C:\\Users\\USER\\Desktop\\BSIT-3A-IPT2\\Restor-Laravel-App\\vendor\\laravel\\framework\\src\\Illuminate\\Container\\Util.php(43): Illuminate\\Container\\BoundMethod::Illuminate\\Container\\{closure}()
#24 C:\\Users\\USER\\Desktop\\BSIT-3A-IPT2\\Restor-Laravel-App\\vendor\\laravel\\framework\\src\\Illuminate\\Container\\BoundMethod.php(96): Illuminate\\Container\\Util::unwrapIfClosure(Object(Closure))
#25 C:\\Users\\USER\\Desktop\\BSIT-3A-IPT2\\Restor-Laravel-App\\vendor\\laravel\\framework\\src\\Illuminate\\Container\\BoundMethod.php(35): Illuminate\\Container\\BoundMethod::callBoundMethod(Object(Illuminate\\Foundation\\Application), Array, Object(Closure))
#26 C:\\Users\\USER\\Desktop\\BSIT-3A-IPT2\\Restor-Laravel-App\\vendor\\laravel\\framework\\src\\Illuminate\\Container\\Container.php(836): Illuminate\\Container\\BoundMethod::call(Object(Illuminate\\Foundation\\Application), Array, Array, NULL)
#27 C:\\Users\\USER\\Desktop\\BSIT-3A-IPT2\\Restor-Laravel-App\\vendor\\laravel\\framework\\src\\Illuminate\\Console\\Command.php(211): Illuminate\\Container\\Container->call(Array)
#28 C:\\Users\\USER\\Desktop\\BSIT-3A-IPT2\\Restor-Laravel-App\\vendor\\symfony\\console\\Command\\Command.php(318): Illuminate\\Console\\Command->execute(Object(Symfony\\Component\\Console\\Input\\ArgvInput), Object(Illuminate\\Console\\OutputStyle))
#29 C:\\Users\\USER\\Desktop\\BSIT-3A-IPT2\\Restor-Laravel-App\\vendor\\laravel\\framework\\src\\Illuminate\\Console\\Command.php(180): Symfony\\Component\\Console\\Command\\Command->run(Object(Symfony\\Component\\Console\\Input\\ArgvInput), Object(Illuminate\\Console\\OutputStyle))
#30 C:\\Users\\USER\\Desktop\\BSIT-3A-IPT2\\Restor-Laravel-App\\vendor\\symfony\\console\\Application.php(1110): Illuminate\\Console\\Command->run(Object(Symfony\\Component\\Console\\Input\\ArgvInput), Object(Symfony\\Component\\Console\\Output\\ConsoleOutput))
#31 C:\\Users\\USER\\Desktop\\BSIT-3A-IPT2\\Restor-Laravel-App\\vendor\\symfony\\console\\Application.php(359): Symfony\\Component\\Console\\Application->doRunCommand(Object(Illuminate\\Database\\Console\\Migrations\\MigrateCommand), Object(Symfony\\Component\\Console\\Input\\ArgvInput), Object(Symfony\\Component\\Console\\Output\\ConsoleOutput))
#32 C:\\Users\\USER\\Desktop\\BSIT-3A-IPT2\\Restor-Laravel-App\\vendor\\symfony\\console\\Application.php(194): Symfony\\Component\\Console\\Application->doRun(Object(Symfony\\Component\\Console\\Input\\ArgvInput), Object(Symfony\\Component\\Console\\Output\\ConsoleOutput))
#33 C:\\Users\\USER\\Desktop\\BSIT-3A-IPT2\\Restor-Laravel-App\\vendor\\laravel\\framework\\src\\Illuminate\\Foundation\\Console\\Kernel.php(197): Symfony\\Component\\Console\\Application->run(Object(Symfony\\Component\\Console\\Input\\ArgvInput), Object(Symfony\\Component\\Console\\Output\\ConsoleOutput))
#34 C:\\Users\\USER\\Desktop\\BSIT-3A-IPT2\\Restor-Laravel-App\\vendor\\laravel\\framework\\src\\Illuminate\\Foundation\\Application.php(1235): Illuminate\\Foundation\\Console\\Kernel->handle(Object(Symfony\\Component\\Console\\Input\\ArgvInput), Object(Symfony\\Component\\Console\\Output\\ConsoleOutput))
#35 C:\\Users\\USER\\Desktop\\BSIT-3A-IPT2\\Restor-Laravel-App\\artisan(16): Illuminate\\Foundation\\Application->handleCommand(Object(Symfony\\Component\\Console\\Input\\ArgvInput))
#36 {main}
"} 
[2025-10-27 18:45:33] local.ERROR: Command "migrate:statud" is not defined.

Did you mean one of these?
    migrate
    migrate:fresh
    migrate:install
    migrate:refresh
    migrate:reset
    migrate:rollback
    migrate:status {"exception":"[object] (Symfony\\Component\\Console\\Exception\\CommandNotFoundException(code: 0): Command \"migrate:statud\" is not defined.

Did you mean one of these?
    migrate
    migrate:fresh
    migrate:install
    migrate:refresh
    migrate:reset
    migrate:rollback
    migrate:status at C:\\Users\\USER\\Desktop\\BSIT-3A-IPT2\\Restor-Laravel-App\\vendor\\symfony\\console\\Application.php:743)
[stacktrace]
#0 C:\\Users\\USER\\Desktop\\BSIT-3A-IPT2\\Restor-Laravel-App\\vendor\\symfony\\console\\Application.php(301): Symfony\\Component\\Console\\Application->find('migrate:statud')
#1 C:\\Users\\USER\\Desktop\\BSIT-3A-IPT2\\Restor-Laravel-App\\vendor\\symfony\\console\\Application.php(194): Symfony\\Component\\Console\\Application->doRun(Object(Symfony\\Component\\Console\\Input\\ArgvInput), Object(Symfony\\Component\\Console\\Output\\ConsoleOutput))
#2 C:\\Users\\USER\\Desktop\\BSIT-3A-IPT2\\Restor-Laravel-App\\vendor\\laravel\\framework\\src\\Illuminate\\Foundation\\Console\\Kernel.php(197): Symfony\\Component\\Console\\Application->run(Object(Symfony\\Component\\Console\\Input\\ArgvInput), Object(Symfony\\Component\\Console\\Output\\ConsoleOutput))
#3 C:\\Users\\USER\\Desktop\\BSIT-3A-IPT2\\Restor-Laravel-App\\vendor\\laravel\\framework\\src\\Illuminate\\Foundation\\Application.php(1235): Illuminate\\Foundation\\Console\\Kernel->handle(Object(Symfony\\Component\\Console\\Input\\ArgvInput), Object(Symfony\\Component\\Console\\Output\\ConsoleOutput))
#4 C:\\Users\\USER\\Desktop\\BSIT-3A-IPT2\\Restor-Laravel-App\\artisan(16): Illuminate\\Foundation\\Application->handleCommand(Object(Symfony\\Component\\Console\\Input\\ArgvInput))
#5 {main}
"} 
[2025-10-27 18:46:18] local.ERROR: SQLSTATE[42S21]: Column already exists: 1060 Duplicate column name 'profile_photo_path' (Connection: mysql, SQL: alter table `users` add `profile_photo_path` varchar(255) null after `email`) {"exception":"[object] (Illuminate\\Database\\QueryException(code: 42S21): SQLSTATE[42S21]: Column already exists: 1060 Duplicate column name 'profile_photo_path' (Connection: mysql, SQL: alter table `users` add `profile_photo_path` varchar(255) null after `email`) at C:\\Users\\USER\\Desktop\\BSIT-3A-IPT2\\Restor-Laravel-App\\vendor\\laravel\\framework\\src\\Illuminate\\Database\\Connection.php:824)
[stacktrace]
#0 C:\\Users\\USER\\Desktop\\BSIT-3A-IPT2\\Restor-Laravel-App\\vendor\\laravel\\framework\\src\\Illuminate\\Database\\Connection.php(778): Illuminate\\Database\\Connection->runQueryCallback('alter table `us...', Array, Object(Closure))
#1 C:\\Users\\USER\\Desktop\\BSIT-3A-IPT2\\Restor-Laravel-App\\vendor\\laravel\\framework\\src\\Illuminate\\Database\\Connection.php(559): Illuminate\\Database\\Connection->run('alter table `us...', Array, Object(Closure))
#2 C:\\Users\\USER\\Desktop\\BSIT-3A-IPT2\\Restor-Laravel-App\\vendor\\laravel\\framework\\src\\Illuminate\\Database\\Schema\\Blueprint.php(121): Illuminate\\Database\\Connection->statement('alter table `us...')
#3 C:\\Users\\USER\\Desktop\\BSIT-3A-IPT2\\Restor-Laravel-App\\vendor\\laravel\\framework\\src\\Illuminate\\Database\\Schema\\Builder.php(618): Illuminate\\Database\\Schema\\Blueprint->build()
#4 C:\\Users\\USER\\Desktop\\BSIT-3A-IPT2\\Restor-Laravel-App\\vendor\\laravel\\framework\\src\\Illuminate\\Database\\Schema\\Builder.php(460): Illuminate\\Database\\Schema\\Builder->build(Object(Illuminate\\Database\\Schema\\Blueprint))
#5 C:\\Users\\USER\\Desktop\\BSIT-3A-IPT2\\Restor-Laravel-App\\vendor\\laravel\\framework\\src\\Illuminate\\Support\\Facades\\Facade.php(363): Illuminate\\Database\\Schema\\Builder->table('users', Object(Closure))
#6 C:\\Users\\USER\\Desktop\\BSIT-3A-IPT2\\Restor-Laravel-App\\database\\migrations\\2025_10_27_184303_add_profile_photo_path_to_users_table.php(14): Illuminate\\Support\\Facades\\Facade::__callStatic('table', Array)
#7 C:\\Users\\USER\\Desktop\\BSIT-3A-IPT2\\Restor-Laravel-App\\vendor\\laravel\\framework\\src\\Illuminate\\Database\\Migrations\\Migrator.php(514): Illuminate\\Database\\Migrations\\Migration@anonymous->up()
#8 C:\\Users\\USER\\Desktop\\BSIT-3A-IPT2\\Restor-Laravel-App\\vendor\\laravel\\framework\\src\\Illuminate\\Database\\Migrations\\Migrator.php(439): Illuminate\\Database\\Migrations\\Migrator->runMethod(Object(Illuminate\\Database\\MySqlConnection), Object(Illuminate\\Database\\Migrations\\Migration@anonymous), 'up')
#9 C:\\Users\\USER\\Desktop\\BSIT-3A-IPT2\\Restor-Laravel-App\\vendor\\laravel\\framework\\src\\Illuminate\\Database\\Migrations\\Migrator.php(448): Illuminate\\Database\\Migrations\\Migrator->Illuminate\\Database\\Migrations\\{closure}()
#10 C:\\Users\\USER\\Desktop\\BSIT-3A-IPT2\\Restor-Laravel-App\\vendor\\laravel\\framework\\src\\Illuminate\\Database\\Migrations\\Migrator.php(250): Illuminate\\Database\\Migrations\\Migrator->runMigration(Object(Illuminate\\Database\\Migrations\\Migration@anonymous), 'up')
#11 C:\\Users\\USER\\Desktop\\BSIT-3A-IPT2\\Restor-Laravel-App\\vendor\\laravel\\framework\\src\\Illuminate\\Console\\View\\Components\\Task.php(41): Illuminate\\Database\\Migrations\\Migrator->Illuminate\\Database\\Migrations\\{closure}()
#12 C:\\Users\\USER\\Desktop\\BSIT-3A-IPT2\\Restor-Laravel-App\\vendor\\laravel\\framework\\src\\Illuminate\\Database\\Migrations\\Migrator.php(809): Illuminate\\Console\\View\\Components\\Task->render('2025_10_27_1843...', Object(Closure))
#13 C:\\Users\\USER\\Desktop\\BSIT-3A-IPT2\\Restor-Laravel-App\\vendor\\laravel\\framework\\src\\Illuminate\\Database\\Migrations\\Migrator.php(250): Illuminate\\Database\\Migrations\\Migrator->write('Illuminate\\\\Cons...', '2025_10_27_1843...', Object(Closure))
#14 C:\\Users\\USER\\Desktop\\BSIT-3A-IPT2\\Restor-Laravel-App\\vendor\\laravel\\framework\\src\\Illuminate\\Database\\Migrations\\Migrator.php(210): Illuminate\\Database\\Migrations\\Migrator->runUp('C:\\\\Users\\\\USER\\\\D...', 1, false)
#15 C:\\Users\\USER\\Desktop\\BSIT-3A-IPT2\\Restor-Laravel-App\\vendor\\laravel\\framework\\src\\Illuminate\\Database\\Migrations\\Migrator.php(137): Illuminate\\Database\\Migrations\\Migrator->runPending(Array, Array)
#16 C:\\Users\\USER\\Desktop\\BSIT-3A-IPT2\\Restor-Laravel-App\\vendor\\laravel\\framework\\src\\Illuminate\\Database\\Console\\Migrations\\MigrateCommand.php(116): Illuminate\\Database\\Migrations\\Migrator->run(Array, Array)
#17 C:\\Users\\USER\\Desktop\\BSIT-3A-IPT2\\Restor-Laravel-App\\vendor\\laravel\\framework\\src\\Illuminate\\Database\\Migrations\\Migrator.php(666): Illuminate\\Database\\Console\\Migrations\\MigrateCommand->Illuminate\\Database\\Console\\Migrations\\{closure}()
#18 C:\\Users\\USER\\Desktop\\BSIT-3A-IPT2\\Restor-Laravel-App\\vendor\\laravel\\framework\\src\\Illuminate\\Database\\Console\\Migrations\\MigrateCommand.php(109): Illuminate\\Database\\Migrations\\Migrator->usingConnection(NULL, Object(Closure))
#19 C:\\Users\\USER\\Desktop\\BSIT-3A-IPT2\\Restor-Laravel-App\\vendor\\laravel\\framework\\src\\Illuminate\\Database\\Console\\Migrations\\MigrateCommand.php(88): Illuminate\\Database\\Console\\Migrations\\MigrateCommand->runMigrations()
#20 C:\\Users\\USER\\Desktop\\BSIT-3A-IPT2\\Restor-Laravel-App\\vendor\\laravel\\framework\\src\\Illuminate\\Container\\BoundMethod.php(36): Illuminate\\Database\\Console\\Migrations\\MigrateCommand->handle()
#21 C:\\Users\\USER\\Desktop\\BSIT-3A-IPT2\\Restor-Laravel-App\\vendor\\laravel\\framework\\src\\Illuminate\\Container\\Util.php(43): Illuminate\\Container\\BoundMethod::Illuminate\\Container\\{closure}()
#22 C:\\Users\\USER\\Desktop\\BSIT-3A-IPT2\\Restor-Laravel-App\\vendor\\laravel\\framework\\src\\Illuminate\\Container\\BoundMethod.php(96): Illuminate\\Container\\Util::unwrapIfClosure(Object(Closure))
#23 C:\\Users\\USER\\Desktop\\BSIT-3A-IPT2\\Restor-Laravel-App\\vendor\\laravel\\framework\\src\\Illuminate\\Container\\BoundMethod.php(35): Illuminate\\Container\\BoundMethod::callBoundMethod(Object(Illuminate\\Foundation\\Application), Array, Object(Closure))
#24 C:\\Users\\USER\\Desktop\\BSIT-3A-IPT2\\Restor-Laravel-App\\vendor\\laravel\\framework\\src\\Illuminate\\Container\\Container.php(836): Illuminate\\Container\\BoundMethod::call(Object(Illuminate\\Foundation\\Application), Array, Array, NULL)
#25 C:\\Users\\USER\\Desktop\\BSIT-3A-IPT2\\Restor-Laravel-App\\vendor\\laravel\\framework\\src\\Illuminate\\Console\\Command.php(211): Illuminate\\Container\\Container->call(Array)
#26 C:\\Users\\USER\\Desktop\\BSIT-3A-IPT2\\Restor-Laravel-App\\vendor\\symfony\\console\\Command\\Command.php(318): Illuminate\\Console\\Command->execute(Object(Symfony\\Component\\Console\\Input\\ArgvInput), Object(Illuminate\\Console\\OutputStyle))
#27 C:\\Users\\USER\\Desktop\\BSIT-3A-IPT2\\Restor-Laravel-App\\vendor\\laravel\\framework\\src\\Illuminate\\Console\\Command.php(180): Symfony\\Component\\Console\\Command\\Command->run(Object(Symfony\\Component\\Console\\Input\\ArgvInput), Object(Illuminate\\Console\\OutputStyle))
#28 C:\\Users\\USER\\Desktop\\BSIT-3A-IPT2\\Restor-Laravel-App\\vendor\\symfony\\console\\Application.php(1110): Illuminate\\Console\\Command->run(Object(Symfony\\Component\\Console\\Input\\ArgvInput), Object(Symfony\\Component\\Console\\Output\\ConsoleOutput))
#29 C:\\Users\\USER\\Desktop\\BSIT-3A-IPT2\\Restor-Laravel-App\\vendor\\symfony\\console\\Application.php(359): Symfony\\Component\\Console\\Application->doRunCommand(Object(Illuminate\\Database\\Console\\Migrations\\MigrateCommand), Object(Symfony\\Component\\Console\\Input\\ArgvInput), Object(Symfony\\Component\\Console\\Output\\ConsoleOutput))
#30 C:\\Users\\USER\\Desktop\\BSIT-3A-IPT2\\Restor-Laravel-App\\vendor\\symfony\\console\\Application.php(194): Symfony\\Component\\Console\\Application->doRun(Object(Symfony\\Component\\Console\\Input\\ArgvInput), Object(Symfony\\Component\\Console\\Output\\ConsoleOutput))
#31 C:\\Users\\USER\\Desktop\\BSIT-3A-IPT2\\Restor-Laravel-App\\vendor\\laravel\\framework\\src\\Illuminate\\Foundation\\Console\\Kernel.php(197): Symfony\\Component\\Console\\Application->run(Object(Symfony\\Component\\Console\\Input\\ArgvInput), Object(Symfony\\Component\\Console\\Output\\ConsoleOutput))
#32 C:\\Users\\USER\\Desktop\\BSIT-3A-IPT2\\Restor-Laravel-App\\vendor\\laravel\\framework\\src\\Illuminate\\Foundation\\Application.php(1235): Illuminate\\Foundation\\Console\\Kernel->handle(Object(Symfony\\Component\\Console\\Input\\ArgvInput), Object(Symfony\\Component\\Console\\Output\\ConsoleOutput))
#33 C:\\Users\\USER\\Desktop\\BSIT-3A-IPT2\\Restor-Laravel-App\\artisan(16): Illuminate\\Foundation\\Application->handleCommand(Object(Symfony\\Component\\Console\\Input\\ArgvInput))
#34 {main}

[previous exception] [object] (PDOException(code: 42S21): SQLSTATE[42S21]: Column already exists: 1060 Duplicate column name 'profile_photo_path' at C:\\Users\\USER\\Desktop\\BSIT-3A-IPT2\\Restor-Laravel-App\\vendor\\laravel\\framework\\src\\Illuminate\\Database\\Connection.php:570)
[stacktrace]
#0 C:\\Users\\USER\\Desktop\\BSIT-3A-IPT2\\Restor-Laravel-App\\vendor\\laravel\\framework\\src\\Illuminate\\Database\\Connection.php(570): PDOStatement->execute()
#1 C:\\Users\\USER\\Desktop\\BSIT-3A-IPT2\\Restor-Laravel-App\\vendor\\laravel\\framework\\src\\Illuminate\\Database\\Connection.php(811): Illuminate\\Database\\Connection->Illuminate\\Database\\{closure}('alter table `us...', Array)
#2 C:\\Users\\USER\\Desktop\\BSIT-3A-IPT2\\Restor-Laravel-App\\vendor\\laravel\\framework\\src\\Illuminate\\Database\\Connection.php(778): Illuminate\\Database\\Connection->runQueryCallback('alter table `us...', Array, Object(Closure))
#3 C:\\Users\\USER\\Desktop\\BSIT-3A-IPT2\\Restor-Laravel-App\\vendor\\laravel\\framework\\src\\Illuminate\\Database\\Connection.php(559): Illuminate\\Database\\Connection->run('alter table `us...', Array, Object(Closure))
#4 C:\\Users\\USER\\Desktop\\BSIT-3A-IPT2\\Restor-Laravel-App\\vendor\\laravel\\framework\\src\\Illuminate\\Database\\Schema\\Blueprint.php(121): Illuminate\\Database\\Connection->statement('alter table `us...')
#5 C:\\Users\\USER\\Desktop\\BSIT-3A-IPT2\\Restor-Laravel-App\\vendor\\laravel\\framework\\src\\Illuminate\\Database\\Schema\\Builder.php(618): Illuminate\\Database\\Schema\\Blueprint->build()
#6 C:\\Users\\USER\\Desktop\\BSIT-3A-IPT2\\Restor-Laravel-App\\vendor\\laravel\\framework\\src\\Illuminate\\Database\\Schema\\Builder.php(460): Illuminate\\Database\\Schema\\Builder->build(Object(Illuminate\\Database\\Schema\\Blueprint))
#7 C:\\Users\\USER\\Desktop\\BSIT-3A-IPT2\\Restor-Laravel-App\\vendor\\laravel\\framework\\src\\Illuminate\\Support\\Facades\\Facade.php(363): Illuminate\\Database\\Schema\\Builder->table('users', Object(Closure))
#8 C:\\Users\\USER\\Desktop\\BSIT-3A-IPT2\\Restor-Laravel-App\\database\\migrations\\2025_10_27_184303_add_profile_photo_path_to_users_table.php(14): Illuminate\\Support\\Facades\\Facade::__callStatic('table', Array)
#9 C:\\Users\\USER\\Desktop\\BSIT-3A-IPT2\\Restor-Laravel-App\\vendor\\laravel\\framework\\src\\Illuminate\\Database\\Migrations\\Migrator.php(514): Illuminate\\Database\\Migrations\\Migration@anonymous->up()
#10 C:\\Users\\USER\\Desktop\\BSIT-3A-IPT2\\Restor-Laravel-App\\vendor\\laravel\\framework\\src\\Illuminate\\Database\\Migrations\\Migrator.php(439): Illuminate\\Database\\Migrations\\Migrator->runMethod(Object(Illuminate\\Database\\MySqlConnection), Object(Illuminate\\Database\\Migrations\\Migration@anonymous), 'up')
#11 C:\\Users\\USER\\Desktop\\BSIT-3A-IPT2\\Restor-Laravel-App\\vendor\\laravel\\framework\\src\\Illuminate\\Database\\Migrations\\Migrator.php(448): Illuminate\\Database\\Migrations\\Migrator->Illuminate\\Database\\Migrations\\{closure}()
#12 C:\\Users\\USER\\Desktop\\BSIT-3A-IPT2\\Restor-Laravel-App\\vendor\\laravel\\framework\\src\\Illuminate\\Database\\Migrations\\Migrator.php(250): Illuminate\\Database\\Migrations\\Migrator->runMigration(Object(Illuminate\\Database\\Migrations\\Migration@anonymous), 'up')
#13 C:\\Users\\USER\\Desktop\\BSIT-3A-IPT2\\Restor-Laravel-App\\vendor\\laravel\\framework\\src\\Illuminate\\Console\\View\\Components\\Task.php(41): Illuminate\\Database\\Migrations\\Migrator->Illuminate\\Database\\Migrations\\{closure}()
#14 C:\\Users\\USER\\Desktop\\BSIT-3A-IPT2\\Restor-Laravel-App\\vendor\\laravel\\framework\\src\\Illuminate\\Database\\Migrations\\Migrator.php(809): Illuminate\\Console\\View\\Components\\Task->render('2025_10_27_1843...', Object(Closure))
#15 C:\\Users\\USER\\Desktop\\BSIT-3A-IPT2\\Restor-Laravel-App\\vendor\\laravel\\framework\\src\\Illuminate\\Database\\Migrations\\Migrator.php(250): Illuminate\\Database\\Migrations\\Migrator->write('Illuminate\\\\Cons...', '2025_10_27_1843...', Object(Closure))
#16 C:\\Users\\USER\\Desktop\\BSIT-3A-IPT2\\Restor-Laravel-App\\vendor\\laravel\\framework\\src\\Illuminate\\Database\\Migrations\\Migrator.php(210): Illuminate\\Database\\Migrations\\Migrator->runUp('C:\\\\Users\\\\USER\\\\D...', 1, false)
#17 C:\\Users\\USER\\Desktop\\BSIT-3A-IPT2\\Restor-Laravel-App\\vendor\\laravel\\framework\\src\\Illuminate\\Database\\Migrations\\Migrator.php(137): Illuminate\\Database\\Migrations\\Migrator->runPending(Array, Array)
#18 C:\\Users\\USER\\Desktop\\BSIT-3A-IPT2\\Restor-Laravel-App\\vendor\\laravel\\framework\\src\\Illuminate\\Database\\Console\\Migrations\\MigrateCommand.php(116): Illuminate\\Database\\Migrations\\Migrator->run(Array, Array)
#19 C:\\Users\\USER\\Desktop\\BSIT-3A-IPT2\\Restor-Laravel-App\\vendor\\laravel\\framework\\src\\Illuminate\\Database\\Migrations\\Migrator.php(666): Illuminate\\Database\\Console\\Migrations\\MigrateCommand->Illuminate\\Database\\Console\\Migrations\\{closure}()
#20 C:\\Users\\USER\\Desktop\\BSIT-3A-IPT2\\Restor-Laravel-App\\vendor\\laravel\\framework\\src\\Illuminate\\Database\\Console\\Migrations\\MigrateCommand.php(109): Illuminate\\Database\\Migrations\\Migrator->usingConnection(NULL, Object(Closure))
#21 C:\\Users\\USER\\Desktop\\BSIT-3A-IPT2\\Restor-Laravel-App\\vendor\\laravel\\framework\\src\\Illuminate\\Database\\Console\\Migrations\\MigrateCommand.php(88): Illuminate\\Database\\Console\\Migrations\\MigrateCommand->runMigrations()
#22 C:\\Users\\USER\\Desktop\\BSIT-3A-IPT2\\Restor-Laravel-App\\vendor\\laravel\\framework\\src\\Illuminate\\Container\\BoundMethod.php(36): Illuminate\\Database\\Console\\Migrations\\MigrateCommand->handle()
#23 C:\\Users\\USER\\Desktop\\BSIT-3A-IPT2\\Restor-Laravel-App\\vendor\\laravel\\framework\\src\\Illuminate\\Container\\Util.php(43): Illuminate\\Container\\BoundMethod::Illuminate\\Container\\{closure}()
#24 C:\\Users\\USER\\Desktop\\BSIT-3A-IPT2\\Restor-Laravel-App\\vendor\\laravel\\framework\\src\\Illuminate\\Container\\BoundMethod.php(96): Illuminate\\Container\\Util::unwrapIfClosure(Object(Closure))
#25 C:\\Users\\USER\\Desktop\\BSIT-3A-IPT2\\Restor-Laravel-App\\vendor\\laravel\\framework\\src\\Illuminate\\Container\\BoundMethod.php(35): Illuminate\\Container\\BoundMethod::callBoundMethod(Object(Illuminate\\Foundation\\Application), Array, Object(Closure))
#26 C:\\Users\\USER\\Desktop\\BSIT-3A-IPT2\\Restor-Laravel-App\\vendor\\laravel\\framework\\src\\Illuminate\\Container\\Container.php(836): Illuminate\\Container\\BoundMethod::call(Object(Illuminate\\Foundation\\Application), Array, Array, NULL)
#27 C:\\Users\\USER\\Desktop\\BSIT-3A-IPT2\\Restor-Laravel-App\\vendor\\laravel\\framework\\src\\Illuminate\\Console\\Command.php(211): Illuminate\\Container\\Container->call(Array)
#28 C:\\Users\\USER\\Desktop\\BSIT-3A-IPT2\\Restor-Laravel-App\\vendor\\symfony\\console\\Command\\Command.php(318): Illuminate\\Console\\Command->execute(Object(Symfony\\Component\\Console\\Input\\ArgvInput), Object(Illuminate\\Console\\OutputStyle))
#29 C:\\Users\\USER\\Desktop\\BSIT-3A-IPT2\\Restor-Laravel-App\\vendor\\laravel\\framework\\src\\Illuminate\\Console\\Command.php(180): Symfony\\Component\\Console\\Command\\Command->run(Object(Symfony\\Component\\Console\\Input\\ArgvInput), Object(Illuminate\\Console\\OutputStyle))
#30 C:\\Users\\USER\\Desktop\\BSIT-3A-IPT2\\Restor-Laravel-App\\vendor\\symfony\\console\\Application.php(1110): Illuminate\\Console\\Command->run(Object(Symfony\\Component\\Console\\Input\\ArgvInput), Object(Symfony\\Component\\Console\\Output\\ConsoleOutput))
#31 C:\\Users\\USER\\Desktop\\BSIT-3A-IPT2\\Restor-Laravel-App\\vendor\\symfony\\console\\Application.php(359): Symfony\\Component\\Console\\Application->doRunCommand(Object(Illuminate\\Database\\Console\\Migrations\\MigrateCommand), Object(Symfony\\Component\\Console\\Input\\ArgvInput), Object(Symfony\\Component\\Console\\Output\\ConsoleOutput))
#32 C:\\Users\\USER\\Desktop\\BSIT-3A-IPT2\\Restor-Laravel-App\\vendor\\symfony\\console\\Application.php(194): Symfony\\Component\\Console\\Application->doRun(Object(Symfony\\Component\\Console\\Input\\ArgvInput), Object(Symfony\\Component\\Console\\Output\\ConsoleOutput))
#33 C:\\Users\\USER\\Desktop\\BSIT-3A-IPT2\\Restor-Laravel-App\\vendor\\laravel\\framework\\src\\Illuminate\\Foundation\\Console\\Kernel.php(197): Symfony\\Component\\Console\\Application->run(Object(Symfony\\Component\\Console\\Input\\ArgvInput), Object(Symfony\\Component\\Console\\Output\\ConsoleOutput))
#34 C:\\Users\\USER\\Desktop\\BSIT-3A-IPT2\\Restor-Laravel-App\\vendor\\laravel\\framework\\src\\Illuminate\\Foundation\\Application.php(1235): Illuminate\\Foundation\\Console\\Kernel->handle(Object(Symfony\\Component\\Console\\Input\\ArgvInput), Object(Symfony\\Component\\Console\\Output\\ConsoleOutput))
#35 C:\\Users\\USER\\Desktop\\BSIT-3A-IPT2\\Restor-Laravel-App\\artisan(16): Illuminate\\Foundation\\Application->handleCommand(Object(Symfony\\Component\\Console\\Input\\ArgvInput))
#36 {main}
"} 
[2025-11-02 14:12:00] local.ERROR: syntax error, unexpected end of file, expecting "elseif" or "else" or "endif" (View: C:\Users\USER\Desktop\BSIT-3A-IPT2\Restor-Laravel-App\resources\views\profile\edit.blade.php) {"userId":1,"exception":"[object] (Illuminate\\View\\ViewException(code: 0): syntax error, unexpected end of file, expecting \"elseif\" or \"else\" or \"endif\" (View: C:\\Users\\USER\\Desktop\\BSIT-3A-IPT2\\Restor-Laravel-App\\resources\\views\\profile\\edit.blade.php) at C:\\Users\\USER\\Desktop\\BSIT-3A-IPT2\\Restor-Laravel-App\\storage\\framework\\views\\dda02d0991fc6ec505dd583b4bbbbd0a.php:19)
[stacktrace]
#0 C:\\Users\\USER\\Desktop\\BSIT-3A-IPT2\\Restor-Laravel-App\\vendor\\laravel\\framework\\src\\Illuminate\\View\\Engines\\PhpEngine.php(59): Illuminate\\View\\Engines\\CompilerEngine->handleViewException(Object(ParseError), 1)
#1 C:\\Users\\USER\\Desktop\\BSIT-3A-IPT2\\Restor-Laravel-App\\vendor\\laravel\\framework\\src\\Illuminate\\View\\Engines\\CompilerEngine.php(76): Illuminate\\View\\Engines\\PhpEngine->evaluatePath('C:\\\\Users\\\\USER\\\\D...', Array)
#2 C:\\Users\\USER\\Desktop\\BSIT-3A-IPT2\\Restor-Laravel-App\\vendor\\laravel\\framework\\src\\Illuminate\\View\\View.php(208): Illuminate\\View\\Engines\\CompilerEngine->get('C:\\\\Users\\\\USER\\\\D...', Array)
#3 C:\\Users\\USER\\Desktop\\BSIT-3A-IPT2\\Restor-Laravel-App\\vendor\\laravel\\framework\\src\\Illuminate\\View\\View.php(191): Illuminate\\View\\View->getContents()
#4 C:\\Users\\USER\\Desktop\\BSIT-3A-IPT2\\Restor-Laravel-App\\vendor\\laravel\\framework\\src\\Illuminate\\View\\View.php(160): Illuminate\\View\\View->renderContents()
#5 C:\\Users\\USER\\Desktop\\BSIT-3A-IPT2\\Restor-Laravel-App\\vendor\\laravel\\framework\\src\\Illuminate\\Http\\Response.php(78): Illuminate\\View\\View->render()
#6 C:\\Users\\USER\\Desktop\\BSIT-3A-IPT2\\Restor-Laravel-App\\vendor\\laravel\\framework\\src\\Illuminate\\Http\\Response.php(34): Illuminate\\Http\\Response->setContent(Object(Illuminate\\View\\View))
#7 C:\\Users\\USER\\Desktop\\BSIT-3A-IPT2\\Restor-Laravel-App\\vendor\\laravel\\framework\\src\\Illuminate\\Routing\\Router.php(939): Illuminate\\Http\\Response->__construct(Object(Illuminate\\View\\View), 200, Array)
#8 C:\\Users\\USER\\Desktop\\BSIT-3A-IPT2\\Restor-Laravel-App\\vendor\\laravel\\framework\\src\\Illuminate\\Routing\\Router.php(906): Illuminate\\Routing\\Router::toResponse(Object(Illuminate\\Http\\Request), Object(Illuminate\\View\\View))
#9 C:\\Users\\USER\\Desktop\\BSIT-3A-IPT2\\Restor-Laravel-App\\vendor\\laravel\\framework\\src\\Illuminate\\Routing\\Router.php(821): Illuminate\\Routing\\Router->prepareResponse(Object(Illuminate\\Http\\Request), Object(Illuminate\\View\\View))
#10 C:\\Users\\USER\\Desktop\\BSIT-3A-IPT2\\Restor-Laravel-App\\vendor\\laravel\\framework\\src\\Illuminate\\Pipeline\\Pipeline.php(180): Illuminate\\Routing\\Router->Illuminate\\Routing\\{closure}(Object(Illuminate\\Http\\Request))
#11 C:\\Users\\USER\\Desktop\\BSIT-3A-IPT2\\Restor-Laravel-App\\vendor\\laravel\\framework\\src\\Illuminate\\Routing\\Middleware\\SubstituteBindings.php(50): Illuminate\\Pipeline\\Pipeline->Illuminate\\Pipeline\\{closure}(Object(Illuminate\\Http\\Request))
#12 C:\\Users\\USER\\Desktop\\BSIT-3A-IPT2\\Restor-Laravel-App\\vendor\\laravel\\framework\\src\\Illuminate\\Pipeline\\Pipeline.php(219): Illuminate\\Routing\\Middleware\\SubstituteBindings->handle(Object(Illuminate\\Http\\Request), Object(Closure))
#13 C:\\Users\\USER\\Desktop\\BSIT-3A-IPT2\\Restor-Laravel-App\\vendor\\laravel\\framework\\src\\Illuminate\\Auth\\Middleware\\Authenticate.php(63): Illuminate\\Pipeline\\Pipeline->Illuminate\\Pipeline\\{closure}(Object(Illuminate\\Http\\Request))
#14 C:\\Users\\USER\\Desktop\\BSIT-3A-IPT2\\Restor-Laravel-App\\vendor\\laravel\\framework\\src\\Illuminate\\Pipeline\\Pipeline.php(219): Illuminate\\Auth\\Middleware\\Authenticate->handle(Object(Illuminate\\Http\\Request), Object(Closure))
#15 C:\\Users\\USER\\Desktop\\BSIT-3A-IPT2\\Restor-Laravel-App\\vendor\\laravel\\framework\\src\\Illuminate\\Foundation\\Http\\Middleware\\VerifyCsrfToken.php(87): Illuminate\\Pipeline\\Pipeline->Illuminate\\Pipeline\\{closure}(Object(Illuminate\\Http\\Request))
#16 C:\\Users\\USER\\Desktop\\BSIT-3A-IPT2\\Restor-Laravel-App\\vendor\\laravel\\framework\\src\\Illuminate\\Pipeline\\Pipeline.php(219): Illuminate\\Foundation\\Http\\Middleware\\VerifyCsrfToken->handle(Object(Illuminate\\Http\\Request), Object(Closure))
#17 C:\\Users\\USER\\Desktop\\BSIT-3A-IPT2\\Restor-Laravel-App\\vendor\\laravel\\framework\\src\\Illuminate\\View\\Middleware\\ShareErrorsFromSession.php(48): Illuminate\\Pipeline\\Pipeline->Illuminate\\Pipeline\\{closure}(Object(Illuminate\\Http\\Request))
#18 C:\\Users\\USER\\Desktop\\BSIT-3A-IPT2\\Restor-Laravel-App\\vendor\\laravel\\framework\\src\\Illuminate\\Pipeline\\Pipeline.php(219): Illuminate\\View\\Middleware\\ShareErrorsFromSession->handle(Object(Illuminate\\Http\\Request), Object(Closure))
#19 C:\\Users\\USER\\Desktop\\BSIT-3A-IPT2\\Restor-Laravel-App\\vendor\\laravel\\framework\\src\\Illuminate\\Session\\Middleware\\StartSession.php(120): Illuminate\\Pipeline\\Pipeline->Illuminate\\Pipeline\\{closure}(Object(Illuminate\\Http\\Request))
#20 C:\\Users\\USER\\Desktop\\BSIT-3A-IPT2\\Restor-Laravel-App\\vendor\\laravel\\framework\\src\\Illuminate\\Session\\Middleware\\StartSession.php(63): Illuminate\\Session\\Middleware\\StartSession->handleStatefulRequest(Object(Illuminate\\Http\\Request), Object(Illuminate\\Session\\Store), Object(Closure))
#21 C:\\Users\\USER\\Desktop\\BSIT-3A-IPT2\\Restor-Laravel-App\\vendor\\laravel\\framework\\src\\Illuminate\\Pipeline\\Pipeline.php(219): Illuminate\\Session\\Middleware\\StartSession->handle(Object(Illuminate\\Http\\Request), Object(Closure))
#22 C:\\Users\\USER\\Desktop\\BSIT-3A-IPT2\\Restor-Laravel-App\\vendor\\laravel\\framework\\src\\Illuminate\\Cookie\\Middleware\\AddQueuedCookiesToResponse.php(36): Illuminate\\Pipeline\\Pipeline->Illuminate\\Pipeline\\{closure}(Object(Illuminate\\Http\\Request))
#23 C:\\Users\\USER\\Desktop\\BSIT-3A-IPT2\\Restor-Laravel-App\\vendor\\laravel\\framework\\src\\Illuminate\\Pipeline\\Pipeline.php(219): Illuminate\\Cookie\\Middleware\\AddQueuedCookiesToResponse->handle(Object(Illuminate\\Http\\Request), Object(Closure))
#24 C:\\Users\\USER\\Desktop\\BSIT-3A-IPT2\\Restor-Laravel-App\\vendor\\laravel\\framework\\src\\Illuminate\\Cookie\\Middleware\\EncryptCookies.php(74): Illuminate\\Pipeline\\Pipeline->Illuminate\\Pipeline\\{closure}(Object(Illuminate\\Http\\Request))
#25 C:\\Users\\USER\\Desktop\\BSIT-3A-IPT2\\Restor-Laravel-App\\vendor\\laravel\\framework\\src\\Illuminate\\Pipeline\\Pipeline.php(219): Illuminate\\Cookie\\Middleware\\EncryptCookies->handle(Object(Illuminate\\Http\\Request), Object(Closure))
#26 C:\\Users\\USER\\Desktop\\BSIT-3A-IPT2\\Restor-Laravel-App\\vendor\\laravel\\framework\\src\\Illuminate\\Pipeline\\Pipeline.php(137): Illuminate\\Pipeline\\Pipeline->Illuminate\\Pipeline\\{closure}(Object(Illuminate\\Http\\Request))
#27 C:\\Users\\USER\\Desktop\\BSIT-3A-IPT2\\Restor-Laravel-App\\vendor\\laravel\\framework\\src\\Illuminate\\Routing\\Router.php(821): Illuminate\\Pipeline\\Pipeline->then(Object(Closure))
#28 C:\\Users\\USER\\Desktop\\BSIT-3A-IPT2\\Restor-Laravel-App\\vendor\\laravel\\framework\\src\\Illuminate\\Routing\\Router.php(800): Illuminate\\Routing\\Router->runRouteWithinStack(Object(Illuminate\\Routing\\Route), Object(Illuminate\\Http\\Request))
#29 C:\\Users\\USER\\Desktop\\BSIT-3A-IPT2\\Restor-Laravel-App\\vendor\\laravel\\framework\\src\\Illuminate\\Routing\\Router.php(764): Illuminate\\Routing\\Router->runRoute(Object(Illuminate\\Http\\Request), Object(Illuminate\\Routing\\Route))
#30 C:\\Users\\USER\\Desktop\\BSIT-3A-IPT2\\Restor-Laravel-App\\vendor\\laravel\\framework\\src\\Illuminate\\Routing\\Router.php(753): Illuminate\\Routing\\Router->dispatchToRoute(Object(Illuminate\\Http\\Request))
#31 C:\\Users\\USER\\Desktop\\BSIT-3A-IPT2\\Restor-Laravel-App\\vendor\\laravel\\framework\\src\\Illuminate\\Foundation\\Http\\Kernel.php(200): Illuminate\\Routing\\Router->dispatch(Object(Illuminate\\Http\\Request))
#32 C:\\Users\\USER\\Desktop\\BSIT-3A-IPT2\\Restor-Laravel-App\\vendor\\laravel\\framework\\src\\Illuminate\\Pipeline\\Pipeline.php(180): Illuminate\\Foundation\\Http\\Kernel->Illuminate\\Foundation\\Http\\{closure}(Object(Illuminate\\Http\\Request))
#33 C:\\Users\\USER\\Desktop\\BSIT-3A-IPT2\\Restor-Laravel-App\\vendor\\laravel\\framework\\src\\Illuminate\\Foundation\\Http\\Middleware\\TransformsRequest.php(21): Illuminate\\Pipeline\\Pipeline->Illuminate\\Pipeline\\{closure}(Object(Illuminate\\Http\\Request))
#34 C:\\Users\\USER\\Desktop\\BSIT-3A-IPT2\\Restor-Laravel-App\\vendor\\laravel\\framework\\src\\Illuminate\\Foundation\\Http\\Middleware\\ConvertEmptyStringsToNull.php(31): Illuminate\\Foundation\\Http\\Middleware\\TransformsRequest->handle(Object(Illuminate\\Http\\Request), Object(Closure))
#35 C:\\Users\\USER\\Desktop\\BSIT-3A-IPT2\\Restor-Laravel-App\\vendor\\laravel\\framework\\src\\Illuminate\\Pipeline\\Pipeline.php(219): Illuminate\\Foundation\\Http\\Middleware\\ConvertEmptyStringsToNull->handle(Object(Illuminate\\Http\\Request), Object(Closure))
#36 C:\\Users\\USER\\Desktop\\BSIT-3A-IPT2\\Restor-Laravel-App\\vendor\\laravel\\framework\\src\\Illuminate\\Foundation\\Http\\Middleware\\TransformsRequest.php(21): Illuminate\\Pipeline\\Pipeline->Illuminate\\Pipeline\\{closure}(Object(Illuminate\\Http\\Request))
#37 C:\\Users\\USER\\Desktop\\BSIT-3A-IPT2\\Restor-Laravel-App\\vendor\\laravel\\framework\\src\\Illuminate\\Foundation\\Http\\Middleware\\TrimStrings.php(51): Illuminate\\Foundation\\Http\\Middleware\\TransformsRequest->handle(Object(Illuminate\\Http\\Request), Object(Closure))
#38 C:\\Users\\USER\\Desktop\\BSIT-3A-IPT2\\Restor-Laravel-App\\vendor\\laravel\\framework\\src\\Illuminate\\Pipeline\\Pipeline.php(219): Illuminate\\Foundation\\Http\\Middleware\\TrimStrings->handle(Object(Illuminate\\Http\\Request), Object(Closure))
#39 C:\\Users\\USER\\Desktop\\BSIT-3A-IPT2\\Restor-Laravel-App\\vendor\\laravel\\framework\\src\\Illuminate\\Http\\Middleware\\ValidatePostSize.php(27): Illuminate\\Pipeline\\Pipeline->Illuminate\\Pipeline\\{closure}(Object(Illuminate\\Http\\Request))
#40 C:\\Users\\USER\\Desktop\\BSIT-3A-IPT2\\Restor-Laravel-App\\vendor\\laravel\\framework\\src\\Illuminate\\Pipeline\\Pipeline.php(219): Illuminate\\Http\\Middleware\\ValidatePostSize->handle(Object(Illuminate\\Http\\Request), Object(Closure))
#41 C:\\Users\\USER\\Desktop\\BSIT-3A-IPT2\\Restor-Laravel-App\\vendor\\laravel\\framework\\src\\Illuminate\\Foundation\\Http\\Middleware\\PreventRequestsDuringMaintenance.php(109): Illuminate\\Pipeline\\Pipeline->Illuminate\\Pipeline\\{closure}(Object(Illuminate\\Http\\Request))
#42 C:\\Users\\USER\\Desktop\\BSIT-3A-IPT2\\Restor-Laravel-App\\vendor\\laravel\\framework\\src\\Illuminate\\Pipeline\\Pipeline.php(219): Illuminate\\Foundation\\Http\\Middleware\\PreventRequestsDuringMaintenance->handle(Object(Illuminate\\Http\\Request), Object(Closure))
#43 C:\\Users\\USER\\Desktop\\BSIT-3A-IPT2\\Restor-Laravel-App\\vendor\\laravel\\framework\\src\\Illuminate\\Http\\Middleware\\HandleCors.php(48): Illuminate\\Pipeline\\Pipeline->Illuminate\\Pipeline\\{closure}(Object(Illuminate\\Http\\Request))
#44 C:\\Users\\USER\\Desktop\\BSIT-3A-IPT2\\Restor-Laravel-App\\vendor\\laravel\\framework\\src\\Illuminate\\Pipeline\\Pipeline.php(219): Illuminate\\Http\\Middleware\\HandleCors->handle(Object(Illuminate\\Http\\Request), Object(Closure))
#45 C:\\Users\\USER\\Desktop\\BSIT-3A-IPT2\\Restor-Laravel-App\\vendor\\laravel\\framework\\src\\Illuminate\\Http\\Middleware\\TrustProxies.php(58): Illuminate\\Pipeline\\Pipeline->Illuminate\\Pipeline\\{closure}(Object(Illuminate\\Http\\Request))
#46 C:\\Users\\USER\\Desktop\\BSIT-3A-IPT2\\Restor-Laravel-App\\vendor\\laravel\\framework\\src\\Illuminate\\Pipeline\\Pipeline.php(219): Illuminate\\Http\\Middleware\\TrustProxies->handle(Object(Illuminate\\Http\\Request), Object(Closure))
#47 C:\\Users\\USER\\Desktop\\BSIT-3A-IPT2\\Restor-Laravel-App\\vendor\\laravel\\framework\\src\\Illuminate\\Foundation\\Http\\Middleware\\InvokeDeferredCallbacks.php(22): Illuminate\\Pipeline\\Pipeline->Illuminate\\Pipeline\\{closure}(Object(Illuminate\\Http\\Request))
#48 C:\\Users\\USER\\Desktop\\BSIT-3A-IPT2\\Restor-Laravel-App\\vendor\\laravel\\framework\\src\\Illuminate\\Pipeline\\Pipeline.php(219): Illuminate\\Foundation\\Http\\Middleware\\InvokeDeferredCallbacks->handle(Object(Illuminate\\Http\\Request), Object(Closure))
#49 C:\\Users\\USER\\Desktop\\BSIT-3A-IPT2\\Restor-Laravel-App\\vendor\\laravel\\framework\\src\\Illuminate\\Http\\Middleware\\ValidatePathEncoding.php(26): Illuminate\\Pipeline\\Pipeline->Illuminate\\Pipeline\\{closure}(Object(Illuminate\\Http\\Request))
#50 C:\\Users\\USER\\Desktop\\BSIT-3A-IPT2\\Restor-Laravel-App\\vendor\\laravel\\framework\\src\\Illuminate\\Pipeline\\Pipeline.php(219): Illuminate\\Http\\Middleware\\ValidatePathEncoding->handle(Object(Illuminate\\Http\\Request), Object(Closure))
#51 C:\\Users\\USER\\Desktop\\BSIT-3A-IPT2\\Restor-Laravel-App\\vendor\\laravel\\framework\\src\\Illuminate\\Pipeline\\Pipeline.php(137): Illuminate\\Pipeline\\Pipeline->Illuminate\\Pipeline\\{closure}(Object(Illuminate\\Http\\Request))
#52 C:\\Users\\USER\\Desktop\\BSIT-3A-IPT2\\Restor-Laravel-App\\vendor\\laravel\\framework\\src\\Illuminate\\Foundation\\Http\\Kernel.php(175): Illuminate\\Pipeline\\Pipeline->then(Object(Closure))
#53 C:\\Users\\USER\\Desktop\\BSIT-3A-IPT2\\Restor-Laravel-App\\vendor\\laravel\\framework\\src\\Illuminate\\Foundation\\Http\\Kernel.php(144): Illuminate\\Foundation\\Http\\Kernel->sendRequestThroughRouter(Object(Illuminate\\Http\\Request))
#54 C:\\Users\\USER\\Desktop\\BSIT-3A-IPT2\\Restor-Laravel-App\\vendor\\laravel\\framework\\src\\Illuminate\\Foundation\\Application.php(1220): Illuminate\\Foundation\\Http\\Kernel->handle(Object(Illuminate\\Http\\Request))
#55 C:\\Users\\USER\\Desktop\\BSIT-3A-IPT2\\Restor-Laravel-App\\public\\index.php(20): Illuminate\\Foundation\\Application->handleRequest(Object(Illuminate\\Http\\Request))
#56 C:\\Users\\USER\\Desktop\\BSIT-3A-IPT2\\Restor-Laravel-App\\vendor\\laravel\\framework\\src\\Illuminate\\Foundation\\resources\\server.php(23): require_once('C:\\\\Users\\\\USER\\\\D...')
#57 {main}

[previous exception] [object] (ParseError(code: 0): syntax error, unexpected end of file, expecting \"elseif\" or \"else\" or \"endif\" at C:\\Users\\USER\\Desktop\\BSIT-3A-IPT2\\Restor-Laravel-App\\storage\\framework\\views\\dda02d0991fc6ec505dd583b4bbbbd0a.php:19)
[stacktrace]
#0 C:\\Users\\USER\\Desktop\\BSIT-3A-IPT2\\Restor-Laravel-App\\vendor\\laravel\\framework\\src\\Illuminate\\Filesystem\\Filesystem.php(124): Illuminate\\Filesystem\\Filesystem::Illuminate\\Filesystem\\{closure}()
#1 C:\\Users\\USER\\Desktop\\BSIT-3A-IPT2\\Restor-Laravel-App\\vendor\\laravel\\framework\\src\\Illuminate\\View\\Engines\\PhpEngine.php(57): Illuminate\\Filesystem\\Filesystem->getRequire('C:\\\\Users\\\\USER\\\\D...', Array)
#2 C:\\Users\\USER\\Desktop\\BSIT-3A-IPT2\\Restor-Laravel-App\\vendor\\laravel\\framework\\src\\Illuminate\\View\\Engines\\CompilerEngine.php(76): Illuminate\\View\\Engines\\PhpEngine->evaluatePath('C:\\\\Users\\\\USER\\\\D...', Array)
#3 C:\\Users\\USER\\Desktop\\BSIT-3A-IPT2\\Restor-Laravel-App\\vendor\\laravel\\framework\\src\\Illuminate\\View\\View.php(208): Illuminate\\View\\Engines\\CompilerEngine->get('C:\\\\Users\\\\USER\\\\D...', Array)
#4 C:\\Users\\USER\\Desktop\\BSIT-3A-IPT2\\Restor-Laravel-App\\vendor\\laravel\\framework\\src\\Illuminate\\View\\View.php(191): Illuminate\\View\\View->getContents()
#5 C:\\Users\\USER\\Desktop\\BSIT-3A-IPT2\\Restor-Laravel-App\\vendor\\laravel\\framework\\src\\Illuminate\\View\\View.php(160): Illuminate\\View\\View->renderContents()
#6 C:\\Users\\USER\\Desktop\\BSIT-3A-IPT2\\Restor-Laravel-App\\vendor\\laravel\\framework\\src\\Illuminate\\Http\\Response.php(78): Illuminate\\View\\View->render()
#7 C:\\Users\\USER\\Desktop\\BSIT-3A-IPT2\\Restor-Laravel-App\\vendor\\laravel\\framework\\src\\Illuminate\\Http\\Response.php(34): Illuminate\\Http\\Response->setContent(Object(Illuminate\\View\\View))
#8 C:\\Users\\USER\\Desktop\\BSIT-3A-IPT2\\Restor-Laravel-App\\vendor\\laravel\\framework\\src\\Illuminate\\Routing\\Router.php(939): Illuminate\\Http\\Response->__construct(Object(Illuminate\\View\\View), 200, Array)
#9 C:\\Users\\USER\\Desktop\\BSIT-3A-IPT2\\Restor-Laravel-App\\vendor\\laravel\\framework\\src\\Illuminate\\Routing\\Router.php(906): Illuminate\\Routing\\Router::toResponse(Object(Illuminate\\Http\\Request), Object(Illuminate\\View\\View))
#10 C:\\Users\\USER\\Desktop\\BSIT-3A-IPT2\\Restor-Laravel-App\\vendor\\laravel\\framework\\src\\Illuminate\\Routing\\Router.php(821): Illuminate\\Routing\\Router->prepareResponse(Object(Illuminate\\Http\\Request), Object(Illuminate\\View\\View))
#11 C:\\Users\\USER\\Desktop\\BSIT-3A-IPT2\\Restor-Laravel-App\\vendor\\laravel\\framework\\src\\Illuminate\\Pipeline\\Pipeline.php(180): Illuminate\\Routing\\Router->Illuminate\\Routing\\{closure}(Object(Illuminate\\Http\\Request))
#12 C:\\Users\\USER\\Desktop\\BSIT-3A-IPT2\\Restor-Laravel-App\\vendor\\laravel\\framework\\src\\Illuminate\\Routing\\Middleware\\SubstituteBindings.php(50): Illuminate\\Pipeline\\Pipeline->Illuminate\\Pipeline\\{closure}(Object(Illuminate\\Http\\Request))
#13 C:\\Users\\USER\\Desktop\\BSIT-3A-IPT2\\Restor-Laravel-App\\vendor\\laravel\\framework\\src\\Illuminate\\Pipeline\\Pipeline.php(219): Illuminate\\Routing\\Middleware\\SubstituteBindings->handle(Object(Illuminate\\Http\\Request), Object(Closure))
#14 C:\\Users\\USER\\Desktop\\BSIT-3A-IPT2\\Restor-Laravel-App\\vendor\\laravel\\framework\\src\\Illuminate\\Auth\\Middleware\\Authenticate.php(63): Illuminate\\Pipeline\\Pipeline->Illuminate\\Pipeline\\{closure}(Object(Illuminate\\Http\\Request))
#15 C:\\Users\\USER\\Desktop\\BSIT-3A-IPT2\\Restor-Laravel-App\\vendor\\laravel\\framework\\src\\Illuminate\\Pipeline\\Pipeline.php(219): Illuminate\\Auth\\Middleware\\Authenticate->handle(Object(Illuminate\\Http\\Request), Object(Closure))
#16 C:\\Users\\USER\\Desktop\\BSIT-3A-IPT2\\Restor-Laravel-App\\vendor\\laravel\\framework\\src\\Illuminate\\Foundation\\Http\\Middleware\\VerifyCsrfToken.php(87): Illuminate\\Pipeline\\Pipeline->Illuminate\\Pipeline\\{closure}(Object(Illuminate\\Http\\Request))
#17 C:\\Users\\USER\\Desktop\\BSIT-3A-IPT2\\Restor-Laravel-App\\vendor\\laravel\\framework\\src\\Illuminate\\Pipeline\\Pipeline.php(219): Illuminate\\Foundation\\Http\\Middleware\\VerifyCsrfToken->handle(Object(Illuminate\\Http\\Request), Object(Closure))
#18 C:\\Users\\USER\\Desktop\\BSIT-3A-IPT2\\Restor-Laravel-App\\vendor\\laravel\\framework\\src\\Illuminate\\View\\Middleware\\ShareErrorsFromSession.php(48): Illuminate\\Pipeline\\Pipeline->Illuminate\\Pipeline\\{closure}(Object(Illuminate\\Http\\Request))
#19 C:\\Users\\USER\\Desktop\\BSIT-3A-IPT2\\Restor-Laravel-App\\vendor\\laravel\\framework\\src\\Illuminate\\Pipeline\\Pipeline.php(219): Illuminate\\View\\Middleware\\ShareErrorsFromSession->handle(Object(Illuminate\\Http\\Request), Object(Closure))
#20 C:\\Users\\USER\\Desktop\\BSIT-3A-IPT2\\Restor-Laravel-App\\vendor\\laravel\\framework\\src\\Illuminate\\Session\\Middleware\\StartSession.php(120): Illuminate\\Pipeline\\Pipeline->Illuminate\\Pipeline\\{closure}(Object(Illuminate\\Http\\Request))
#21 C:\\Users\\USER\\Desktop\\BSIT-3A-IPT2\\Restor-Laravel-App\\vendor\\laravel\\framework\\src\\Illuminate\\Session\\Middleware\\StartSession.php(63): Illuminate\\Session\\Middleware\\StartSession->handleStatefulRequest(Object(Illuminate\\Http\\Request), Object(Illuminate\\Session\\Store), Object(Closure))
#22 C:\\Users\\USER\\Desktop\\BSIT-3A-IPT2\\Restor-Laravel-App\\vendor\\laravel\\framework\\src\\Illuminate\\Pipeline\\Pipeline.php(219): Illuminate\\Session\\Middleware\\StartSession->handle(Object(Illuminate\\Http\\Request), Object(Closure))
#23 C:\\Users\\USER\\Desktop\\BSIT-3A-IPT2\\Restor-Laravel-App\\vendor\\laravel\\framework\\src\\Illuminate\\Cookie\\Middleware\\AddQueuedCookiesToResponse.php(36): Illuminate\\Pipeline\\Pipeline->Illuminate\\Pipeline\\{closure}(Object(Illuminate\\Http\\Request))
#24 C:\\Users\\USER\\Desktop\\BSIT-3A-IPT2\\Restor-Laravel-App\\vendor\\laravel\\framework\\src\\Illuminate\\Pipeline\\Pipeline.php(219): Illuminate\\Cookie\\Middleware\\AddQueuedCookiesToResponse->handle(Object(Illuminate\\Http\\Request), Object(Closure))
#25 C:\\Users\\USER\\Desktop\\BSIT-3A-IPT2\\Restor-Laravel-App\\vendor\\laravel\\framework\\src\\Illuminate\\Cookie\\Middleware\\EncryptCookies.php(74): Illuminate\\Pipeline\\Pipeline->Illuminate\\Pipeline\\{closure}(Object(Illuminate\\Http\\Request))
#26 C:\\Users\\USER\\Desktop\\BSIT-3A-IPT2\\Restor-Laravel-App\\vendor\\laravel\\framework\\src\\Illuminate\\Pipeline\\Pipeline.php(219): Illuminate\\Cookie\\Middleware\\EncryptCookies->handle(Object(Illuminate\\Http\\Request), Object(Closure))
#27 C:\\Users\\USER\\Desktop\\BSIT-3A-IPT2\\Restor-Laravel-App\\vendor\\laravel\\framework\\src\\Illuminate\\Pipeline\\Pipeline.php(137): Illuminate\\Pipeline\\Pipeline->Illuminate\\Pipeline\\{closure}(Object(Illuminate\\Http\\Request))
#28 C:\\Users\\USER\\Desktop\\BSIT-3A-IPT2\\Restor-Laravel-App\\vendor\\laravel\\framework\\src\\Illuminate\\Routing\\Router.php(821): Illuminate\\Pipeline\\Pipeline->then(Object(Closure))
#29 C:\\Users\\USER\\Desktop\\BSIT-3A-IPT2\\Restor-Laravel-App\\vendor\\laravel\\framework\\src\\Illuminate\\Routing\\Router.php(800): Illuminate\\Routing\\Router->runRouteWithinStack(Object(Illuminate\\Routing\\Route), Object(Illuminate\\Http\\Request))
#30 C:\\Users\\USER\\Desktop\\BSIT-3A-IPT2\\Restor-Laravel-App\\vendor\\laravel\\framework\\src\\Illuminate\\Routing\\Router.php(764): Illuminate\\Routing\\Router->runRoute(Object(Illuminate\\Http\\Request), Object(Illuminate\\Routing\\Route))
#31 C:\\Users\\USER\\Desktop\\BSIT-3A-IPT2\\Restor-Laravel-App\\vendor\\laravel\\framework\\src\\Illuminate\\Routing\\Router.php(753): Illuminate\\Routing\\Router->dispatchToRoute(Object(Illuminate\\Http\\Request))
#32 C:\\Users\\USER\\Desktop\\BSIT-3A-IPT2\\Restor-Laravel-App\\vendor\\laravel\\framework\\src\\Illuminate\\Foundation\\Http\\Kernel.php(200): Illuminate\\Routing\\Router->dispatch(Object(Illuminate\\Http\\Request))
#33 C:\\Users\\USER\\Desktop\\BSIT-3A-IPT2\\Restor-Laravel-App\\vendor\\laravel\\framework\\src\\Illuminate\\Pipeline\\Pipeline.php(180): Illuminate\\Foundation\\Http\\Kernel->Illuminate\\Foundation\\Http\\{closure}(Object(Illuminate\\Http\\Request))
#34 C:\\Users\\USER\\Desktop\\BSIT-3A-IPT2\\Restor-Laravel-App\\vendor\\laravel\\framework\\src\\Illuminate\\Foundation\\Http\\Middleware\\TransformsRequest.php(21): Illuminate\\Pipeline\\Pipeline->Illuminate\\Pipeline\\{closure}(Object(Illuminate\\Http\\Request))
#35 C:\\Users\\USER\\Desktop\\BSIT-3A-IPT2\\Restor-Laravel-App\\vendor\\laravel\\framework\\src\\Illuminate\\Foundation\\Http\\Middleware\\ConvertEmptyStringsToNull.php(31): Illuminate\\Foundation\\Http\\Middleware\\TransformsRequest->handle(Object(Illuminate\\Http\\Request), Object(Closure))
#36 C:\\Users\\USER\\Desktop\\BSIT-3A-IPT2\\Restor-Laravel-App\\vendor\\laravel\\framework\\src\\Illuminate\\Pipeline\\Pipeline.php(219): Illuminate\\Foundation\\Http\\Middleware\\ConvertEmptyStringsToNull->handle(Object(Illuminate\\Http\\Request), Object(Closure))
#37 C:\\Users\\USER\\Desktop\\BSIT-3A-IPT2\\Restor-Laravel-App\\vendor\\laravel\\framework\\src\\Illuminate\\Foundation\\Http\\Middleware\\TransformsRequest.php(21): Illuminate\\Pipeline\\Pipeline->Illuminate\\Pipeline\\{closure}(Object(Illuminate\\Http\\Request))
#38 C:\\Users\\USER\\Desktop\\BSIT-3A-IPT2\\Restor-Laravel-App\\vendor\\laravel\\framework\\src\\Illuminate\\Foundation\\Http\\Middleware\\TrimStrings.php(51): Illuminate\\Foundation\\Http\\Middleware\\TransformsRequest->handle(Object(Illuminate\\Http\\Request), Object(Closure))
#39 C:\\Users\\USER\\Desktop\\BSIT-3A-IPT2\\Restor-Laravel-App\\vendor\\laravel\\framework\\src\\Illuminate\\Pipeline\\Pipeline.php(219): Illuminate\\Foundation\\Http\\Middleware\\TrimStrings->handle(Object(Illuminate\\Http\\Request), Object(Closure))
#40 C:\\Users\\USER\\Desktop\\BSIT-3A-IPT2\\Restor-Laravel-App\\vendor\\laravel\\framework\\src\\Illuminate\\Http\\Middleware\\ValidatePostSize.php(27): Illuminate\\Pipeline\\Pipeline->Illuminate\\Pipeline\\{closure}(Object(Illuminate\\Http\\Request))
#41 C:\\Users\\USER\\Desktop\\BSIT-3A-IPT2\\Restor-Laravel-App\\vendor\\laravel\\framework\\src\\Illuminate\\Pipeline\\Pipeline.php(219): Illuminate\\Http\\Middleware\\ValidatePostSize->handle(Object(Illuminate\\Http\\Request), Object(Closure))
#42 C:\\Users\\USER\\Desktop\\BSIT-3A-IPT2\\Restor-Laravel-App\\vendor\\laravel\\framework\\src\\Illuminate\\Foundation\\Http\\Middleware\\PreventRequestsDuringMaintenance.php(109): Illuminate\\Pipeline\\Pipeline->Illuminate\\Pipeline\\{closure}(Object(Illuminate\\Http\\Request))
#43 C:\\Users\\USER\\Desktop\\BSIT-3A-IPT2\\Restor-Laravel-App\\vendor\\laravel\\framework\\src\\Illuminate\\Pipeline\\Pipeline.php(219): Illuminate\\Foundation\\Http\\Middleware\\PreventRequestsDuringMaintenance->handle(Object(Illuminate\\Http\\Request), Object(Closure))
#44 C:\\Users\\USER\\Desktop\\BSIT-3A-IPT2\\Restor-Laravel-App\\vendor\\laravel\\framework\\src\\Illuminate\\Http\\Middleware\\HandleCors.php(48): Illuminate\\Pipeline\\Pipeline->Illuminate\\Pipeline\\{closure}(Object(Illuminate\\Http\\Request))
#45 C:\\Users\\USER\\Desktop\\BSIT-3A-IPT2\\Restor-Laravel-App\\vendor\\laravel\\framework\\src\\Illuminate\\Pipeline\\Pipeline.php(219): Illuminate\\Http\\Middleware\\HandleCors->handle(Object(Illuminate\\Http\\Request), Object(Closure))
#46 C:\\Users\\USER\\Desktop\\BSIT-3A-IPT2\\Restor-Laravel-App\\vendor\\laravel\\framework\\src\\Illuminate\\Http\\Middleware\\TrustProxies.php(58): Illuminate\\Pipeline\\Pipeline->Illuminate\\Pipeline\\{closure}(Object(Illuminate\\Http\\Request))
#47 C:\\Users\\USER\\Desktop\\BSIT-3A-IPT2\\Restor-Laravel-App\\vendor\\laravel\\framework\\src\\Illuminate\\Pipeline\\Pipeline.php(219): Illuminate\\Http\\Middleware\\TrustProxies->handle(Object(Illuminate\\Http\\Request), Object(Closure))
#48 C:\\Users\\USER\\Desktop\\BSIT-3A-IPT2\\Restor-Laravel-App\\vendor\\laravel\\framework\\src\\Illuminate\\Foundation\\Http\\Middleware\\InvokeDeferredCallbacks.php(22): Illuminate\\Pipeline\\Pipeline->Illuminate\\Pipeline\\{closure}(Object(Illuminate\\Http\\Request))
#49 C:\\Users\\USER\\Desktop\\BSIT-3A-IPT2\\Restor-Laravel-App\\vendor\\laravel\\framework\\src\\Illuminate\\Pipeline\\Pipeline.php(219): Illuminate\\Foundation\\Http\\Middleware\\InvokeDeferredCallbacks->handle(Object(Illuminate\\Http\\Request), Object(Closure))
#50 C:\\Users\\USER\\Desktop\\BSIT-3A-IPT2\\Restor-Laravel-App\\vendor\\laravel\\framework\\src\\Illuminate\\Http\\Middleware\\ValidatePathEncoding.php(26): Illuminate\\Pipeline\\Pipeline->Illuminate\\Pipeline\\{closure}(Object(Illuminate\\Http\\Request))
#51 C:\\Users\\USER\\Desktop\\BSIT-3A-IPT2\\Restor-Laravel-App\\vendor\\laravel\\framework\\src\\Illuminate\\Pipeline\\Pipeline.php(219): Illuminate\\Http\\Middleware\\ValidatePathEncoding->handle(Object(Illuminate\\Http\\Request), Object(Closure))
#52 C:\\Users\\USER\\Desktop\\BSIT-3A-IPT2\\Restor-Laravel-App\\vendor\\laravel\\framework\\src\\Illuminate\\Pipeline\\Pipeline.php(137): Illuminate\\Pipeline\\Pipeline->Illuminate\\Pipeline\\{closure}(Object(Illuminate\\Http\\Request))
#53 C:\\Users\\USER\\Desktop\\BSIT-3A-IPT2\\Restor-Laravel-App\\vendor\\laravel\\framework\\src\\Illuminate\\Foundation\\Http\\Kernel.php(175): Illuminate\\Pipeline\\Pipeline->then(Object(Closure))
#54 C:\\Users\\USER\\Desktop\\BSIT-3A-IPT2\\Restor-Laravel-App\\vendor\\laravel\\framework\\src\\Illuminate\\Foundation\\Http\\Kernel.php(144): Illuminate\\Foundation\\Http\\Kernel->sendRequestThroughRouter(Object(Illuminate\\Http\\Request))
#55 C:\\Users\\USER\\Desktop\\BSIT-3A-IPT2\\Restor-Laravel-App\\vendor\\laravel\\framework\\src\\Illuminate\\Foundation\\Application.php(1220): Illuminate\\Foundation\\Http\\Kernel->handle(Object(Illuminate\\Http\\Request))
#56 C:\\Users\\USER\\Desktop\\BSIT-3A-IPT2\\Restor-Laravel-App\\public\\index.php(20): Illuminate\\Foundation\\Application->handleRequest(Object(Illuminate\\Http\\Request))
#57 C:\\Users\\USER\\Desktop\\BSIT-3A-IPT2\\Restor-Laravel-App\\vendor\\laravel\\framework\\src\\Illuminate\\Foundation\\resources\\server.php(23): require_once('C:\\\\Users\\\\USER\\\\D...')
#58 {main}
"} 
[2025-11-02 14:31:22] local.ERROR: Class "ProfilePhotoController" does not exist {"exception":"[object] (ReflectionException(code: -1): Class \"ProfilePhotoController\" does not exist at C:\\Users\\USER\\Desktop\\BSIT-3A-IPT2\\Restor-Laravel-App\\vendor\\laravel\\framework\\src\\Illuminate\\Foundation\\Console\\RouteListCommand.php:235)
[stacktrace]
#0 C:\\Users\\USER\\Desktop\\BSIT-3A-IPT2\\Restor-Laravel-App\\vendor\\laravel\\framework\\src\\Illuminate\\Foundation\\Console\\RouteListCommand.php(235): ReflectionClass->__construct('ProfilePhotoCon...')
#1 C:\\Users\\USER\\Desktop\\BSIT-3A-IPT2\\Restor-Laravel-App\\vendor\\laravel\\framework\\src\\Illuminate\\Foundation\\Console\\RouteListCommand.php(149): Illuminate\\Foundation\\Console\\RouteListCommand->isVendorRoute(Object(Illuminate\\Routing\\Route))
#2 C:\\Users\\USER\\Desktop\\BSIT-3A-IPT2\\Restor-Laravel-App\\vendor\\laravel\\framework\\src\\Illuminate\\Foundation\\Console\\RouteListCommand.php(117): Illuminate\\Foundation\\Console\\RouteListCommand->getRouteInformation(Object(Illuminate\\Routing\\Route))
#3 [internal function]: Illuminate\\Foundation\\Console\\RouteListCommand->Illuminate\\Foundation\\Console\\{closure}(Object(Illuminate\\Routing\\Route), 8)
#4 C:\\Users\\USER\\Desktop\\BSIT-3A-IPT2\\Restor-Laravel-App\\vendor\\laravel\\framework\\src\\Illuminate\\Collections\\Arr.php(786): array_map(Object(Closure), Array, Array)
#5 C:\\Users\\USER\\Desktop\\BSIT-3A-IPT2\\Restor-Laravel-App\\vendor\\laravel\\framework\\src\\Illuminate\\Collections\\Collection.php(814): Illuminate\\Support\\Arr::map(Array, Object(Closure))
#6 C:\\Users\\USER\\Desktop\\BSIT-3A-IPT2\\Restor-Laravel-App\\vendor\\laravel\\framework\\src\\Illuminate\\Foundation\\Console\\RouteListCommand.php(117): Illuminate\\Support\\Collection->map(Object(Closure))
#7 C:\\Users\\USER\\Desktop\\BSIT-3A-IPT2\\Restor-Laravel-App\\vendor\\laravel\\framework\\src\\Illuminate\\Foundation\\Console\\RouteListCommand.php(102): Illuminate\\Foundation\\Console\\RouteListCommand->getRoutes()
#8 C:\\Users\\USER\\Desktop\\BSIT-3A-IPT2\\Restor-Laravel-App\\vendor\\laravel\\framework\\src\\Illuminate\\Container\\BoundMethod.php(36): Illuminate\\Foundation\\Console\\RouteListCommand->handle()
#9 C:\\Users\\USER\\Desktop\\BSIT-3A-IPT2\\Restor-Laravel-App\\vendor\\laravel\\framework\\src\\Illuminate\\Container\\Util.php(43): Illuminate\\Container\\BoundMethod::Illuminate\\Container\\{closure}()
#10 C:\\Users\\USER\\Desktop\\BSIT-3A-IPT2\\Restor-Laravel-App\\vendor\\laravel\\framework\\src\\Illuminate\\Container\\BoundMethod.php(96): Illuminate\\Container\\Util::unwrapIfClosure(Object(Closure))
#11 C:\\Users\\USER\\Desktop\\BSIT-3A-IPT2\\Restor-Laravel-App\\vendor\\laravel\\framework\\src\\Illuminate\\Container\\BoundMethod.php(35): Illuminate\\Container\\BoundMethod::callBoundMethod(Object(Illuminate\\Foundation\\Application), Array, Object(Closure))
#12 C:\\Users\\USER\\Desktop\\BSIT-3A-IPT2\\Restor-Laravel-App\\vendor\\laravel\\framework\\src\\Illuminate\\Container\\Container.php(836): Illuminate\\Container\\BoundMethod::call(Object(Illuminate\\Foundation\\Application), Array, Array, NULL)
#13 C:\\Users\\USER\\Desktop\\BSIT-3A-IPT2\\Restor-Laravel-App\\vendor\\laravel\\framework\\src\\Illuminate\\Console\\Command.php(211): Illuminate\\Container\\Container->call(Array)
#14 C:\\Users\\USER\\Desktop\\BSIT-3A-IPT2\\Restor-Laravel-App\\vendor\\symfony\\console\\Command\\Command.php(318): Illuminate\\Console\\Command->execute(Object(Symfony\\Component\\Console\\Input\\ArgvInput), Object(Illuminate\\Console\\OutputStyle))
#15 C:\\Users\\USER\\Desktop\\BSIT-3A-IPT2\\Restor-Laravel-App\\vendor\\laravel\\framework\\src\\Illuminate\\Console\\Command.php(180): Symfony\\Component\\Console\\Command\\Command->run(Object(Symfony\\Component\\Console\\Input\\ArgvInput), Object(Illuminate\\Console\\OutputStyle))
#16 C:\\Users\\USER\\Desktop\\BSIT-3A-IPT2\\Restor-Laravel-App\\vendor\\symfony\\console\\Application.php(1110): Illuminate\\Console\\Command->run(Object(Symfony\\Component\\Console\\Input\\ArgvInput), Object(Symfony\\Component\\Console\\Output\\ConsoleOutput))
#17 C:\\Users\\USER\\Desktop\\BSIT-3A-IPT2\\Restor-Laravel-App\\vendor\\symfony\\console\\Application.php(359): Symfony\\Component\\Console\\Application->doRunCommand(Object(Illuminate\\Foundation\\Console\\RouteListCommand), Object(Symfony\\Component\\Console\\Input\\ArgvInput), Object(Symfony\\Component\\Console\\Output\\ConsoleOutput))
#18 C:\\Users\\USER\\Desktop\\BSIT-3A-IPT2\\Restor-Laravel-App\\vendor\\symfony\\console\\Application.php(194): Symfony\\Component\\Console\\Application->doRun(Object(Symfony\\Component\\Console\\Input\\ArgvInput), Object(Symfony\\Component\\Console\\Output\\ConsoleOutput))
#19 C:\\Users\\USER\\Desktop\\BSIT-3A-IPT2\\Restor-Laravel-App\\vendor\\laravel\\framework\\src\\Illuminate\\Foundation\\Console\\Kernel.php(197): Symfony\\Component\\Console\\Application->run(Object(Symfony\\Component\\Console\\Input\\ArgvInput), Object(Symfony\\Component\\Console\\Output\\ConsoleOutput))
#20 C:\\Users\\USER\\Desktop\\BSIT-3A-IPT2\\Restor-Laravel-App\\vendor\\laravel\\framework\\src\\Illuminate\\Foundation\\Application.php(1235): Illuminate\\Foundation\\Console\\Kernel->handle(Object(Symfony\\Component\\Console\\Input\\ArgvInput), Object(Symfony\\Component\\Console\\Output\\ConsoleOutput))
#21 C:\\Users\\USER\\Desktop\\BSIT-3A-IPT2\\Restor-Laravel-App\\artisan(16): Illuminate\\Foundation\\Application->handleCommand(Object(Symfony\\Component\\Console\\Input\\ArgvInput))
#22 {main}
"} 
[2025-11-02 18:05:53] local.ERROR: syntax error, unexpected token "public", expecting end of file {"exception":"[object] (ParseError(code: 0): syntax error, unexpected token \"public\", expecting end of file at C:\\Users\\USER\\Desktop\\BSIT-3A-IPT2\\Restor-Laravel-App\\database\\migrations\\2025_11_02_180508_add_role_to_users_table.php:3)
[stacktrace]
#0 C:\\Users\\USER\\Desktop\\BSIT-3A-IPT2\\Restor-Laravel-App\\vendor\\laravel\\framework\\src\\Illuminate\\Filesystem\\Filesystem.php(149): Illuminate\\Filesystem\\Filesystem::Illuminate\\Filesystem\\{closure}()
#1 C:\\Users\\USER\\Desktop\\BSIT-3A-IPT2\\Restor-Laravel-App\\vendor\\laravel\\framework\\src\\Illuminate\\Database\\Migrations\\Migrator.php(595): Illuminate\\Filesystem\\Filesystem->requireOnce('C:\\\\Users\\\\USER\\\\D...')
#2 C:\\Users\\USER\\Desktop\\BSIT-3A-IPT2\\Restor-Laravel-App\\vendor\\laravel\\framework\\src\\Illuminate\\Database\\Migrations\\Migrator.php(130): Illuminate\\Database\\Migrations\\Migrator->requireFiles(Array)
#3 C:\\Users\\USER\\Desktop\\BSIT-3A-IPT2\\Restor-Laravel-App\\vendor\\laravel\\framework\\src\\Illuminate\\Database\\Console\\Migrations\\MigrateCommand.php(116): Illuminate\\Database\\Migrations\\Migrator->run(Array, Array)
#4 C:\\Users\\USER\\Desktop\\BSIT-3A-IPT2\\Restor-Laravel-App\\vendor\\laravel\\framework\\src\\Illuminate\\Database\\Migrations\\Migrator.php(666): Illuminate\\Database\\Console\\Migrations\\MigrateCommand->Illuminate\\Database\\Console\\Migrations\\{closure}()
#5 C:\\Users\\USER\\Desktop\\BSIT-3A-IPT2\\Restor-Laravel-App\\vendor\\laravel\\framework\\src\\Illuminate\\Database\\Console\\Migrations\\MigrateCommand.php(109): Illuminate\\Database\\Migrations\\Migrator->usingConnection(NULL, Object(Closure))
#6 C:\\Users\\USER\\Desktop\\BSIT-3A-IPT2\\Restor-Laravel-App\\vendor\\laravel\\framework\\src\\Illuminate\\Database\\Console\\Migrations\\MigrateCommand.php(88): Illuminate\\Database\\Console\\Migrations\\MigrateCommand->runMigrations()
#7 C:\\Users\\USER\\Desktop\\BSIT-3A-IPT2\\Restor-Laravel-App\\vendor\\laravel\\framework\\src\\Illuminate\\Container\\BoundMethod.php(36): Illuminate\\Database\\Console\\Migrations\\MigrateCommand->handle()
#8 C:\\Users\\USER\\Desktop\\BSIT-3A-IPT2\\Restor-Laravel-App\\vendor\\laravel\\framework\\src\\Illuminate\\Container\\Util.php(43): Illuminate\\Container\\BoundMethod::Illuminate\\Container\\{closure}()
#9 C:\\Users\\USER\\Desktop\\BSIT-3A-IPT2\\Restor-Laravel-App\\vendor\\laravel\\framework\\src\\Illuminate\\Container\\BoundMethod.php(96): Illuminate\\Container\\Util::unwrapIfClosure(Object(Closure))
#10 C:\\Users\\USER\\Desktop\\BSIT-3A-IPT2\\Restor-Laravel-App\\vendor\\laravel\\framework\\src\\Illuminate\\Container\\BoundMethod.php(35): Illuminate\\Container\\BoundMethod::callBoundMethod(Object(Illuminate\\Foundation\\Application), Array, Object(Closure))
#11 C:\\Users\\USER\\Desktop\\BSIT-3A-IPT2\\Restor-Laravel-App\\vendor\\laravel\\framework\\src\\Illuminate\\Container\\Container.php(836): Illuminate\\Container\\BoundMethod::call(Object(Illuminate\\Foundation\\Application), Array, Array, NULL)
#12 C:\\Users\\USER\\Desktop\\BSIT-3A-IPT2\\Restor-Laravel-App\\vendor\\laravel\\framework\\src\\Illuminate\\Console\\Command.php(211): Illuminate\\Container\\Container->call(Array)
#13 C:\\Users\\USER\\Desktop\\BSIT-3A-IPT2\\Restor-Laravel-App\\vendor\\symfony\\console\\Command\\Command.php(318): Illuminate\\Console\\Command->execute(Object(Symfony\\Component\\Console\\Input\\ArgvInput), Object(Illuminate\\Console\\OutputStyle))
#14 C:\\Users\\USER\\Desktop\\BSIT-3A-IPT2\\Restor-Laravel-App\\vendor\\laravel\\framework\\src\\Illuminate\\Console\\Command.php(180): Symfony\\Component\\Console\\Command\\Command->run(Object(Symfony\\Component\\Console\\Input\\ArgvInput), Object(Illuminate\\Console\\OutputStyle))
#15 C:\\Users\\USER\\Desktop\\BSIT-3A-IPT2\\Restor-Laravel-App\\vendor\\symfony\\console\\Application.php(1110): Illuminate\\Console\\Command->run(Object(Symfony\\Component\\Console\\Input\\ArgvInput), Object(Symfony\\Component\\Console\\Output\\ConsoleOutput))
#16 C:\\Users\\USER\\Desktop\\BSIT-3A-IPT2\\Restor-Laravel-App\\vendor\\symfony\\console\\Application.php(359): Symfony\\Component\\Console\\Application->doRunCommand(Object(Illuminate\\Database\\Console\\Migrations\\MigrateCommand), Object(Symfony\\Component\\Console\\Input\\ArgvInput), Object(Symfony\\Component\\Console\\Output\\ConsoleOutput))
#17 C:\\Users\\USER\\Desktop\\BSIT-3A-IPT2\\Restor-Laravel-App\\vendor\\symfony\\console\\Application.php(194): Symfony\\Component\\Console\\Application->doRun(Object(Symfony\\Component\\Console\\Input\\ArgvInput), Object(Symfony\\Component\\Console\\Output\\ConsoleOutput))
#18 C:\\Users\\USER\\Desktop\\BSIT-3A-IPT2\\Restor-Laravel-App\\vendor\\laravel\\framework\\src\\Illuminate\\Foundation\\Console\\Kernel.php(197): Symfony\\Component\\Console\\Application->run(Object(Symfony\\Component\\Console\\Input\\ArgvInput), Object(Symfony\\Component\\Console\\Output\\ConsoleOutput))
#19 C:\\Users\\USER\\Desktop\\BSIT-3A-IPT2\\Restor-Laravel-App\\vendor\\laravel\\framework\\src\\Illuminate\\Foundation\\Application.php(1235): Illuminate\\Foundation\\Console\\Kernel->handle(Object(Symfony\\Component\\Console\\Input\\ArgvInput), Object(Symfony\\Component\\Console\\Output\\ConsoleOutput))
#20 C:\\Users\\USER\\Desktop\\BSIT-3A-IPT2\\Restor-Laravel-App\\artisan(16): Illuminate\\Foundation\\Application->handleCommand(Object(Symfony\\Component\\Console\\Input\\ArgvInput))
#21 {main}
"} 
[2025-11-02 18:15:39] local.ERROR: Unable to locate a class or view for component [admin-layout]. {"userId":1,"exception":"[object] (InvalidArgumentException(code: 0): Unable to locate a class or view for component [admin-layout]. at C:\\Users\\USER\\Desktop\\BSIT-3A-IPT2\\Restor-Laravel-App\\vendor\\laravel\\framework\\src\\Illuminate\\View\\Compilers\\ComponentTagCompiler.php:315)
[stacktrace]
#0 C:\\Users\\USER\\Desktop\\BSIT-3A-IPT2\\Restor-Laravel-App\\vendor\\laravel\\framework\\src\\Illuminate\\View\\Compilers\\ComponentTagCompiler.php(235): Illuminate\\View\\Compilers\\ComponentTagCompiler->componentClass('admin-layout')
#1 C:\\Users\\USER\\Desktop\\BSIT-3A-IPT2\\Restor-Laravel-App\\vendor\\laravel\\framework\\src\\Illuminate\\View\\Compilers\\ComponentTagCompiler.php(156): Illuminate\\View\\Compilers\\ComponentTagCompiler->componentString('admin-layout', Array)
#2 [internal function]: Illuminate\\View\\Compilers\\ComponentTagCompiler->Illuminate\\View\\Compilers\\{closure}(Array)
#3 C:\\Users\\USER\\Desktop\\BSIT-3A-IPT2\\Restor-Laravel-App\\vendor\\laravel\\framework\\src\\Illuminate\\View\\Compilers\\ComponentTagCompiler.php(151): preg_replace_callback('/\\n            <...', Object(Closure), '<x-admin-layout...')
#4 C:\\Users\\USER\\Desktop\\BSIT-3A-IPT2\\Restor-Laravel-App\\vendor\\laravel\\framework\\src\\Illuminate\\View\\Compilers\\ComponentTagCompiler.php(90): Illuminate\\View\\Compilers\\ComponentTagCompiler->compileOpeningTags('<x-admin-layout...')
#5 C:\\Users\\USER\\Desktop\\BSIT-3A-IPT2\\Restor-Laravel-App\\vendor\\laravel\\framework\\src\\Illuminate\\View\\Compilers\\ComponentTagCompiler.php(76): Illuminate\\View\\Compilers\\ComponentTagCompiler->compileTags('<x-admin-layout...')
#6 C:\\Users\\USER\\Desktop\\BSIT-3A-IPT2\\Restor-Laravel-App\\vendor\\laravel\\framework\\src\\Illuminate\\View\\Compilers\\BladeCompiler.php(455): Illuminate\\View\\Compilers\\ComponentTagCompiler->compile('<x-admin-layout...')
#7 C:\\Users\\USER\\Desktop\\BSIT-3A-IPT2\\Restor-Laravel-App\\vendor\\laravel\\framework\\src\\Illuminate\\View\\Compilers\\BladeCompiler.php(287): Illuminate\\View\\Compilers\\BladeCompiler->compileComponentTags('<x-admin-layout...')
#8 C:\\Users\\USER\\Desktop\\BSIT-3A-IPT2\\Restor-Laravel-App\\vendor\\laravel\\framework\\src\\Illuminate\\View\\Compilers\\BladeCompiler.php(187): Illuminate\\View\\Compilers\\BladeCompiler->compileString('<x-admin-layout...')
#9 C:\\Users\\USER\\Desktop\\BSIT-3A-IPT2\\Restor-Laravel-App\\vendor\\laravel\\framework\\src\\Illuminate\\View\\Engines\\CompilerEngine.php(68): Illuminate\\View\\Compilers\\BladeCompiler->compile('C:\\\\Users\\\\USER\\\\D...')
#10 C:\\Users\\USER\\Desktop\\BSIT-3A-IPT2\\Restor-Laravel-App\\vendor\\laravel\\framework\\src\\Illuminate\\View\\View.php(208): Illuminate\\View\\Engines\\CompilerEngine->get('C:\\\\Users\\\\USER\\\\D...', Array)
#11 C:\\Users\\USER\\Desktop\\BSIT-3A-IPT2\\Restor-Laravel-App\\vendor\\laravel\\framework\\src\\Illuminate\\View\\View.php(191): Illuminate\\View\\View->getContents()
#12 C:\\Users\\USER\\Desktop\\BSIT-3A-IPT2\\Restor-Laravel-App\\vendor\\laravel\\framework\\src\\Illuminate\\View\\View.php(160): Illuminate\\View\\View->renderContents()
#13 C:\\Users\\USER\\Desktop\\BSIT-3A-IPT2\\Restor-Laravel-App\\vendor\\laravel\\framework\\src\\Illuminate\\Http\\Response.php(78): Illuminate\\View\\View->render()
#14 C:\\Users\\USER\\Desktop\\BSIT-3A-IPT2\\Restor-Laravel-App\\vendor\\laravel\\framework\\src\\Illuminate\\Http\\Response.php(34): Illuminate\\Http\\Response->setContent(Object(Illuminate\\View\\View))
#15 C:\\Users\\USER\\Desktop\\BSIT-3A-IPT2\\Restor-Laravel-App\\vendor\\laravel\\framework\\src\\Illuminate\\Routing\\Router.php(939): Illuminate\\Http\\Response->__construct(Object(Illuminate\\View\\View), 200, Array)
#16 C:\\Users\\USER\\Desktop\\BSIT-3A-IPT2\\Restor-Laravel-App\\vendor\\laravel\\framework\\src\\Illuminate\\Routing\\Router.php(906): Illuminate\\Routing\\Router::toResponse(Object(Illuminate\\Http\\Request), Object(Illuminate\\View\\View))
#17 C:\\Users\\USER\\Desktop\\BSIT-3A-IPT2\\Restor-Laravel-App\\vendor\\laravel\\framework\\src\\Illuminate\\Routing\\Router.php(821): Illuminate\\Routing\\Router->prepareResponse(Object(Illuminate\\Http\\Request), Object(Illuminate\\View\\View))
#18 C:\\Users\\USER\\Desktop\\BSIT-3A-IPT2\\Restor-Laravel-App\\vendor\\laravel\\framework\\src\\Illuminate\\Pipeline\\Pipeline.php(180): Illuminate\\Routing\\Router->Illuminate\\Routing\\{closure}(Object(Illuminate\\Http\\Request))
#19 C:\\Users\\USER\\Desktop\\BSIT-3A-IPT2\\Restor-Laravel-App\\vendor\\laravel\\framework\\src\\Illuminate\\Auth\\Middleware\\EnsureEmailIsVerified.php(41): Illuminate\\Pipeline\\Pipeline->Illuminate\\Pipeline\\{closure}(Object(Illuminate\\Http\\Request))
#20 C:\\Users\\USER\\Desktop\\BSIT-3A-IPT2\\Restor-Laravel-App\\vendor\\laravel\\framework\\src\\Illuminate\\Pipeline\\Pipeline.php(219): Illuminate\\Auth\\Middleware\\EnsureEmailIsVerified->handle(Object(Illuminate\\Http\\Request), Object(Closure))
#21 C:\\Users\\USER\\Desktop\\BSIT-3A-IPT2\\Restor-Laravel-App\\vendor\\laravel\\framework\\src\\Illuminate\\Routing\\Middleware\\SubstituteBindings.php(50): Illuminate\\Pipeline\\Pipeline->Illuminate\\Pipeline\\{closure}(Object(Illuminate\\Http\\Request))
#22 C:\\Users\\USER\\Desktop\\BSIT-3A-IPT2\\Restor-Laravel-App\\vendor\\laravel\\framework\\src\\Illuminate\\Pipeline\\Pipeline.php(219): Illuminate\\Routing\\Middleware\\SubstituteBindings->handle(Object(Illuminate\\Http\\Request), Object(Closure))
#23 C:\\Users\\USER\\Desktop\\BSIT-3A-IPT2\\Restor-Laravel-App\\vendor\\laravel\\framework\\src\\Illuminate\\Auth\\Middleware\\Authenticate.php(63): Illuminate\\Pipeline\\Pipeline->Illuminate\\Pipeline\\{closure}(Object(Illuminate\\Http\\Request))
#24 C:\\Users\\USER\\Desktop\\BSIT-3A-IPT2\\Restor-Laravel-App\\vendor\\laravel\\framework\\src\\Illuminate\\Pipeline\\Pipeline.php(219): Illuminate\\Auth\\Middleware\\Authenticate->handle(Object(Illuminate\\Http\\Request), Object(Closure))
#25 C:\\Users\\USER\\Desktop\\BSIT-3A-IPT2\\Restor-Laravel-App\\vendor\\laravel\\framework\\src\\Illuminate\\Foundation\\Http\\Middleware\\VerifyCsrfToken.php(87): Illuminate\\Pipeline\\Pipeline->Illuminate\\Pipeline\\{closure}(Object(Illuminate\\Http\\Request))
#26 C:\\Users\\USER\\Desktop\\BSIT-3A-IPT2\\Restor-Laravel-App\\vendor\\laravel\\framework\\src\\Illuminate\\Pipeline\\Pipeline.php(219): Illuminate\\Foundation\\Http\\Middleware\\VerifyCsrfToken->handle(Object(Illuminate\\Http\\Request), Object(Closure))
#27 C:\\Users\\USER\\Desktop\\BSIT-3A-IPT2\\Restor-Laravel-App\\vendor\\laravel\\framework\\src\\Illuminate\\View\\Middleware\\ShareErrorsFromSession.php(48): Illuminate\\Pipeline\\Pipeline->Illuminate\\Pipeline\\{closure}(Object(Illuminate\\Http\\Request))
#28 C:\\Users\\USER\\Desktop\\BSIT-3A-IPT2\\Restor-Laravel-App\\vendor\\laravel\\framework\\src\\Illuminate\\Pipeline\\Pipeline.php(219): Illuminate\\View\\Middleware\\ShareErrorsFromSession->handle(Object(Illuminate\\Http\\Request), Object(Closure))
#29 C:\\Users\\USER\\Desktop\\BSIT-3A-IPT2\\Restor-Laravel-App\\vendor\\laravel\\framework\\src\\Illuminate\\Session\\Middleware\\StartSession.php(120): Illuminate\\Pipeline\\Pipeline->Illuminate\\Pipeline\\{closure}(Object(Illuminate\\Http\\Request))
#30 C:\\Users\\USER\\Desktop\\BSIT-3A-IPT2\\Restor-Laravel-App\\vendor\\laravel\\framework\\src\\Illuminate\\Session\\Middleware\\StartSession.php(63): Illuminate\\Session\\Middleware\\StartSession->handleStatefulRequest(Object(Illuminate\\Http\\Request), Object(Illuminate\\Session\\Store), Object(Closure))
#31 C:\\Users\\USER\\Desktop\\BSIT-3A-IPT2\\Restor-Laravel-App\\vendor\\laravel\\framework\\src\\Illuminate\\Pipeline\\Pipeline.php(219): Illuminate\\Session\\Middleware\\StartSession->handle(Object(Illuminate\\Http\\Request), Object(Closure))
#32 C:\\Users\\USER\\Desktop\\BSIT-3A-IPT2\\Restor-Laravel-App\\vendor\\laravel\\framework\\src\\Illuminate\\Cookie\\Middleware\\AddQueuedCookiesToResponse.php(36): Illuminate\\Pipeline\\Pipeline->Illuminate\\Pipeline\\{closure}(Object(Illuminate\\Http\\Request))
#33 C:\\Users\\USER\\Desktop\\BSIT-3A-IPT2\\Restor-Laravel-App\\vendor\\laravel\\framework\\src\\Illuminate\\Pipeline\\Pipeline.php(219): Illuminate\\Cookie\\Middleware\\AddQueuedCookiesToResponse->handle(Object(Illuminate\\Http\\Request), Object(Closure))
#34 C:\\Users\\USER\\Desktop\\BSIT-3A-IPT2\\Restor-Laravel-App\\vendor\\laravel\\framework\\src\\Illuminate\\Cookie\\Middleware\\EncryptCookies.php(74): Illuminate\\Pipeline\\Pipeline->Illuminate\\Pipeline\\{closure}(Object(Illuminate\\Http\\Request))
#35 C:\\Users\\USER\\Desktop\\BSIT-3A-IPT2\\Restor-Laravel-App\\vendor\\laravel\\framework\\src\\Illuminate\\Pipeline\\Pipeline.php(219): Illuminate\\Cookie\\Middleware\\EncryptCookies->handle(Object(Illuminate\\Http\\Request), Object(Closure))
#36 C:\\Users\\USER\\Desktop\\BSIT-3A-IPT2\\Restor-Laravel-App\\vendor\\laravel\\framework\\src\\Illuminate\\Pipeline\\Pipeline.php(137): Illuminate\\Pipeline\\Pipeline->Illuminate\\Pipeline\\{closure}(Object(Illuminate\\Http\\Request))
#37 C:\\Users\\USER\\Desktop\\BSIT-3A-IPT2\\Restor-Laravel-App\\vendor\\laravel\\framework\\src\\Illuminate\\Routing\\Router.php(821): Illuminate\\Pipeline\\Pipeline->then(Object(Closure))
#38 C:\\Users\\USER\\Desktop\\BSIT-3A-IPT2\\Restor-Laravel-App\\vendor\\laravel\\framework\\src\\Illuminate\\Routing\\Router.php(800): Illuminate\\Routing\\Router->runRouteWithinStack(Object(Illuminate\\Routing\\Route), Object(Illuminate\\Http\\Request))
#39 C:\\Users\\USER\\Desktop\\BSIT-3A-IPT2\\Restor-Laravel-App\\vendor\\laravel\\framework\\src\\Illuminate\\Routing\\Router.php(764): Illuminate\\Routing\\Router->runRoute(Object(Illuminate\\Http\\Request), Object(Illuminate\\Routing\\Route))
#40 C:\\Users\\USER\\Desktop\\BSIT-3A-IPT2\\Restor-Laravel-App\\vendor\\laravel\\framework\\src\\Illuminate\\Routing\\Router.php(753): Illuminate\\Routing\\Router->dispatchToRoute(Object(Illuminate\\Http\\Request))
#41 C:\\Users\\USER\\Desktop\\BSIT-3A-IPT2\\Restor-Laravel-App\\vendor\\laravel\\framework\\src\\Illuminate\\Foundation\\Http\\Kernel.php(200): Illuminate\\Routing\\Router->dispatch(Object(Illuminate\\Http\\Request))
#42 C:\\Users\\USER\\Desktop\\BSIT-3A-IPT2\\Restor-Laravel-App\\vendor\\laravel\\framework\\src\\Illuminate\\Pipeline\\Pipeline.php(180): Illuminate\\Foundation\\Http\\Kernel->Illuminate\\Foundation\\Http\\{closure}(Object(Illuminate\\Http\\Request))
#43 C:\\Users\\USER\\Desktop\\BSIT-3A-IPT2\\Restor-Laravel-App\\vendor\\laravel\\framework\\src\\Illuminate\\Foundation\\Http\\Middleware\\TransformsRequest.php(21): Illuminate\\Pipeline\\Pipeline->Illuminate\\Pipeline\\{closure}(Object(Illuminate\\Http\\Request))
#44 C:\\Users\\USER\\Desktop\\BSIT-3A-IPT2\\Restor-Laravel-App\\vendor\\laravel\\framework\\src\\Illuminate\\Foundation\\Http\\Middleware\\ConvertEmptyStringsToNull.php(31): Illuminate\\Foundation\\Http\\Middleware\\TransformsRequest->handle(Object(Illuminate\\Http\\Request), Object(Closure))
#45 C:\\Users\\USER\\Desktop\\BSIT-3A-IPT2\\Restor-Laravel-App\\vendor\\laravel\\framework\\src\\Illuminate\\Pipeline\\Pipeline.php(219): Illuminate\\Foundation\\Http\\Middleware\\ConvertEmptyStringsToNull->handle(Object(Illuminate\\Http\\Request), Object(Closure))
#46 C:\\Users\\USER\\Desktop\\BSIT-3A-IPT2\\Restor-Laravel-App\\vendor\\laravel\\framework\\src\\Illuminate\\Foundation\\Http\\Middleware\\TransformsRequest.php(21): Illuminate\\Pipeline\\Pipeline->Illuminate\\Pipeline\\{closure}(Object(Illuminate\\Http\\Request))
#47 C:\\Users\\USER\\Desktop\\BSIT-3A-IPT2\\Restor-Laravel-App\\vendor\\laravel\\framework\\src\\Illuminate\\Foundation\\Http\\Middleware\\TrimStrings.php(51): Illuminate\\Foundation\\Http\\Middleware\\TransformsRequest->handle(Object(Illuminate\\Http\\Request), Object(Closure))
#48 C:\\Users\\USER\\Desktop\\BSIT-3A-IPT2\\Restor-Laravel-App\\vendor\\laravel\\framework\\src\\Illuminate\\Pipeline\\Pipeline.php(219): Illuminate\\Foundation\\Http\\Middleware\\TrimStrings->handle(Object(Illuminate\\Http\\Request), Object(Closure))
#49 C:\\Users\\USER\\Desktop\\BSIT-3A-IPT2\\Restor-Laravel-App\\vendor\\laravel\\framework\\src\\Illuminate\\Http\\Middleware\\ValidatePostSize.php(27): Illuminate\\Pipeline\\Pipeline->Illuminate\\Pipeline\\{closure}(Object(Illuminate\\Http\\Request))
#50 C:\\Users\\USER\\Desktop\\BSIT-3A-IPT2\\Restor-Laravel-App\\vendor\\laravel\\framework\\src\\Illuminate\\Pipeline\\Pipeline.php(219): Illuminate\\Http\\Middleware\\ValidatePostSize->handle(Object(Illuminate\\Http\\Request), Object(Closure))
#51 C:\\Users\\USER\\Desktop\\BSIT-3A-IPT2\\Restor-Laravel-App\\vendor\\laravel\\framework\\src\\Illuminate\\Foundation\\Http\\Middleware\\PreventRequestsDuringMaintenance.php(109): Illuminate\\Pipeline\\Pipeline->Illuminate\\Pipeline\\{closure}(Object(Illuminate\\Http\\Request))
#52 C:\\Users\\USER\\Desktop\\BSIT-3A-IPT2\\Restor-Laravel-App\\vendor\\laravel\\framework\\src\\Illuminate\\Pipeline\\Pipeline.php(219): Illuminate\\Foundation\\Http\\Middleware\\PreventRequestsDuringMaintenance->handle(Object(Illuminate\\Http\\Request), Object(Closure))
#53 C:\\Users\\USER\\Desktop\\BSIT-3A-IPT2\\Restor-Laravel-App\\vendor\\laravel\\framework\\src\\Illuminate\\Http\\Middleware\\HandleCors.php(48): Illuminate\\Pipeline\\Pipeline->Illuminate\\Pipeline\\{closure}(Object(Illuminate\\Http\\Request))
#54 C:\\Users\\USER\\Desktop\\BSIT-3A-IPT2\\Restor-Laravel-App\\vendor\\laravel\\framework\\src\\Illuminate\\Pipeline\\Pipeline.php(219): Illuminate\\Http\\Middleware\\HandleCors->handle(Object(Illuminate\\Http\\Request), Object(Closure))
#55 C:\\Users\\USER\\Desktop\\BSIT-3A-IPT2\\Restor-Laravel-App\\vendor\\laravel\\framework\\src\\Illuminate\\Http\\Middleware\\TrustProxies.php(58): Illuminate\\Pipeline\\Pipeline->Illuminate\\Pipeline\\{closure}(Object(Illuminate\\Http\\Request))
#56 C:\\Users\\USER\\Desktop\\BSIT-3A-IPT2\\Restor-Laravel-App\\vendor\\laravel\\framework\\src\\Illuminate\\Pipeline\\Pipeline.php(219): Illuminate\\Http\\Middleware\\TrustProxies->handle(Object(Illuminate\\Http\\Request), Object(Closure))
#57 C:\\Users\\USER\\Desktop\\BSIT-3A-IPT2\\Restor-Laravel-App\\vendor\\laravel\\framework\\src\\Illuminate\\Foundation\\Http\\Middleware\\InvokeDeferredCallbacks.php(22): Illuminate\\Pipeline\\Pipeline->Illuminate\\Pipeline\\{closure}(Object(Illuminate\\Http\\Request))
#58 C:\\Users\\USER\\Desktop\\BSIT-3A-IPT2\\Restor-Laravel-App\\vendor\\laravel\\framework\\src\\Illuminate\\Pipeline\\Pipeline.php(219): Illuminate\\Foundation\\Http\\Middleware\\InvokeDeferredCallbacks->handle(Object(Illuminate\\Http\\Request), Object(Closure))
#59 C:\\Users\\USER\\Desktop\\BSIT-3A-IPT2\\Restor-Laravel-App\\vendor\\laravel\\framework\\src\\Illuminate\\Http\\Middleware\\ValidatePathEncoding.php(26): Illuminate\\Pipeline\\Pipeline->Illuminate\\Pipeline\\{closure}(Object(Illuminate\\Http\\Request))
#60 C:\\Users\\USER\\Desktop\\BSIT-3A-IPT2\\Restor-Laravel-App\\vendor\\laravel\\framework\\src\\Illuminate\\Pipeline\\Pipeline.php(219): Illuminate\\Http\\Middleware\\ValidatePathEncoding->handle(Object(Illuminate\\Http\\Request), Object(Closure))
#61 C:\\Users\\USER\\Desktop\\BSIT-3A-IPT2\\Restor-Laravel-App\\vendor\\laravel\\framework\\src\\Illuminate\\Pipeline\\Pipeline.php(137): Illuminate\\Pipeline\\Pipeline->Illuminate\\Pipeline\\{closure}(Object(Illuminate\\Http\\Request))
#62 C:\\Users\\USER\\Desktop\\BSIT-3A-IPT2\\Restor-Laravel-App\\vendor\\laravel\\framework\\src\\Illuminate\\Foundation\\Http\\Kernel.php(175): Illuminate\\Pipeline\\Pipeline->then(Object(Closure))
#63 C:\\Users\\USER\\Desktop\\BSIT-3A-IPT2\\Restor-Laravel-App\\vendor\\laravel\\framework\\src\\Illuminate\\Foundation\\Http\\Kernel.php(144): Illuminate\\Foundation\\Http\\Kernel->sendRequestThroughRouter(Object(Illuminate\\Http\\Request))
#64 C:\\Users\\USER\\Desktop\\BSIT-3A-IPT2\\Restor-Laravel-App\\vendor\\laravel\\framework\\src\\Illuminate\\Foundation\\Application.php(1220): Illuminate\\Foundation\\Http\\Kernel->handle(Object(Illuminate\\Http\\Request))
#65 C:\\Users\\USER\\Desktop\\BSIT-3A-IPT2\\Restor-Laravel-App\\public\\index.php(20): Illuminate\\Foundation\\Application->handleRequest(Object(Illuminate\\Http\\Request))
#66 C:\\Users\\USER\\Desktop\\BSIT-3A-IPT2\\Restor-Laravel-App\\vendor\\laravel\\framework\\src\\Illuminate\\Foundation\\resources\\server.php(23): require_once('C:\\\\Users\\\\USER\\\\D...')
#67 {main}
"} 
[2025-11-02 18:15:53] local.ERROR: Unable to locate a class or view for component [admin-layout]. {"userId":1,"exception":"[object] (InvalidArgumentException(code: 0): Unable to locate a class or view for component [admin-layout]. at C:\\Users\\USER\\Desktop\\BSIT-3A-IPT2\\Restor-Laravel-App\\vendor\\laravel\\framework\\src\\Illuminate\\View\\Compilers\\ComponentTagCompiler.php:315)
[stacktrace]
#0 C:\\Users\\USER\\Desktop\\BSIT-3A-IPT2\\Restor-Laravel-App\\vendor\\laravel\\framework\\src\\Illuminate\\View\\Compilers\\ComponentTagCompiler.php(235): Illuminate\\View\\Compilers\\ComponentTagCompiler->componentClass('admin-layout')
#1 C:\\Users\\USER\\Desktop\\BSIT-3A-IPT2\\Restor-Laravel-App\\vendor\\laravel\\framework\\src\\Illuminate\\View\\Compilers\\ComponentTagCompiler.php(156): Illuminate\\View\\Compilers\\ComponentTagCompiler->componentString('admin-layout', Array)
#2 [internal function]: Illuminate\\View\\Compilers\\ComponentTagCompiler->Illuminate\\View\\Compilers\\{closure}(Array)
#3 C:\\Users\\USER\\Desktop\\BSIT-3A-IPT2\\Restor-Laravel-App\\vendor\\laravel\\framework\\src\\Illuminate\\View\\Compilers\\ComponentTagCompiler.php(151): preg_replace_callback('/\\n            <...', Object(Closure), '<x-admin-layout...')
#4 C:\\Users\\USER\\Desktop\\BSIT-3A-IPT2\\Restor-Laravel-App\\vendor\\laravel\\framework\\src\\Illuminate\\View\\Compilers\\ComponentTagCompiler.php(90): Illuminate\\View\\Compilers\\ComponentTagCompiler->compileOpeningTags('<x-admin-layout...')
#5 C:\\Users\\USER\\Desktop\\BSIT-3A-IPT2\\Restor-Laravel-App\\vendor\\laravel\\framework\\src\\Illuminate\\View\\Compilers\\ComponentTagCompiler.php(76): Illuminate\\View\\Compilers\\ComponentTagCompiler->compileTags('<x-admin-layout...')
#6 C:\\Users\\USER\\Desktop\\BSIT-3A-IPT2\\Restor-Laravel-App\\vendor\\laravel\\framework\\src\\Illuminate\\View\\Compilers\\BladeCompiler.php(455): Illuminate\\View\\Compilers\\ComponentTagCompiler->compile('<x-admin-layout...')
#7 C:\\Users\\USER\\Desktop\\BSIT-3A-IPT2\\Restor-Laravel-App\\vendor\\laravel\\framework\\src\\Illuminate\\View\\Compilers\\BladeCompiler.php(287): Illuminate\\View\\Compilers\\BladeCompiler->compileComponentTags('<x-admin-layout...')
#8 C:\\Users\\USER\\Desktop\\BSIT-3A-IPT2\\Restor-Laravel-App\\vendor\\laravel\\framework\\src\\Illuminate\\View\\Compilers\\BladeCompiler.php(187): Illuminate\\View\\Compilers\\BladeCompiler->compileString('<x-admin-layout...')
#9 C:\\Users\\USER\\Desktop\\BSIT-3A-IPT2\\Restor-Laravel-App\\vendor\\laravel\\framework\\src\\Illuminate\\View\\Engines\\CompilerEngine.php(68): Illuminate\\View\\Compilers\\BladeCompiler->compile('C:\\\\Users\\\\USER\\\\D...')
#10 C:\\Users\\USER\\Desktop\\BSIT-3A-IPT2\\Restor-Laravel-App\\vendor\\laravel\\framework\\src\\Illuminate\\View\\View.php(208): Illuminate\\View\\Engines\\CompilerEngine->get('C:\\\\Users\\\\USER\\\\D...', Array)
#11 C:\\Users\\USER\\Desktop\\BSIT-3A-IPT2\\Restor-Laravel-App\\vendor\\laravel\\framework\\src\\Illuminate\\View\\View.php(191): Illuminate\\View\\View->getContents()
#12 C:\\Users\\USER\\Desktop\\BSIT-3A-IPT2\\Restor-Laravel-App\\vendor\\laravel\\framework\\src\\Illuminate\\View\\View.php(160): Illuminate\\View\\View->renderContents()
#13 C:\\Users\\USER\\Desktop\\BSIT-3A-IPT2\\Restor-Laravel-App\\vendor\\laravel\\framework\\src\\Illuminate\\Http\\Response.php(78): Illuminate\\View\\View->render()
#14 C:\\Users\\USER\\Desktop\\BSIT-3A-IPT2\\Restor-Laravel-App\\vendor\\laravel\\framework\\src\\Illuminate\\Http\\Response.php(34): Illuminate\\Http\\Response->setContent(Object(Illuminate\\View\\View))
#15 C:\\Users\\USER\\Desktop\\BSIT-3A-IPT2\\Restor-Laravel-App\\vendor\\laravel\\framework\\src\\Illuminate\\Routing\\Router.php(939): Illuminate\\Http\\Response->__construct(Object(Illuminate\\View\\View), 200, Array)
#16 C:\\Users\\USER\\Desktop\\BSIT-3A-IPT2\\Restor-Laravel-App\\vendor\\laravel\\framework\\src\\Illuminate\\Routing\\Router.php(906): Illuminate\\Routing\\Router::toResponse(Object(Illuminate\\Http\\Request), Object(Illuminate\\View\\View))
#17 C:\\Users\\USER\\Desktop\\BSIT-3A-IPT2\\Restor-Laravel-App\\vendor\\laravel\\framework\\src\\Illuminate\\Routing\\Router.php(821): Illuminate\\Routing\\Router->prepareResponse(Object(Illuminate\\Http\\Request), Object(Illuminate\\View\\View))
#18 C:\\Users\\USER\\Desktop\\BSIT-3A-IPT2\\Restor-Laravel-App\\vendor\\laravel\\framework\\src\\Illuminate\\Pipeline\\Pipeline.php(180): Illuminate\\Routing\\Router->Illuminate\\Routing\\{closure}(Object(Illuminate\\Http\\Request))
#19 C:\\Users\\USER\\Desktop\\BSIT-3A-IPT2\\Restor-Laravel-App\\vendor\\laravel\\framework\\src\\Illuminate\\Auth\\Middleware\\EnsureEmailIsVerified.php(41): Illuminate\\Pipeline\\Pipeline->Illuminate\\Pipeline\\{closure}(Object(Illuminate\\Http\\Request))
#20 C:\\Users\\USER\\Desktop\\BSIT-3A-IPT2\\Restor-Laravel-App\\vendor\\laravel\\framework\\src\\Illuminate\\Pipeline\\Pipeline.php(219): Illuminate\\Auth\\Middleware\\EnsureEmailIsVerified->handle(Object(Illuminate\\Http\\Request), Object(Closure))
#21 C:\\Users\\USER\\Desktop\\BSIT-3A-IPT2\\Restor-Laravel-App\\vendor\\laravel\\framework\\src\\Illuminate\\Routing\\Middleware\\SubstituteBindings.php(50): Illuminate\\Pipeline\\Pipeline->Illuminate\\Pipeline\\{closure}(Object(Illuminate\\Http\\Request))
#22 C:\\Users\\USER\\Desktop\\BSIT-3A-IPT2\\Restor-Laravel-App\\vendor\\laravel\\framework\\src\\Illuminate\\Pipeline\\Pipeline.php(219): Illuminate\\Routing\\Middleware\\SubstituteBindings->handle(Object(Illuminate\\Http\\Request), Object(Closure))
#23 C:\\Users\\USER\\Desktop\\BSIT-3A-IPT2\\Restor-Laravel-App\\vendor\\laravel\\framework\\src\\Illuminate\\Auth\\Middleware\\Authenticate.php(63): Illuminate\\Pipeline\\Pipeline->Illuminate\\Pipeline\\{closure}(Object(Illuminate\\Http\\Request))
#24 C:\\Users\\USER\\Desktop\\BSIT-3A-IPT2\\Restor-Laravel-App\\vendor\\laravel\\framework\\src\\Illuminate\\Pipeline\\Pipeline.php(219): Illuminate\\Auth\\Middleware\\Authenticate->handle(Object(Illuminate\\Http\\Request), Object(Closure))
#25 C:\\Users\\USER\\Desktop\\BSIT-3A-IPT2\\Restor-Laravel-App\\vendor\\laravel\\framework\\src\\Illuminate\\Foundation\\Http\\Middleware\\VerifyCsrfToken.php(87): Illuminate\\Pipeline\\Pipeline->Illuminate\\Pipeline\\{closure}(Object(Illuminate\\Http\\Request))
#26 C:\\Users\\USER\\Desktop\\BSIT-3A-IPT2\\Restor-Laravel-App\\vendor\\laravel\\framework\\src\\Illuminate\\Pipeline\\Pipeline.php(219): Illuminate\\Foundation\\Http\\Middleware\\VerifyCsrfToken->handle(Object(Illuminate\\Http\\Request), Object(Closure))
#27 C:\\Users\\USER\\Desktop\\BSIT-3A-IPT2\\Restor-Laravel-App\\vendor\\laravel\\framework\\src\\Illuminate\\View\\Middleware\\ShareErrorsFromSession.php(48): Illuminate\\Pipeline\\Pipeline->Illuminate\\Pipeline\\{closure}(Object(Illuminate\\Http\\Request))
#28 C:\\Users\\USER\\Desktop\\BSIT-3A-IPT2\\Restor-Laravel-App\\vendor\\laravel\\framework\\src\\Illuminate\\Pipeline\\Pipeline.php(219): Illuminate\\View\\Middleware\\ShareErrorsFromSession->handle(Object(Illuminate\\Http\\Request), Object(Closure))
#29 C:\\Users\\USER\\Desktop\\BSIT-3A-IPT2\\Restor-Laravel-App\\vendor\\laravel\\framework\\src\\Illuminate\\Session\\Middleware\\StartSession.php(120): Illuminate\\Pipeline\\Pipeline->Illuminate\\Pipeline\\{closure}(Object(Illuminate\\Http\\Request))
#30 C:\\Users\\USER\\Desktop\\BSIT-3A-IPT2\\Restor-Laravel-App\\vendor\\laravel\\framework\\src\\Illuminate\\Session\\Middleware\\StartSession.php(63): Illuminate\\Session\\Middleware\\StartSession->handleStatefulRequest(Object(Illuminate\\Http\\Request), Object(Illuminate\\Session\\Store), Object(Closure))
#31 C:\\Users\\USER\\Desktop\\BSIT-3A-IPT2\\Restor-Laravel-App\\vendor\\laravel\\framework\\src\\Illuminate\\Pipeline\\Pipeline.php(219): Illuminate\\Session\\Middleware\\StartSession->handle(Object(Illuminate\\Http\\Request), Object(Closure))
#32 C:\\Users\\USER\\Desktop\\BSIT-3A-IPT2\\Restor-Laravel-App\\vendor\\laravel\\framework\\src\\Illuminate\\Cookie\\Middleware\\AddQueuedCookiesToResponse.php(36): Illuminate\\Pipeline\\Pipeline->Illuminate\\Pipeline\\{closure}(Object(Illuminate\\Http\\Request))
#33 C:\\Users\\USER\\Desktop\\BSIT-3A-IPT2\\Restor-Laravel-App\\vendor\\laravel\\framework\\src\\Illuminate\\Pipeline\\Pipeline.php(219): Illuminate\\Cookie\\Middleware\\AddQueuedCookiesToResponse->handle(Object(Illuminate\\Http\\Request), Object(Closure))
#34 C:\\Users\\USER\\Desktop\\BSIT-3A-IPT2\\Restor-Laravel-App\\vendor\\laravel\\framework\\src\\Illuminate\\Cookie\\Middleware\\EncryptCookies.php(74): Illuminate\\Pipeline\\Pipeline->Illuminate\\Pipeline\\{closure}(Object(Illuminate\\Http\\Request))
#35 C:\\Users\\USER\\Desktop\\BSIT-3A-IPT2\\Restor-Laravel-App\\vendor\\laravel\\framework\\src\\Illuminate\\Pipeline\\Pipeline.php(219): Illuminate\\Cookie\\Middleware\\EncryptCookies->handle(Object(Illuminate\\Http\\Request), Object(Closure))
#36 C:\\Users\\USER\\Desktop\\BSIT-3A-IPT2\\Restor-Laravel-App\\vendor\\laravel\\framework\\src\\Illuminate\\Pipeline\\Pipeline.php(137): Illuminate\\Pipeline\\Pipeline->Illuminate\\Pipeline\\{closure}(Object(Illuminate\\Http\\Request))
#37 C:\\Users\\USER\\Desktop\\BSIT-3A-IPT2\\Restor-Laravel-App\\vendor\\laravel\\framework\\src\\Illuminate\\Routing\\Router.php(821): Illuminate\\Pipeline\\Pipeline->then(Object(Closure))
#38 C:\\Users\\USER\\Desktop\\BSIT-3A-IPT2\\Restor-Laravel-App\\vendor\\laravel\\framework\\src\\Illuminate\\Routing\\Router.php(800): Illuminate\\Routing\\Router->runRouteWithinStack(Object(Illuminate\\Routing\\Route), Object(Illuminate\\Http\\Request))
#39 C:\\Users\\USER\\Desktop\\BSIT-3A-IPT2\\Restor-Laravel-App\\vendor\\laravel\\framework\\src\\Illuminate\\Routing\\Router.php(764): Illuminate\\Routing\\Router->runRoute(Object(Illuminate\\Http\\Request), Object(Illuminate\\Routing\\Route))
#40 C:\\Users\\USER\\Desktop\\BSIT-3A-IPT2\\Restor-Laravel-App\\vendor\\laravel\\framework\\src\\Illuminate\\Routing\\Router.php(753): Illuminate\\Routing\\Router->dispatchToRoute(Object(Illuminate\\Http\\Request))
#41 C:\\Users\\USER\\Desktop\\BSIT-3A-IPT2\\Restor-Laravel-App\\vendor\\laravel\\framework\\src\\Illuminate\\Foundation\\Http\\Kernel.php(200): Illuminate\\Routing\\Router->dispatch(Object(Illuminate\\Http\\Request))
#42 C:\\Users\\USER\\Desktop\\BSIT-3A-IPT2\\Restor-Laravel-App\\vendor\\laravel\\framework\\src\\Illuminate\\Pipeline\\Pipeline.php(180): Illuminate\\Foundation\\Http\\Kernel->Illuminate\\Foundation\\Http\\{closure}(Object(Illuminate\\Http\\Request))
#43 C:\\Users\\USER\\Desktop\\BSIT-3A-IPT2\\Restor-Laravel-App\\vendor\\laravel\\framework\\src\\Illuminate\\Foundation\\Http\\Middleware\\TransformsRequest.php(21): Illuminate\\Pipeline\\Pipeline->Illuminate\\Pipeline\\{closure}(Object(Illuminate\\Http\\Request))
#44 C:\\Users\\USER\\Desktop\\BSIT-3A-IPT2\\Restor-Laravel-App\\vendor\\laravel\\framework\\src\\Illuminate\\Foundation\\Http\\Middleware\\ConvertEmptyStringsToNull.php(31): Illuminate\\Foundation\\Http\\Middleware\\TransformsRequest->handle(Object(Illuminate\\Http\\Request), Object(Closure))
#45 C:\\Users\\USER\\Desktop\\BSIT-3A-IPT2\\Restor-Laravel-App\\vendor\\laravel\\framework\\src\\Illuminate\\Pipeline\\Pipeline.php(219): Illuminate\\Foundation\\Http\\Middleware\\ConvertEmptyStringsToNull->handle(Object(Illuminate\\Http\\Request), Object(Closure))
#46 C:\\Users\\USER\\Desktop\\BSIT-3A-IPT2\\Restor-Laravel-App\\vendor\\laravel\\framework\\src\\Illuminate\\Foundation\\Http\\Middleware\\TransformsRequest.php(21): Illuminate\\Pipeline\\Pipeline->Illuminate\\Pipeline\\{closure}(Object(Illuminate\\Http\\Request))
#47 C:\\Users\\USER\\Desktop\\BSIT-3A-IPT2\\Restor-Laravel-App\\vendor\\laravel\\framework\\src\\Illuminate\\Foundation\\Http\\Middleware\\TrimStrings.php(51): Illuminate\\Foundation\\Http\\Middleware\\TransformsRequest->handle(Object(Illuminate\\Http\\Request), Object(Closure))
#48 C:\\Users\\USER\\Desktop\\BSIT-3A-IPT2\\Restor-Laravel-App\\vendor\\laravel\\framework\\src\\Illuminate\\Pipeline\\Pipeline.php(219): Illuminate\\Foundation\\Http\\Middleware\\TrimStrings->handle(Object(Illuminate\\Http\\Request), Object(Closure))
#49 C:\\Users\\USER\\Desktop\\BSIT-3A-IPT2\\Restor-Laravel-App\\vendor\\laravel\\framework\\src\\Illuminate\\Http\\Middleware\\ValidatePostSize.php(27): Illuminate\\Pipeline\\Pipeline->Illuminate\\Pipeline\\{closure}(Object(Illuminate\\Http\\Request))
#50 C:\\Users\\USER\\Desktop\\BSIT-3A-IPT2\\Restor-Laravel-App\\vendor\\laravel\\framework\\src\\Illuminate\\Pipeline\\Pipeline.php(219): Illuminate\\Http\\Middleware\\ValidatePostSize->handle(Object(Illuminate\\Http\\Request), Object(Closure))
#51 C:\\Users\\USER\\Desktop\\BSIT-3A-IPT2\\Restor-Laravel-App\\vendor\\laravel\\framework\\src\\Illuminate\\Foundation\\Http\\Middleware\\PreventRequestsDuringMaintenance.php(109): Illuminate\\Pipeline\\Pipeline->Illuminate\\Pipeline\\{closure}(Object(Illuminate\\Http\\Request))
#52 C:\\Users\\USER\\Desktop\\BSIT-3A-IPT2\\Restor-Laravel-App\\vendor\\laravel\\framework\\src\\Illuminate\\Pipeline\\Pipeline.php(219): Illuminate\\Foundation\\Http\\Middleware\\PreventRequestsDuringMaintenance->handle(Object(Illuminate\\Http\\Request), Object(Closure))
#53 C:\\Users\\USER\\Desktop\\BSIT-3A-IPT2\\Restor-Laravel-App\\vendor\\laravel\\framework\\src\\Illuminate\\Http\\Middleware\\HandleCors.php(48): Illuminate\\Pipeline\\Pipeline->Illuminate\\Pipeline\\{closure}(Object(Illuminate\\Http\\Request))
#54 C:\\Users\\USER\\Desktop\\BSIT-3A-IPT2\\Restor-Laravel-App\\vendor\\laravel\\framework\\src\\Illuminate\\Pipeline\\Pipeline.php(219): Illuminate\\Http\\Middleware\\HandleCors->handle(Object(Illuminate\\Http\\Request), Object(Closure))
#55 C:\\Users\\USER\\Desktop\\BSIT-3A-IPT2\\Restor-Laravel-App\\vendor\\laravel\\framework\\src\\Illuminate\\Http\\Middleware\\TrustProxies.php(58): Illuminate\\Pipeline\\Pipeline->Illuminate\\Pipeline\\{closure}(Object(Illuminate\\Http\\Request))
#56 C:\\Users\\USER\\Desktop\\BSIT-3A-IPT2\\Restor-Laravel-App\\vendor\\laravel\\framework\\src\\Illuminate\\Pipeline\\Pipeline.php(219): Illuminate\\Http\\Middleware\\TrustProxies->handle(Object(Illuminate\\Http\\Request), Object(Closure))
#57 C:\\Users\\USER\\Desktop\\BSIT-3A-IPT2\\Restor-Laravel-App\\vendor\\laravel\\framework\\src\\Illuminate\\Foundation\\Http\\Middleware\\InvokeDeferredCallbacks.php(22): Illuminate\\Pipeline\\Pipeline->Illuminate\\Pipeline\\{closure}(Object(Illuminate\\Http\\Request))
#58 C:\\Users\\USER\\Desktop\\BSIT-3A-IPT2\\Restor-Laravel-App\\vendor\\laravel\\framework\\src\\Illuminate\\Pipeline\\Pipeline.php(219): Illuminate\\Foundation\\Http\\Middleware\\InvokeDeferredCallbacks->handle(Object(Illuminate\\Http\\Request), Object(Closure))
#59 C:\\Users\\USER\\Desktop\\BSIT-3A-IPT2\\Restor-Laravel-App\\vendor\\laravel\\framework\\src\\Illuminate\\Http\\Middleware\\ValidatePathEncoding.php(26): Illuminate\\Pipeline\\Pipeline->Illuminate\\Pipeline\\{closure}(Object(Illuminate\\Http\\Request))
#60 C:\\Users\\USER\\Desktop\\BSIT-3A-IPT2\\Restor-Laravel-App\\vendor\\laravel\\framework\\src\\Illuminate\\Pipeline\\Pipeline.php(219): Illuminate\\Http\\Middleware\\ValidatePathEncoding->handle(Object(Illuminate\\Http\\Request), Object(Closure))
#61 C:\\Users\\USER\\Desktop\\BSIT-3A-IPT2\\Restor-Laravel-App\\vendor\\laravel\\framework\\src\\Illuminate\\Pipeline\\Pipeline.php(137): Illuminate\\Pipeline\\Pipeline->Illuminate\\Pipeline\\{closure}(Object(Illuminate\\Http\\Request))
#62 C:\\Users\\USER\\Desktop\\BSIT-3A-IPT2\\Restor-Laravel-App\\vendor\\laravel\\framework\\src\\Illuminate\\Foundation\\Http\\Kernel.php(175): Illuminate\\Pipeline\\Pipeline->then(Object(Closure))
#63 C:\\Users\\USER\\Desktop\\BSIT-3A-IPT2\\Restor-Laravel-App\\vendor\\laravel\\framework\\src\\Illuminate\\Foundation\\Http\\Kernel.php(144): Illuminate\\Foundation\\Http\\Kernel->sendRequestThroughRouter(Object(Illuminate\\Http\\Request))
#64 C:\\Users\\USER\\Desktop\\BSIT-3A-IPT2\\Restor-Laravel-App\\vendor\\laravel\\framework\\src\\Illuminate\\Foundation\\Application.php(1220): Illuminate\\Foundation\\Http\\Kernel->handle(Object(Illuminate\\Http\\Request))
#65 C:\\Users\\USER\\Desktop\\BSIT-3A-IPT2\\Restor-Laravel-App\\public\\index.php(20): Illuminate\\Foundation\\Application->handleRequest(Object(Illuminate\\Http\\Request))
#66 C:\\Users\\USER\\Desktop\\BSIT-3A-IPT2\\Restor-Laravel-App\\vendor\\laravel\\framework\\src\\Illuminate\\Foundation\\resources\\server.php(23): require_once('C:\\\\Users\\\\USER\\\\D...')
#67 {main}
"} 
[2025-11-02 18:15:54] local.ERROR: Unable to locate a class or view for component [admin-layout]. {"userId":1,"exception":"[object] (InvalidArgumentException(code: 0): Unable to locate a class or view for component [admin-layout]. at C:\\Users\\USER\\Desktop\\BSIT-3A-IPT2\\Restor-Laravel-App\\vendor\\laravel\\framework\\src\\Illuminate\\View\\Compilers\\ComponentTagCompiler.php:315)
[stacktrace]
#0 C:\\Users\\USER\\Desktop\\BSIT-3A-IPT2\\Restor-Laravel-App\\vendor\\laravel\\framework\\src\\Illuminate\\View\\Compilers\\ComponentTagCompiler.php(235): Illuminate\\View\\Compilers\\ComponentTagCompiler->componentClass('admin-layout')
#1 C:\\Users\\USER\\Desktop\\BSIT-3A-IPT2\\Restor-Laravel-App\\vendor\\laravel\\framework\\src\\Illuminate\\View\\Compilers\\ComponentTagCompiler.php(156): Illuminate\\View\\Compilers\\ComponentTagCompiler->componentString('admin-layout', Array)
#2 [internal function]: Illuminate\\View\\Compilers\\ComponentTagCompiler->Illuminate\\View\\Compilers\\{closure}(Array)
#3 C:\\Users\\USER\\Desktop\\BSIT-3A-IPT2\\Restor-Laravel-App\\vendor\\laravel\\framework\\src\\Illuminate\\View\\Compilers\\ComponentTagCompiler.php(151): preg_replace_callback('/\\n            <...', Object(Closure), '<x-admin-layout...')
#4 C:\\Users\\USER\\Desktop\\BSIT-3A-IPT2\\Restor-Laravel-App\\vendor\\laravel\\framework\\src\\Illuminate\\View\\Compilers\\ComponentTagCompiler.php(90): Illuminate\\View\\Compilers\\ComponentTagCompiler->compileOpeningTags('<x-admin-layout...')
#5 C:\\Users\\USER\\Desktop\\BSIT-3A-IPT2\\Restor-Laravel-App\\vendor\\laravel\\framework\\src\\Illuminate\\View\\Compilers\\ComponentTagCompiler.php(76): Illuminate\\View\\Compilers\\ComponentTagCompiler->compileTags('<x-admin-layout...')
#6 C:\\Users\\USER\\Desktop\\BSIT-3A-IPT2\\Restor-Laravel-App\\vendor\\laravel\\framework\\src\\Illuminate\\View\\Compilers\\BladeCompiler.php(455): Illuminate\\View\\Compilers\\ComponentTagCompiler->compile('<x-admin-layout...')
#7 C:\\Users\\USER\\Desktop\\BSIT-3A-IPT2\\Restor-Laravel-App\\vendor\\laravel\\framework\\src\\Illuminate\\View\\Compilers\\BladeCompiler.php(287): Illuminate\\View\\Compilers\\BladeCompiler->compileComponentTags('<x-admin-layout...')
#8 C:\\Users\\USER\\Desktop\\BSIT-3A-IPT2\\Restor-Laravel-App\\vendor\\laravel\\framework\\src\\Illuminate\\View\\Compilers\\BladeCompiler.php(187): Illuminate\\View\\Compilers\\BladeCompiler->compileString('<x-admin-layout...')
#9 C:\\Users\\USER\\Desktop\\BSIT-3A-IPT2\\Restor-Laravel-App\\vendor\\laravel\\framework\\src\\Illuminate\\View\\Engines\\CompilerEngine.php(68): Illuminate\\View\\Compilers\\BladeCompiler->compile('C:\\\\Users\\\\USER\\\\D...')
#10 C:\\Users\\USER\\Desktop\\BSIT-3A-IPT2\\Restor-Laravel-App\\vendor\\laravel\\framework\\src\\Illuminate\\View\\View.php(208): Illuminate\\View\\Engines\\CompilerEngine->get('C:\\\\Users\\\\USER\\\\D...', Array)
#11 C:\\Users\\USER\\Desktop\\BSIT-3A-IPT2\\Restor-Laravel-App\\vendor\\laravel\\framework\\src\\Illuminate\\View\\View.php(191): Illuminate\\View\\View->getContents()
#12 C:\\Users\\USER\\Desktop\\BSIT-3A-IPT2\\Restor-Laravel-App\\vendor\\laravel\\framework\\src\\Illuminate\\View\\View.php(160): Illuminate\\View\\View->renderContents()
#13 C:\\Users\\USER\\Desktop\\BSIT-3A-IPT2\\Restor-Laravel-App\\vendor\\laravel\\framework\\src\\Illuminate\\Http\\Response.php(78): Illuminate\\View\\View->render()
#14 C:\\Users\\USER\\Desktop\\BSIT-3A-IPT2\\Restor-Laravel-App\\vendor\\laravel\\framework\\src\\Illuminate\\Http\\Response.php(34): Illuminate\\Http\\Response->setContent(Object(Illuminate\\View\\View))
#15 C:\\Users\\USER\\Desktop\\BSIT-3A-IPT2\\Restor-Laravel-App\\vendor\\laravel\\framework\\src\\Illuminate\\Routing\\Router.php(939): Illuminate\\Http\\Response->__construct(Object(Illuminate\\View\\View), 200, Array)
#16 C:\\Users\\USER\\Desktop\\BSIT-3A-IPT2\\Restor-Laravel-App\\vendor\\laravel\\framework\\src\\Illuminate\\Routing\\Router.php(906): Illuminate\\Routing\\Router::toResponse(Object(Illuminate\\Http\\Request), Object(Illuminate\\View\\View))
#17 C:\\Users\\USER\\Desktop\\BSIT-3A-IPT2\\Restor-Laravel-App\\vendor\\laravel\\framework\\src\\Illuminate\\Routing\\Router.php(821): Illuminate\\Routing\\Router->prepareResponse(Object(Illuminate\\Http\\Request), Object(Illuminate\\View\\View))
#18 C:\\Users\\USER\\Desktop\\BSIT-3A-IPT2\\Restor-Laravel-App\\vendor\\laravel\\framework\\src\\Illuminate\\Pipeline\\Pipeline.php(180): Illuminate\\Routing\\Router->Illuminate\\Routing\\{closure}(Object(Illuminate\\Http\\Request))
#19 C:\\Users\\USER\\Desktop\\BSIT-3A-IPT2\\Restor-Laravel-App\\vendor\\laravel\\framework\\src\\Illuminate\\Auth\\Middleware\\EnsureEmailIsVerified.php(41): Illuminate\\Pipeline\\Pipeline->Illuminate\\Pipeline\\{closure}(Object(Illuminate\\Http\\Request))
#20 C:\\Users\\USER\\Desktop\\BSIT-3A-IPT2\\Restor-Laravel-App\\vendor\\laravel\\framework\\src\\Illuminate\\Pipeline\\Pipeline.php(219): Illuminate\\Auth\\Middleware\\EnsureEmailIsVerified->handle(Object(Illuminate\\Http\\Request), Object(Closure))
#21 C:\\Users\\USER\\Desktop\\BSIT-3A-IPT2\\Restor-Laravel-App\\vendor\\laravel\\framework\\src\\Illuminate\\Routing\\Middleware\\SubstituteBindings.php(50): Illuminate\\Pipeline\\Pipeline->Illuminate\\Pipeline\\{closure}(Object(Illuminate\\Http\\Request))
#22 C:\\Users\\USER\\Desktop\\BSIT-3A-IPT2\\Restor-Laravel-App\\vendor\\laravel\\framework\\src\\Illuminate\\Pipeline\\Pipeline.php(219): Illuminate\\Routing\\Middleware\\SubstituteBindings->handle(Object(Illuminate\\Http\\Request), Object(Closure))
#23 C:\\Users\\USER\\Desktop\\BSIT-3A-IPT2\\Restor-Laravel-App\\vendor\\laravel\\framework\\src\\Illuminate\\Auth\\Middleware\\Authenticate.php(63): Illuminate\\Pipeline\\Pipeline->Illuminate\\Pipeline\\{closure}(Object(Illuminate\\Http\\Request))
#24 C:\\Users\\USER\\Desktop\\BSIT-3A-IPT2\\Restor-Laravel-App\\vendor\\laravel\\framework\\src\\Illuminate\\Pipeline\\Pipeline.php(219): Illuminate\\Auth\\Middleware\\Authenticate->handle(Object(Illuminate\\Http\\Request), Object(Closure))
#25 C:\\Users\\USER\\Desktop\\BSIT-3A-IPT2\\Restor-Laravel-App\\vendor\\laravel\\framework\\src\\Illuminate\\Foundation\\Http\\Middleware\\VerifyCsrfToken.php(87): Illuminate\\Pipeline\\Pipeline->Illuminate\\Pipeline\\{closure}(Object(Illuminate\\Http\\Request))
#26 C:\\Users\\USER\\Desktop\\BSIT-3A-IPT2\\Restor-Laravel-App\\vendor\\laravel\\framework\\src\\Illuminate\\Pipeline\\Pipeline.php(219): Illuminate\\Foundation\\Http\\Middleware\\VerifyCsrfToken->handle(Object(Illuminate\\Http\\Request), Object(Closure))
#27 C:\\Users\\USER\\Desktop\\BSIT-3A-IPT2\\Restor-Laravel-App\\vendor\\laravel\\framework\\src\\Illuminate\\View\\Middleware\\ShareErrorsFromSession.php(48): Illuminate\\Pipeline\\Pipeline->Illuminate\\Pipeline\\{closure}(Object(Illuminate\\Http\\Request))
#28 C:\\Users\\USER\\Desktop\\BSIT-3A-IPT2\\Restor-Laravel-App\\vendor\\laravel\\framework\\src\\Illuminate\\Pipeline\\Pipeline.php(219): Illuminate\\View\\Middleware\\ShareErrorsFromSession->handle(Object(Illuminate\\Http\\Request), Object(Closure))
#29 C:\\Users\\USER\\Desktop\\BSIT-3A-IPT2\\Restor-Laravel-App\\vendor\\laravel\\framework\\src\\Illuminate\\Session\\Middleware\\StartSession.php(120): Illuminate\\Pipeline\\Pipeline->Illuminate\\Pipeline\\{closure}(Object(Illuminate\\Http\\Request))
#30 C:\\Users\\USER\\Desktop\\BSIT-3A-IPT2\\Restor-Laravel-App\\vendor\\laravel\\framework\\src\\Illuminate\\Session\\Middleware\\StartSession.php(63): Illuminate\\Session\\Middleware\\StartSession->handleStatefulRequest(Object(Illuminate\\Http\\Request), Object(Illuminate\\Session\\Store), Object(Closure))
#31 C:\\Users\\USER\\Desktop\\BSIT-3A-IPT2\\Restor-Laravel-App\\vendor\\laravel\\framework\\src\\Illuminate\\Pipeline\\Pipeline.php(219): Illuminate\\Session\\Middleware\\StartSession->handle(Object(Illuminate\\Http\\Request), Object(Closure))
#32 C:\\Users\\USER\\Desktop\\BSIT-3A-IPT2\\Restor-Laravel-App\\vendor\\laravel\\framework\\src\\Illuminate\\Cookie\\Middleware\\AddQueuedCookiesToResponse.php(36): Illuminate\\Pipeline\\Pipeline->Illuminate\\Pipeline\\{closure}(Object(Illuminate\\Http\\Request))
#33 C:\\Users\\USER\\Desktop\\BSIT-3A-IPT2\\Restor-Laravel-App\\vendor\\laravel\\framework\\src\\Illuminate\\Pipeline\\Pipeline.php(219): Illuminate\\Cookie\\Middleware\\AddQueuedCookiesToResponse->handle(Object(Illuminate\\Http\\Request), Object(Closure))
#34 C:\\Users\\USER\\Desktop\\BSIT-3A-IPT2\\Restor-Laravel-App\\vendor\\laravel\\framework\\src\\Illuminate\\Cookie\\Middleware\\EncryptCookies.php(74): Illuminate\\Pipeline\\Pipeline->Illuminate\\Pipeline\\{closure}(Object(Illuminate\\Http\\Request))
#35 C:\\Users\\USER\\Desktop\\BSIT-3A-IPT2\\Restor-Laravel-App\\vendor\\laravel\\framework\\src\\Illuminate\\Pipeline\\Pipeline.php(219): Illuminate\\Cookie\\Middleware\\EncryptCookies->handle(Object(Illuminate\\Http\\Request), Object(Closure))
#36 C:\\Users\\USER\\Desktop\\BSIT-3A-IPT2\\Restor-Laravel-App\\vendor\\laravel\\framework\\src\\Illuminate\\Pipeline\\Pipeline.php(137): Illuminate\\Pipeline\\Pipeline->Illuminate\\Pipeline\\{closure}(Object(Illuminate\\Http\\Request))
#37 C:\\Users\\USER\\Desktop\\BSIT-3A-IPT2\\Restor-Laravel-App\\vendor\\laravel\\framework\\src\\Illuminate\\Routing\\Router.php(821): Illuminate\\Pipeline\\Pipeline->then(Object(Closure))
#38 C:\\Users\\USER\\Desktop\\BSIT-3A-IPT2\\Restor-Laravel-App\\vendor\\laravel\\framework\\src\\Illuminate\\Routing\\Router.php(800): Illuminate\\Routing\\Router->runRouteWithinStack(Object(Illuminate\\Routing\\Route), Object(Illuminate\\Http\\Request))
#39 C:\\Users\\USER\\Desktop\\BSIT-3A-IPT2\\Restor-Laravel-App\\vendor\\laravel\\framework\\src\\Illuminate\\Routing\\Router.php(764): Illuminate\\Routing\\Router->runRoute(Object(Illuminate\\Http\\Request), Object(Illuminate\\Routing\\Route))
#40 C:\\Users\\USER\\Desktop\\BSIT-3A-IPT2\\Restor-Laravel-App\\vendor\\laravel\\framework\\src\\Illuminate\\Routing\\Router.php(753): Illuminate\\Routing\\Router->dispatchToRoute(Object(Illuminate\\Http\\Request))
#41 C:\\Users\\USER\\Desktop\\BSIT-3A-IPT2\\Restor-Laravel-App\\vendor\\laravel\\framework\\src\\Illuminate\\Foundation\\Http\\Kernel.php(200): Illuminate\\Routing\\Router->dispatch(Object(Illuminate\\Http\\Request))
#42 C:\\Users\\USER\\Desktop\\BSIT-3A-IPT2\\Restor-Laravel-App\\vendor\\laravel\\framework\\src\\Illuminate\\Pipeline\\Pipeline.php(180): Illuminate\\Foundation\\Http\\Kernel->Illuminate\\Foundation\\Http\\{closure}(Object(Illuminate\\Http\\Request))
#43 C:\\Users\\USER\\Desktop\\BSIT-3A-IPT2\\Restor-Laravel-App\\vendor\\laravel\\framework\\src\\Illuminate\\Foundation\\Http\\Middleware\\TransformsRequest.php(21): Illuminate\\Pipeline\\Pipeline->Illuminate\\Pipeline\\{closure}(Object(Illuminate\\Http\\Request))
#44 C:\\Users\\USER\\Desktop\\BSIT-3A-IPT2\\Restor-Laravel-App\\vendor\\laravel\\framework\\src\\Illuminate\\Foundation\\Http\\Middleware\\ConvertEmptyStringsToNull.php(31): Illuminate\\Foundation\\Http\\Middleware\\TransformsRequest->handle(Object(Illuminate\\Http\\Request), Object(Closure))
#45 C:\\Users\\USER\\Desktop\\BSIT-3A-IPT2\\Restor-Laravel-App\\vendor\\laravel\\framework\\src\\Illuminate\\Pipeline\\Pipeline.php(219): Illuminate\\Foundation\\Http\\Middleware\\ConvertEmptyStringsToNull->handle(Object(Illuminate\\Http\\Request), Object(Closure))
#46 C:\\Users\\USER\\Desktop\\BSIT-3A-IPT2\\Restor-Laravel-App\\vendor\\laravel\\framework\\src\\Illuminate\\Foundation\\Http\\Middleware\\TransformsRequest.php(21): Illuminate\\Pipeline\\Pipeline->Illuminate\\Pipeline\\{closure}(Object(Illuminate\\Http\\Request))
#47 C:\\Users\\USER\\Desktop\\BSIT-3A-IPT2\\Restor-Laravel-App\\vendor\\laravel\\framework\\src\\Illuminate\\Foundation\\Http\\Middleware\\TrimStrings.php(51): Illuminate\\Foundation\\Http\\Middleware\\TransformsRequest->handle(Object(Illuminate\\Http\\Request), Object(Closure))
#48 C:\\Users\\USER\\Desktop\\BSIT-3A-IPT2\\Restor-Laravel-App\\vendor\\laravel\\framework\\src\\Illuminate\\Pipeline\\Pipeline.php(219): Illuminate\\Foundation\\Http\\Middleware\\TrimStrings->handle(Object(Illuminate\\Http\\Request), Object(Closure))
#49 C:\\Users\\USER\\Desktop\\BSIT-3A-IPT2\\Restor-Laravel-App\\vendor\\laravel\\framework\\src\\Illuminate\\Http\\Middleware\\ValidatePostSize.php(27): Illuminate\\Pipeline\\Pipeline->Illuminate\\Pipeline\\{closure}(Object(Illuminate\\Http\\Request))
#50 C:\\Users\\USER\\Desktop\\BSIT-3A-IPT2\\Restor-Laravel-App\\vendor\\laravel\\framework\\src\\Illuminate\\Pipeline\\Pipeline.php(219): Illuminate\\Http\\Middleware\\ValidatePostSize->handle(Object(Illuminate\\Http\\Request), Object(Closure))
#51 C:\\Users\\USER\\Desktop\\BSIT-3A-IPT2\\Restor-Laravel-App\\vendor\\laravel\\framework\\src\\Illuminate\\Foundation\\Http\\Middleware\\PreventRequestsDuringMaintenance.php(109): Illuminate\\Pipeline\\Pipeline->Illuminate\\Pipeline\\{closure}(Object(Illuminate\\Http\\Request))
#52 C:\\Users\\USER\\Desktop\\BSIT-3A-IPT2\\Restor-Laravel-App\\vendor\\laravel\\framework\\src\\Illuminate\\Pipeline\\Pipeline.php(219): Illuminate\\Foundation\\Http\\Middleware\\PreventRequestsDuringMaintenance->handle(Object(Illuminate\\Http\\Request), Object(Closure))
#53 C:\\Users\\USER\\Desktop\\BSIT-3A-IPT2\\Restor-Laravel-App\\vendor\\laravel\\framework\\src\\Illuminate\\Http\\Middleware\\HandleCors.php(48): Illuminate\\Pipeline\\Pipeline->Illuminate\\Pipeline\\{closure}(Object(Illuminate\\Http\\Request))
#54 C:\\Users\\USER\\Desktop\\BSIT-3A-IPT2\\Restor-Laravel-App\\vendor\\laravel\\framework\\src\\Illuminate\\Pipeline\\Pipeline.php(219): Illuminate\\Http\\Middleware\\HandleCors->handle(Object(Illuminate\\Http\\Request), Object(Closure))
#55 C:\\Users\\USER\\Desktop\\BSIT-3A-IPT2\\Restor-Laravel-App\\vendor\\laravel\\framework\\src\\Illuminate\\Http\\Middleware\\TrustProxies.php(58): Illuminate\\Pipeline\\Pipeline->Illuminate\\Pipeline\\{closure}(Object(Illuminate\\Http\\Request))
#56 C:\\Users\\USER\\Desktop\\BSIT-3A-IPT2\\Restor-Laravel-App\\vendor\\laravel\\framework\\src\\Illuminate\\Pipeline\\Pipeline.php(219): Illuminate\\Http\\Middleware\\TrustProxies->handle(Object(Illuminate\\Http\\Request), Object(Closure))
#57 C:\\Users\\USER\\Desktop\\BSIT-3A-IPT2\\Restor-Laravel-App\\vendor\\laravel\\framework\\src\\Illuminate\\Foundation\\Http\\Middleware\\InvokeDeferredCallbacks.php(22): Illuminate\\Pipeline\\Pipeline->Illuminate\\Pipeline\\{closure}(Object(Illuminate\\Http\\Request))
#58 C:\\Users\\USER\\Desktop\\BSIT-3A-IPT2\\Restor-Laravel-App\\vendor\\laravel\\framework\\src\\Illuminate\\Pipeline\\Pipeline.php(219): Illuminate\\Foundation\\Http\\Middleware\\InvokeDeferredCallbacks->handle(Object(Illuminate\\Http\\Request), Object(Closure))
#59 C:\\Users\\USER\\Desktop\\BSIT-3A-IPT2\\Restor-Laravel-App\\vendor\\laravel\\framework\\src\\Illuminate\\Http\\Middleware\\ValidatePathEncoding.php(26): Illuminate\\Pipeline\\Pipeline->Illuminate\\Pipeline\\{closure}(Object(Illuminate\\Http\\Request))
#60 C:\\Users\\USER\\Desktop\\BSIT-3A-IPT2\\Restor-Laravel-App\\vendor\\laravel\\framework\\src\\Illuminate\\Pipeline\\Pipeline.php(219): Illuminate\\Http\\Middleware\\ValidatePathEncoding->handle(Object(Illuminate\\Http\\Request), Object(Closure))
#61 C:\\Users\\USER\\Desktop\\BSIT-3A-IPT2\\Restor-Laravel-App\\vendor\\laravel\\framework\\src\\Illuminate\\Pipeline\\Pipeline.php(137): Illuminate\\Pipeline\\Pipeline->Illuminate\\Pipeline\\{closure}(Object(Illuminate\\Http\\Request))
#62 C:\\Users\\USER\\Desktop\\BSIT-3A-IPT2\\Restor-Laravel-App\\vendor\\laravel\\framework\\src\\Illuminate\\Foundation\\Http\\Kernel.php(175): Illuminate\\Pipeline\\Pipeline->then(Object(Closure))
#63 C:\\Users\\USER\\Desktop\\BSIT-3A-IPT2\\Restor-Laravel-App\\vendor\\laravel\\framework\\src\\Illuminate\\Foundation\\Http\\Kernel.php(144): Illuminate\\Foundation\\Http\\Kernel->sendRequestThroughRouter(Object(Illuminate\\Http\\Request))
#64 C:\\Users\\USER\\Desktop\\BSIT-3A-IPT2\\Restor-Laravel-App\\vendor\\laravel\\framework\\src\\Illuminate\\Foundation\\Application.php(1220): Illuminate\\Foundation\\Http\\Kernel->handle(Object(Illuminate\\Http\\Request))
#65 C:\\Users\\USER\\Desktop\\BSIT-3A-IPT2\\Restor-Laravel-App\\public\\index.php(20): Illuminate\\Foundation\\Application->handleRequest(Object(Illuminate\\Http\\Request))
#66 C:\\Users\\USER\\Desktop\\BSIT-3A-IPT2\\Restor-Laravel-App\\vendor\\laravel\\framework\\src\\Illuminate\\Foundation\\resources\\server.php(23): require_once('C:\\\\Users\\\\USER\\\\D...')
#67 {main}
"} 
[2025-11-02 18:19:12] local.ERROR: Unable to locate a class or view for component [admin-layout]. {"userId":1,"exception":"[object] (InvalidArgumentException(code: 0): Unable to locate a class or view for component [admin-layout]. at C:\\Users\\USER\\Desktop\\BSIT-3A-IPT2\\Restor-Laravel-App\\vendor\\laravel\\framework\\src\\Illuminate\\View\\Compilers\\ComponentTagCompiler.php:315)
[stacktrace]
#0 C:\\Users\\USER\\Desktop\\BSIT-3A-IPT2\\Restor-Laravel-App\\vendor\\laravel\\framework\\src\\Illuminate\\View\\Compilers\\ComponentTagCompiler.php(235): Illuminate\\View\\Compilers\\ComponentTagCompiler->componentClass('admin-layout')
#1 C:\\Users\\USER\\Desktop\\BSIT-3A-IPT2\\Restor-Laravel-App\\vendor\\laravel\\framework\\src\\Illuminate\\View\\Compilers\\ComponentTagCompiler.php(156): Illuminate\\View\\Compilers\\ComponentTagCompiler->componentString('admin-layout', Array)
#2 [internal function]: Illuminate\\View\\Compilers\\ComponentTagCompiler->Illuminate\\View\\Compilers\\{closure}(Array)
#3 C:\\Users\\USER\\Desktop\\BSIT-3A-IPT2\\Restor-Laravel-App\\vendor\\laravel\\framework\\src\\Illuminate\\View\\Compilers\\ComponentTagCompiler.php(151): preg_replace_callback('/\\n            <...', Object(Closure), '@extends('layou...')
#4 C:\\Users\\USER\\Desktop\\BSIT-3A-IPT2\\Restor-Laravel-App\\vendor\\laravel\\framework\\src\\Illuminate\\View\\Compilers\\ComponentTagCompiler.php(90): Illuminate\\View\\Compilers\\ComponentTagCompiler->compileOpeningTags('@extends('layou...')
#5 C:\\Users\\USER\\Desktop\\BSIT-3A-IPT2\\Restor-Laravel-App\\vendor\\laravel\\framework\\src\\Illuminate\\View\\Compilers\\ComponentTagCompiler.php(76): Illuminate\\View\\Compilers\\ComponentTagCompiler->compileTags('@extends('layou...')
#6 C:\\Users\\USER\\Desktop\\BSIT-3A-IPT2\\Restor-Laravel-App\\vendor\\laravel\\framework\\src\\Illuminate\\View\\Compilers\\BladeCompiler.php(455): Illuminate\\View\\Compilers\\ComponentTagCompiler->compile('@extends('layou...')
#7 C:\\Users\\USER\\Desktop\\BSIT-3A-IPT2\\Restor-Laravel-App\\vendor\\laravel\\framework\\src\\Illuminate\\View\\Compilers\\BladeCompiler.php(287): Illuminate\\View\\Compilers\\BladeCompiler->compileComponentTags('@extends('layou...')
#8 C:\\Users\\USER\\Desktop\\BSIT-3A-IPT2\\Restor-Laravel-App\\vendor\\laravel\\framework\\src\\Illuminate\\View\\Compilers\\BladeCompiler.php(187): Illuminate\\View\\Compilers\\BladeCompiler->compileString('@extends('layou...')
#9 C:\\Users\\USER\\Desktop\\BSIT-3A-IPT2\\Restor-Laravel-App\\vendor\\laravel\\framework\\src\\Illuminate\\View\\Engines\\CompilerEngine.php(68): Illuminate\\View\\Compilers\\BladeCompiler->compile('C:\\\\Users\\\\USER\\\\D...')
#10 C:\\Users\\USER\\Desktop\\BSIT-3A-IPT2\\Restor-Laravel-App\\vendor\\laravel\\framework\\src\\Illuminate\\View\\View.php(208): Illuminate\\View\\Engines\\CompilerEngine->get('C:\\\\Users\\\\USER\\\\D...', Array)
#11 C:\\Users\\USER\\Desktop\\BSIT-3A-IPT2\\Restor-Laravel-App\\vendor\\laravel\\framework\\src\\Illuminate\\View\\View.php(191): Illuminate\\View\\View->getContents()
#12 C:\\Users\\USER\\Desktop\\BSIT-3A-IPT2\\Restor-Laravel-App\\vendor\\laravel\\framework\\src\\Illuminate\\View\\View.php(160): Illuminate\\View\\View->renderContents()
#13 C:\\Users\\USER\\Desktop\\BSIT-3A-IPT2\\Restor-Laravel-App\\vendor\\laravel\\framework\\src\\Illuminate\\Http\\Response.php(78): Illuminate\\View\\View->render()
#14 C:\\Users\\USER\\Desktop\\BSIT-3A-IPT2\\Restor-Laravel-App\\vendor\\laravel\\framework\\src\\Illuminate\\Http\\Response.php(34): Illuminate\\Http\\Response->setContent(Object(Illuminate\\View\\View))
#15 C:\\Users\\USER\\Desktop\\BSIT-3A-IPT2\\Restor-Laravel-App\\vendor\\laravel\\framework\\src\\Illuminate\\Routing\\Router.php(939): Illuminate\\Http\\Response->__construct(Object(Illuminate\\View\\View), 200, Array)
#16 C:\\Users\\USER\\Desktop\\BSIT-3A-IPT2\\Restor-Laravel-App\\vendor\\laravel\\framework\\src\\Illuminate\\Routing\\Router.php(906): Illuminate\\Routing\\Router::toResponse(Object(Illuminate\\Http\\Request), Object(Illuminate\\View\\View))
#17 C:\\Users\\USER\\Desktop\\BSIT-3A-IPT2\\Restor-Laravel-App\\vendor\\laravel\\framework\\src\\Illuminate\\Routing\\Router.php(821): Illuminate\\Routing\\Router->prepareResponse(Object(Illuminate\\Http\\Request), Object(Illuminate\\View\\View))
#18 C:\\Users\\USER\\Desktop\\BSIT-3A-IPT2\\Restor-Laravel-App\\vendor\\laravel\\framework\\src\\Illuminate\\Pipeline\\Pipeline.php(180): Illuminate\\Routing\\Router->Illuminate\\Routing\\{closure}(Object(Illuminate\\Http\\Request))
#19 C:\\Users\\USER\\Desktop\\BSIT-3A-IPT2\\Restor-Laravel-App\\vendor\\laravel\\framework\\src\\Illuminate\\Auth\\Middleware\\EnsureEmailIsVerified.php(41): Illuminate\\Pipeline\\Pipeline->Illuminate\\Pipeline\\{closure}(Object(Illuminate\\Http\\Request))
#20 C:\\Users\\USER\\Desktop\\BSIT-3A-IPT2\\Restor-Laravel-App\\vendor\\laravel\\framework\\src\\Illuminate\\Pipeline\\Pipeline.php(219): Illuminate\\Auth\\Middleware\\EnsureEmailIsVerified->handle(Object(Illuminate\\Http\\Request), Object(Closure))
#21 C:\\Users\\USER\\Desktop\\BSIT-3A-IPT2\\Restor-Laravel-App\\vendor\\laravel\\framework\\src\\Illuminate\\Routing\\Middleware\\SubstituteBindings.php(50): Illuminate\\Pipeline\\Pipeline->Illuminate\\Pipeline\\{closure}(Object(Illuminate\\Http\\Request))
#22 C:\\Users\\USER\\Desktop\\BSIT-3A-IPT2\\Restor-Laravel-App\\vendor\\laravel\\framework\\src\\Illuminate\\Pipeline\\Pipeline.php(219): Illuminate\\Routing\\Middleware\\SubstituteBindings->handle(Object(Illuminate\\Http\\Request), Object(Closure))
#23 C:\\Users\\USER\\Desktop\\BSIT-3A-IPT2\\Restor-Laravel-App\\vendor\\laravel\\framework\\src\\Illuminate\\Auth\\Middleware\\Authenticate.php(63): Illuminate\\Pipeline\\Pipeline->Illuminate\\Pipeline\\{closure}(Object(Illuminate\\Http\\Request))
#24 C:\\Users\\USER\\Desktop\\BSIT-3A-IPT2\\Restor-Laravel-App\\vendor\\laravel\\framework\\src\\Illuminate\\Pipeline\\Pipeline.php(219): Illuminate\\Auth\\Middleware\\Authenticate->handle(Object(Illuminate\\Http\\Request), Object(Closure))
#25 C:\\Users\\USER\\Desktop\\BSIT-3A-IPT2\\Restor-Laravel-App\\vendor\\laravel\\framework\\src\\Illuminate\\Foundation\\Http\\Middleware\\VerifyCsrfToken.php(87): Illuminate\\Pipeline\\Pipeline->Illuminate\\Pipeline\\{closure}(Object(Illuminate\\Http\\Request))
#26 C:\\Users\\USER\\Desktop\\BSIT-3A-IPT2\\Restor-Laravel-App\\vendor\\laravel\\framework\\src\\Illuminate\\Pipeline\\Pipeline.php(219): Illuminate\\Foundation\\Http\\Middleware\\VerifyCsrfToken->handle(Object(Illuminate\\Http\\Request), Object(Closure))
#27 C:\\Users\\USER\\Desktop\\BSIT-3A-IPT2\\Restor-Laravel-App\\vendor\\laravel\\framework\\src\\Illuminate\\View\\Middleware\\ShareErrorsFromSession.php(48): Illuminate\\Pipeline\\Pipeline->Illuminate\\Pipeline\\{closure}(Object(Illuminate\\Http\\Request))
#28 C:\\Users\\USER\\Desktop\\BSIT-3A-IPT2\\Restor-Laravel-App\\vendor\\laravel\\framework\\src\\Illuminate\\Pipeline\\Pipeline.php(219): Illuminate\\View\\Middleware\\ShareErrorsFromSession->handle(Object(Illuminate\\Http\\Request), Object(Closure))
#29 C:\\Users\\USER\\Desktop\\BSIT-3A-IPT2\\Restor-Laravel-App\\vendor\\laravel\\framework\\src\\Illuminate\\Session\\Middleware\\StartSession.php(120): Illuminate\\Pipeline\\Pipeline->Illuminate\\Pipeline\\{closure}(Object(Illuminate\\Http\\Request))
#30 C:\\Users\\USER\\Desktop\\BSIT-3A-IPT2\\Restor-Laravel-App\\vendor\\laravel\\framework\\src\\Illuminate\\Session\\Middleware\\StartSession.php(63): Illuminate\\Session\\Middleware\\StartSession->handleStatefulRequest(Object(Illuminate\\Http\\Request), Object(Illuminate\\Session\\Store), Object(Closure))
#31 C:\\Users\\USER\\Desktop\\BSIT-3A-IPT2\\Restor-Laravel-App\\vendor\\laravel\\framework\\src\\Illuminate\\Pipeline\\Pipeline.php(219): Illuminate\\Session\\Middleware\\StartSession->handle(Object(Illuminate\\Http\\Request), Object(Closure))
#32 C:\\Users\\USER\\Desktop\\BSIT-3A-IPT2\\Restor-Laravel-App\\vendor\\laravel\\framework\\src\\Illuminate\\Cookie\\Middleware\\AddQueuedCookiesToResponse.php(36): Illuminate\\Pipeline\\Pipeline->Illuminate\\Pipeline\\{closure}(Object(Illuminate\\Http\\Request))
#33 C:\\Users\\USER\\Desktop\\BSIT-3A-IPT2\\Restor-Laravel-App\\vendor\\laravel\\framework\\src\\Illuminate\\Pipeline\\Pipeline.php(219): Illuminate\\Cookie\\Middleware\\AddQueuedCookiesToResponse->handle(Object(Illuminate\\Http\\Request), Object(Closure))
#34 C:\\Users\\USER\\Desktop\\BSIT-3A-IPT2\\Restor-Laravel-App\\vendor\\laravel\\framework\\src\\Illuminate\\Cookie\\Middleware\\EncryptCookies.php(74): Illuminate\\Pipeline\\Pipeline->Illuminate\\Pipeline\\{closure}(Object(Illuminate\\Http\\Request))
#35 C:\\Users\\USER\\Desktop\\BSIT-3A-IPT2\\Restor-Laravel-App\\vendor\\laravel\\framework\\src\\Illuminate\\Pipeline\\Pipeline.php(219): Illuminate\\Cookie\\Middleware\\EncryptCookies->handle(Object(Illuminate\\Http\\Request), Object(Closure))
#36 C:\\Users\\USER\\Desktop\\BSIT-3A-IPT2\\Restor-Laravel-App\\vendor\\laravel\\framework\\src\\Illuminate\\Pipeline\\Pipeline.php(137): Illuminate\\Pipeline\\Pipeline->Illuminate\\Pipeline\\{closure}(Object(Illuminate\\Http\\Request))
#37 C:\\Users\\USER\\Desktop\\BSIT-3A-IPT2\\Restor-Laravel-App\\vendor\\laravel\\framework\\src\\Illuminate\\Routing\\Router.php(821): Illuminate\\Pipeline\\Pipeline->then(Object(Closure))
#38 C:\\Users\\USER\\Desktop\\BSIT-3A-IPT2\\Restor-Laravel-App\\vendor\\laravel\\framework\\src\\Illuminate\\Routing\\Router.php(800): Illuminate\\Routing\\Router->runRouteWithinStack(Object(Illuminate\\Routing\\Route), Object(Illuminate\\Http\\Request))
#39 C:\\Users\\USER\\Desktop\\BSIT-3A-IPT2\\Restor-Laravel-App\\vendor\\laravel\\framework\\src\\Illuminate\\Routing\\Router.php(764): Illuminate\\Routing\\Router->runRoute(Object(Illuminate\\Http\\Request), Object(Illuminate\\Routing\\Route))
#40 C:\\Users\\USER\\Desktop\\BSIT-3A-IPT2\\Restor-Laravel-App\\vendor\\laravel\\framework\\src\\Illuminate\\Routing\\Router.php(753): Illuminate\\Routing\\Router->dispatchToRoute(Object(Illuminate\\Http\\Request))
#41 C:\\Users\\USER\\Desktop\\BSIT-3A-IPT2\\Restor-Laravel-App\\vendor\\laravel\\framework\\src\\Illuminate\\Foundation\\Http\\Kernel.php(200): Illuminate\\Routing\\Router->dispatch(Object(Illuminate\\Http\\Request))
#42 C:\\Users\\USER\\Desktop\\BSIT-3A-IPT2\\Restor-Laravel-App\\vendor\\laravel\\framework\\src\\Illuminate\\Pipeline\\Pipeline.php(180): Illuminate\\Foundation\\Http\\Kernel->Illuminate\\Foundation\\Http\\{closure}(Object(Illuminate\\Http\\Request))
#43 C:\\Users\\USER\\Desktop\\BSIT-3A-IPT2\\Restor-Laravel-App\\vendor\\laravel\\framework\\src\\Illuminate\\Foundation\\Http\\Middleware\\TransformsRequest.php(21): Illuminate\\Pipeline\\Pipeline->Illuminate\\Pipeline\\{closure}(Object(Illuminate\\Http\\Request))
#44 C:\\Users\\USER\\Desktop\\BSIT-3A-IPT2\\Restor-Laravel-App\\vendor\\laravel\\framework\\src\\Illuminate\\Foundation\\Http\\Middleware\\ConvertEmptyStringsToNull.php(31): Illuminate\\Foundation\\Http\\Middleware\\TransformsRequest->handle(Object(Illuminate\\Http\\Request), Object(Closure))
#45 C:\\Users\\USER\\Desktop\\BSIT-3A-IPT2\\Restor-Laravel-App\\vendor\\laravel\\framework\\src\\Illuminate\\Pipeline\\Pipeline.php(219): Illuminate\\Foundation\\Http\\Middleware\\ConvertEmptyStringsToNull->handle(Object(Illuminate\\Http\\Request), Object(Closure))
#46 C:\\Users\\USER\\Desktop\\BSIT-3A-IPT2\\Restor-Laravel-App\\vendor\\laravel\\framework\\src\\Illuminate\\Foundation\\Http\\Middleware\\TransformsRequest.php(21): Illuminate\\Pipeline\\Pipeline->Illuminate\\Pipeline\\{closure}(Object(Illuminate\\Http\\Request))
#47 C:\\Users\\USER\\Desktop\\BSIT-3A-IPT2\\Restor-Laravel-App\\vendor\\laravel\\framework\\src\\Illuminate\\Foundation\\Http\\Middleware\\TrimStrings.php(51): Illuminate\\Foundation\\Http\\Middleware\\TransformsRequest->handle(Object(Illuminate\\Http\\Request), Object(Closure))
#48 C:\\Users\\USER\\Desktop\\BSIT-3A-IPT2\\Restor-Laravel-App\\vendor\\laravel\\framework\\src\\Illuminate\\Pipeline\\Pipeline.php(219): Illuminate\\Foundation\\Http\\Middleware\\TrimStrings->handle(Object(Illuminate\\Http\\Request), Object(Closure))
#49 C:\\Users\\USER\\Desktop\\BSIT-3A-IPT2\\Restor-Laravel-App\\vendor\\laravel\\framework\\src\\Illuminate\\Http\\Middleware\\ValidatePostSize.php(27): Illuminate\\Pipeline\\Pipeline->Illuminate\\Pipeline\\{closure}(Object(Illuminate\\Http\\Request))
#50 C:\\Users\\USER\\Desktop\\BSIT-3A-IPT2\\Restor-Laravel-App\\vendor\\laravel\\framework\\src\\Illuminate\\Pipeline\\Pipeline.php(219): Illuminate\\Http\\Middleware\\ValidatePostSize->handle(Object(Illuminate\\Http\\Request), Object(Closure))
#51 C:\\Users\\USER\\Desktop\\BSIT-3A-IPT2\\Restor-Laravel-App\\vendor\\laravel\\framework\\src\\Illuminate\\Foundation\\Http\\Middleware\\PreventRequestsDuringMaintenance.php(109): Illuminate\\Pipeline\\Pipeline->Illuminate\\Pipeline\\{closure}(Object(Illuminate\\Http\\Request))
#52 C:\\Users\\USER\\Desktop\\BSIT-3A-IPT2\\Restor-Laravel-App\\vendor\\laravel\\framework\\src\\Illuminate\\Pipeline\\Pipeline.php(219): Illuminate\\Foundation\\Http\\Middleware\\PreventRequestsDuringMaintenance->handle(Object(Illuminate\\Http\\Request), Object(Closure))
#53 C:\\Users\\USER\\Desktop\\BSIT-3A-IPT2\\Restor-Laravel-App\\vendor\\laravel\\framework\\src\\Illuminate\\Http\\Middleware\\HandleCors.php(48): Illuminate\\Pipeline\\Pipeline->Illuminate\\Pipeline\\{closure}(Object(Illuminate\\Http\\Request))
#54 C:\\Users\\USER\\Desktop\\BSIT-3A-IPT2\\Restor-Laravel-App\\vendor\\laravel\\framework\\src\\Illuminate\\Pipeline\\Pipeline.php(219): Illuminate\\Http\\Middleware\\HandleCors->handle(Object(Illuminate\\Http\\Request), Object(Closure))
#55 C:\\Users\\USER\\Desktop\\BSIT-3A-IPT2\\Restor-Laravel-App\\vendor\\laravel\\framework\\src\\Illuminate\\Http\\Middleware\\TrustProxies.php(58): Illuminate\\Pipeline\\Pipeline->Illuminate\\Pipeline\\{closure}(Object(Illuminate\\Http\\Request))
#56 C:\\Users\\USER\\Desktop\\BSIT-3A-IPT2\\Restor-Laravel-App\\vendor\\laravel\\framework\\src\\Illuminate\\Pipeline\\Pipeline.php(219): Illuminate\\Http\\Middleware\\TrustProxies->handle(Object(Illuminate\\Http\\Request), Object(Closure))
#57 C:\\Users\\USER\\Desktop\\BSIT-3A-IPT2\\Restor-Laravel-App\\vendor\\laravel\\framework\\src\\Illuminate\\Foundation\\Http\\Middleware\\InvokeDeferredCallbacks.php(22): Illuminate\\Pipeline\\Pipeline->Illuminate\\Pipeline\\{closure}(Object(Illuminate\\Http\\Request))
#58 C:\\Users\\USER\\Desktop\\BSIT-3A-IPT2\\Restor-Laravel-App\\vendor\\laravel\\framework\\src\\Illuminate\\Pipeline\\Pipeline.php(219): Illuminate\\Foundation\\Http\\Middleware\\InvokeDeferredCallbacks->handle(Object(Illuminate\\Http\\Request), Object(Closure))
#59 C:\\Users\\USER\\Desktop\\BSIT-3A-IPT2\\Restor-Laravel-App\\vendor\\laravel\\framework\\src\\Illuminate\\Http\\Middleware\\ValidatePathEncoding.php(26): Illuminate\\Pipeline\\Pipeline->Illuminate\\Pipeline\\{closure}(Object(Illuminate\\Http\\Request))
#60 C:\\Users\\USER\\Desktop\\BSIT-3A-IPT2\\Restor-Laravel-App\\vendor\\laravel\\framework\\src\\Illuminate\\Pipeline\\Pipeline.php(219): Illuminate\\Http\\Middleware\\ValidatePathEncoding->handle(Object(Illuminate\\Http\\Request), Object(Closure))
#61 C:\\Users\\USER\\Desktop\\BSIT-3A-IPT2\\Restor-Laravel-App\\vendor\\laravel\\framework\\src\\Illuminate\\Pipeline\\Pipeline.php(137): Illuminate\\Pipeline\\Pipeline->Illuminate\\Pipeline\\{closure}(Object(Illuminate\\Http\\Request))
#62 C:\\Users\\USER\\Desktop\\BSIT-3A-IPT2\\Restor-Laravel-App\\vendor\\laravel\\framework\\src\\Illuminate\\Foundation\\Http\\Kernel.php(175): Illuminate\\Pipeline\\Pipeline->then(Object(Closure))
#63 C:\\Users\\USER\\Desktop\\BSIT-3A-IPT2\\Restor-Laravel-App\\vendor\\laravel\\framework\\src\\Illuminate\\Foundation\\Http\\Kernel.php(144): Illuminate\\Foundation\\Http\\Kernel->sendRequestThroughRouter(Object(Illuminate\\Http\\Request))
#64 C:\\Users\\USER\\Desktop\\BSIT-3A-IPT2\\Restor-Laravel-App\\vendor\\laravel\\framework\\src\\Illuminate\\Foundation\\Application.php(1220): Illuminate\\Foundation\\Http\\Kernel->handle(Object(Illuminate\\Http\\Request))
#65 C:\\Users\\USER\\Desktop\\BSIT-3A-IPT2\\Restor-Laravel-App\\public\\index.php(20): Illuminate\\Foundation\\Application->handleRequest(Object(Illuminate\\Http\\Request))
#66 C:\\Users\\USER\\Desktop\\BSIT-3A-IPT2\\Restor-Laravel-App\\vendor\\laravel\\framework\\src\\Illuminate\\Foundation\\resources\\server.php(23): require_once('C:\\\\Users\\\\USER\\\\D...')
#67 {main}
"} 
[2025-11-02 18:19:19] local.ERROR: Unable to locate a class or view for component [admin-layout]. {"userId":1,"exception":"[object] (InvalidArgumentException(code: 0): Unable to locate a class or view for component [admin-layout]. at C:\\Users\\USER\\Desktop\\BSIT-3A-IPT2\\Restor-Laravel-App\\vendor\\laravel\\framework\\src\\Illuminate\\View\\Compilers\\ComponentTagCompiler.php:315)
[stacktrace]
#0 C:\\Users\\USER\\Desktop\\BSIT-3A-IPT2\\Restor-Laravel-App\\vendor\\laravel\\framework\\src\\Illuminate\\View\\Compilers\\ComponentTagCompiler.php(235): Illuminate\\View\\Compilers\\ComponentTagCompiler->componentClass('admin-layout')
#1 C:\\Users\\USER\\Desktop\\BSIT-3A-IPT2\\Restor-Laravel-App\\vendor\\laravel\\framework\\src\\Illuminate\\View\\Compilers\\ComponentTagCompiler.php(156): Illuminate\\View\\Compilers\\ComponentTagCompiler->componentString('admin-layout', Array)
#2 [internal function]: Illuminate\\View\\Compilers\\ComponentTagCompiler->Illuminate\\View\\Compilers\\{closure}(Array)
#3 C:\\Users\\USER\\Desktop\\BSIT-3A-IPT2\\Restor-Laravel-App\\vendor\\laravel\\framework\\src\\Illuminate\\View\\Compilers\\ComponentTagCompiler.php(151): preg_replace_callback('/\\n            <...', Object(Closure), '<x-admin-layout...')
#4 C:\\Users\\USER\\Desktop\\BSIT-3A-IPT2\\Restor-Laravel-App\\vendor\\laravel\\framework\\src\\Illuminate\\View\\Compilers\\ComponentTagCompiler.php(90): Illuminate\\View\\Compilers\\ComponentTagCompiler->compileOpeningTags('<x-admin-layout...')
#5 C:\\Users\\USER\\Desktop\\BSIT-3A-IPT2\\Restor-Laravel-App\\vendor\\laravel\\framework\\src\\Illuminate\\View\\Compilers\\ComponentTagCompiler.php(76): Illuminate\\View\\Compilers\\ComponentTagCompiler->compileTags('<x-admin-layout...')
#6 C:\\Users\\USER\\Desktop\\BSIT-3A-IPT2\\Restor-Laravel-App\\vendor\\laravel\\framework\\src\\Illuminate\\View\\Compilers\\BladeCompiler.php(455): Illuminate\\View\\Compilers\\ComponentTagCompiler->compile('<x-admin-layout...')
#7 C:\\Users\\USER\\Desktop\\BSIT-3A-IPT2\\Restor-Laravel-App\\vendor\\laravel\\framework\\src\\Illuminate\\View\\Compilers\\BladeCompiler.php(287): Illuminate\\View\\Compilers\\BladeCompiler->compileComponentTags('<x-admin-layout...')
#8 C:\\Users\\USER\\Desktop\\BSIT-3A-IPT2\\Restor-Laravel-App\\vendor\\laravel\\framework\\src\\Illuminate\\View\\Compilers\\BladeCompiler.php(187): Illuminate\\View\\Compilers\\BladeCompiler->compileString('<x-admin-layout...')
#9 C:\\Users\\USER\\Desktop\\BSIT-3A-IPT2\\Restor-Laravel-App\\vendor\\laravel\\framework\\src\\Illuminate\\View\\Engines\\CompilerEngine.php(68): Illuminate\\View\\Compilers\\BladeCompiler->compile('C:\\\\Users\\\\USER\\\\D...')
#10 C:\\Users\\USER\\Desktop\\BSIT-3A-IPT2\\Restor-Laravel-App\\vendor\\laravel\\framework\\src\\Illuminate\\View\\View.php(208): Illuminate\\View\\Engines\\CompilerEngine->get('C:\\\\Users\\\\USER\\\\D...', Array)
#11 C:\\Users\\USER\\Desktop\\BSIT-3A-IPT2\\Restor-Laravel-App\\vendor\\laravel\\framework\\src\\Illuminate\\View\\View.php(191): Illuminate\\View\\View->getContents()
#12 C:\\Users\\USER\\Desktop\\BSIT-3A-IPT2\\Restor-Laravel-App\\vendor\\laravel\\framework\\src\\Illuminate\\View\\View.php(160): Illuminate\\View\\View->renderContents()
#13 C:\\Users\\USER\\Desktop\\BSIT-3A-IPT2\\Restor-Laravel-App\\vendor\\laravel\\framework\\src\\Illuminate\\Http\\Response.php(78): Illuminate\\View\\View->render()
#14 C:\\Users\\USER\\Desktop\\BSIT-3A-IPT2\\Restor-Laravel-App\\vendor\\laravel\\framework\\src\\Illuminate\\Http\\Response.php(34): Illuminate\\Http\\Response->setContent(Object(Illuminate\\View\\View))
#15 C:\\Users\\USER\\Desktop\\BSIT-3A-IPT2\\Restor-Laravel-App\\vendor\\laravel\\framework\\src\\Illuminate\\Routing\\Router.php(939): Illuminate\\Http\\Response->__construct(Object(Illuminate\\View\\View), 200, Array)
#16 C:\\Users\\USER\\Desktop\\BSIT-3A-IPT2\\Restor-Laravel-App\\vendor\\laravel\\framework\\src\\Illuminate\\Routing\\Router.php(906): Illuminate\\Routing\\Router::toResponse(Object(Illuminate\\Http\\Request), Object(Illuminate\\View\\View))
#17 C:\\Users\\USER\\Desktop\\BSIT-3A-IPT2\\Restor-Laravel-App\\vendor\\laravel\\framework\\src\\Illuminate\\Routing\\Router.php(821): Illuminate\\Routing\\Router->prepareResponse(Object(Illuminate\\Http\\Request), Object(Illuminate\\View\\View))
#18 C:\\Users\\USER\\Desktop\\BSIT-3A-IPT2\\Restor-Laravel-App\\vendor\\laravel\\framework\\src\\Illuminate\\Pipeline\\Pipeline.php(180): Illuminate\\Routing\\Router->Illuminate\\Routing\\{closure}(Object(Illuminate\\Http\\Request))
#19 C:\\Users\\USER\\Desktop\\BSIT-3A-IPT2\\Restor-Laravel-App\\vendor\\laravel\\framework\\src\\Illuminate\\Auth\\Middleware\\EnsureEmailIsVerified.php(41): Illuminate\\Pipeline\\Pipeline->Illuminate\\Pipeline\\{closure}(Object(Illuminate\\Http\\Request))
#20 C:\\Users\\USER\\Desktop\\BSIT-3A-IPT2\\Restor-Laravel-App\\vendor\\laravel\\framework\\src\\Illuminate\\Pipeline\\Pipeline.php(219): Illuminate\\Auth\\Middleware\\EnsureEmailIsVerified->handle(Object(Illuminate\\Http\\Request), Object(Closure))
#21 C:\\Users\\USER\\Desktop\\BSIT-3A-IPT2\\Restor-Laravel-App\\vendor\\laravel\\framework\\src\\Illuminate\\Routing\\Middleware\\SubstituteBindings.php(50): Illuminate\\Pipeline\\Pipeline->Illuminate\\Pipeline\\{closure}(Object(Illuminate\\Http\\Request))
#22 C:\\Users\\USER\\Desktop\\BSIT-3A-IPT2\\Restor-Laravel-App\\vendor\\laravel\\framework\\src\\Illuminate\\Pipeline\\Pipeline.php(219): Illuminate\\Routing\\Middleware\\SubstituteBindings->handle(Object(Illuminate\\Http\\Request), Object(Closure))
#23 C:\\Users\\USER\\Desktop\\BSIT-3A-IPT2\\Restor-Laravel-App\\vendor\\laravel\\framework\\src\\Illuminate\\Auth\\Middleware\\Authenticate.php(63): Illuminate\\Pipeline\\Pipeline->Illuminate\\Pipeline\\{closure}(Object(Illuminate\\Http\\Request))
#24 C:\\Users\\USER\\Desktop\\BSIT-3A-IPT2\\Restor-Laravel-App\\vendor\\laravel\\framework\\src\\Illuminate\\Pipeline\\Pipeline.php(219): Illuminate\\Auth\\Middleware\\Authenticate->handle(Object(Illuminate\\Http\\Request), Object(Closure))
#25 C:\\Users\\USER\\Desktop\\BSIT-3A-IPT2\\Restor-Laravel-App\\vendor\\laravel\\framework\\src\\Illuminate\\Foundation\\Http\\Middleware\\VerifyCsrfToken.php(87): Illuminate\\Pipeline\\Pipeline->Illuminate\\Pipeline\\{closure}(Object(Illuminate\\Http\\Request))
#26 C:\\Users\\USER\\Desktop\\BSIT-3A-IPT2\\Restor-Laravel-App\\vendor\\laravel\\framework\\src\\Illuminate\\Pipeline\\Pipeline.php(219): Illuminate\\Foundation\\Http\\Middleware\\VerifyCsrfToken->handle(Object(Illuminate\\Http\\Request), Object(Closure))
#27 C:\\Users\\USER\\Desktop\\BSIT-3A-IPT2\\Restor-Laravel-App\\vendor\\laravel\\framework\\src\\Illuminate\\View\\Middleware\\ShareErrorsFromSession.php(48): Illuminate\\Pipeline\\Pipeline->Illuminate\\Pipeline\\{closure}(Object(Illuminate\\Http\\Request))
#28 C:\\Users\\USER\\Desktop\\BSIT-3A-IPT2\\Restor-Laravel-App\\vendor\\laravel\\framework\\src\\Illuminate\\Pipeline\\Pipeline.php(219): Illuminate\\View\\Middleware\\ShareErrorsFromSession->handle(Object(Illuminate\\Http\\Request), Object(Closure))
#29 C:\\Users\\USER\\Desktop\\BSIT-3A-IPT2\\Restor-Laravel-App\\vendor\\laravel\\framework\\src\\Illuminate\\Session\\Middleware\\StartSession.php(120): Illuminate\\Pipeline\\Pipeline->Illuminate\\Pipeline\\{closure}(Object(Illuminate\\Http\\Request))
#30 C:\\Users\\USER\\Desktop\\BSIT-3A-IPT2\\Restor-Laravel-App\\vendor\\laravel\\framework\\src\\Illuminate\\Session\\Middleware\\StartSession.php(63): Illuminate\\Session\\Middleware\\StartSession->handleStatefulRequest(Object(Illuminate\\Http\\Request), Object(Illuminate\\Session\\Store), Object(Closure))
#31 C:\\Users\\USER\\Desktop\\BSIT-3A-IPT2\\Restor-Laravel-App\\vendor\\laravel\\framework\\src\\Illuminate\\Pipeline\\Pipeline.php(219): Illuminate\\Session\\Middleware\\StartSession->handle(Object(Illuminate\\Http\\Request), Object(Closure))
#32 C:\\Users\\USER\\Desktop\\BSIT-3A-IPT2\\Restor-Laravel-App\\vendor\\laravel\\framework\\src\\Illuminate\\Cookie\\Middleware\\AddQueuedCookiesToResponse.php(36): Illuminate\\Pipeline\\Pipeline->Illuminate\\Pipeline\\{closure}(Object(Illuminate\\Http\\Request))
#33 C:\\Users\\USER\\Desktop\\BSIT-3A-IPT2\\Restor-Laravel-App\\vendor\\laravel\\framework\\src\\Illuminate\\Pipeline\\Pipeline.php(219): Illuminate\\Cookie\\Middleware\\AddQueuedCookiesToResponse->handle(Object(Illuminate\\Http\\Request), Object(Closure))
#34 C:\\Users\\USER\\Desktop\\BSIT-3A-IPT2\\Restor-Laravel-App\\vendor\\laravel\\framework\\src\\Illuminate\\Cookie\\Middleware\\EncryptCookies.php(74): Illuminate\\Pipeline\\Pipeline->Illuminate\\Pipeline\\{closure}(Object(Illuminate\\Http\\Request))
#35 C:\\Users\\USER\\Desktop\\BSIT-3A-IPT2\\Restor-Laravel-App\\vendor\\laravel\\framework\\src\\Illuminate\\Pipeline\\Pipeline.php(219): Illuminate\\Cookie\\Middleware\\EncryptCookies->handle(Object(Illuminate\\Http\\Request), Object(Closure))
#36 C:\\Users\\USER\\Desktop\\BSIT-3A-IPT2\\Restor-Laravel-App\\vendor\\laravel\\framework\\src\\Illuminate\\Pipeline\\Pipeline.php(137): Illuminate\\Pipeline\\Pipeline->Illuminate\\Pipeline\\{closure}(Object(Illuminate\\Http\\Request))
#37 C:\\Users\\USER\\Desktop\\BSIT-3A-IPT2\\Restor-Laravel-App\\vendor\\laravel\\framework\\src\\Illuminate\\Routing\\Router.php(821): Illuminate\\Pipeline\\Pipeline->then(Object(Closure))
#38 C:\\Users\\USER\\Desktop\\BSIT-3A-IPT2\\Restor-Laravel-App\\vendor\\laravel\\framework\\src\\Illuminate\\Routing\\Router.php(800): Illuminate\\Routing\\Router->runRouteWithinStack(Object(Illuminate\\Routing\\Route), Object(Illuminate\\Http\\Request))
#39 C:\\Users\\USER\\Desktop\\BSIT-3A-IPT2\\Restor-Laravel-App\\vendor\\laravel\\framework\\src\\Illuminate\\Routing\\Router.php(764): Illuminate\\Routing\\Router->runRoute(Object(Illuminate\\Http\\Request), Object(Illuminate\\Routing\\Route))
#40 C:\\Users\\USER\\Desktop\\BSIT-3A-IPT2\\Restor-Laravel-App\\vendor\\laravel\\framework\\src\\Illuminate\\Routing\\Router.php(753): Illuminate\\Routing\\Router->dispatchToRoute(Object(Illuminate\\Http\\Request))
#41 C:\\Users\\USER\\Desktop\\BSIT-3A-IPT2\\Restor-Laravel-App\\vendor\\laravel\\framework\\src\\Illuminate\\Foundation\\Http\\Kernel.php(200): Illuminate\\Routing\\Router->dispatch(Object(Illuminate\\Http\\Request))
#42 C:\\Users\\USER\\Desktop\\BSIT-3A-IPT2\\Restor-Laravel-App\\vendor\\laravel\\framework\\src\\Illuminate\\Pipeline\\Pipeline.php(180): Illuminate\\Foundation\\Http\\Kernel->Illuminate\\Foundation\\Http\\{closure}(Object(Illuminate\\Http\\Request))
#43 C:\\Users\\USER\\Desktop\\BSIT-3A-IPT2\\Restor-Laravel-App\\vendor\\laravel\\framework\\src\\Illuminate\\Foundation\\Http\\Middleware\\TransformsRequest.php(21): Illuminate\\Pipeline\\Pipeline->Illuminate\\Pipeline\\{closure}(Object(Illuminate\\Http\\Request))
#44 C:\\Users\\USER\\Desktop\\BSIT-3A-IPT2\\Restor-Laravel-App\\vendor\\laravel\\framework\\src\\Illuminate\\Foundation\\Http\\Middleware\\ConvertEmptyStringsToNull.php(31): Illuminate\\Foundation\\Http\\Middleware\\TransformsRequest->handle(Object(Illuminate\\Http\\Request), Object(Closure))
#45 C:\\Users\\USER\\Desktop\\BSIT-3A-IPT2\\Restor-Laravel-App\\vendor\\laravel\\framework\\src\\Illuminate\\Pipeline\\Pipeline.php(219): Illuminate\\Foundation\\Http\\Middleware\\ConvertEmptyStringsToNull->handle(Object(Illuminate\\Http\\Request), Object(Closure))
#46 C:\\Users\\USER\\Desktop\\BSIT-3A-IPT2\\Restor-Laravel-App\\vendor\\laravel\\framework\\src\\Illuminate\\Foundation\\Http\\Middleware\\TransformsRequest.php(21): Illuminate\\Pipeline\\Pipeline->Illuminate\\Pipeline\\{closure}(Object(Illuminate\\Http\\Request))
#47 C:\\Users\\USER\\Desktop\\BSIT-3A-IPT2\\Restor-Laravel-App\\vendor\\laravel\\framework\\src\\Illuminate\\Foundation\\Http\\Middleware\\TrimStrings.php(51): Illuminate\\Foundation\\Http\\Middleware\\TransformsRequest->handle(Object(Illuminate\\Http\\Request), Object(Closure))
#48 C:\\Users\\USER\\Desktop\\BSIT-3A-IPT2\\Restor-Laravel-App\\vendor\\laravel\\framework\\src\\Illuminate\\Pipeline\\Pipeline.php(219): Illuminate\\Foundation\\Http\\Middleware\\TrimStrings->handle(Object(Illuminate\\Http\\Request), Object(Closure))
#49 C:\\Users\\USER\\Desktop\\BSIT-3A-IPT2\\Restor-Laravel-App\\vendor\\laravel\\framework\\src\\Illuminate\\Http\\Middleware\\ValidatePostSize.php(27): Illuminate\\Pipeline\\Pipeline->Illuminate\\Pipeline\\{closure}(Object(Illuminate\\Http\\Request))
#50 C:\\Users\\USER\\Desktop\\BSIT-3A-IPT2\\Restor-Laravel-App\\vendor\\laravel\\framework\\src\\Illuminate\\Pipeline\\Pipeline.php(219): Illuminate\\Http\\Middleware\\ValidatePostSize->handle(Object(Illuminate\\Http\\Request), Object(Closure))
#51 C:\\Users\\USER\\Desktop\\BSIT-3A-IPT2\\Restor-Laravel-App\\vendor\\laravel\\framework\\src\\Illuminate\\Foundation\\Http\\Middleware\\PreventRequestsDuringMaintenance.php(109): Illuminate\\Pipeline\\Pipeline->Illuminate\\Pipeline\\{closure}(Object(Illuminate\\Http\\Request))
#52 C:\\Users\\USER\\Desktop\\BSIT-3A-IPT2\\Restor-Laravel-App\\vendor\\laravel\\framework\\src\\Illuminate\\Pipeline\\Pipeline.php(219): Illuminate\\Foundation\\Http\\Middleware\\PreventRequestsDuringMaintenance->handle(Object(Illuminate\\Http\\Request), Object(Closure))
#53 C:\\Users\\USER\\Desktop\\BSIT-3A-IPT2\\Restor-Laravel-App\\vendor\\laravel\\framework\\src\\Illuminate\\Http\\Middleware\\HandleCors.php(48): Illuminate\\Pipeline\\Pipeline->Illuminate\\Pipeline\\{closure}(Object(Illuminate\\Http\\Request))
#54 C:\\Users\\USER\\Desktop\\BSIT-3A-IPT2\\Restor-Laravel-App\\vendor\\laravel\\framework\\src\\Illuminate\\Pipeline\\Pipeline.php(219): Illuminate\\Http\\Middleware\\HandleCors->handle(Object(Illuminate\\Http\\Request), Object(Closure))
#55 C:\\Users\\USER\\Desktop\\BSIT-3A-IPT2\\Restor-Laravel-App\\vendor\\laravel\\framework\\src\\Illuminate\\Http\\Middleware\\TrustProxies.php(58): Illuminate\\Pipeline\\Pipeline->Illuminate\\Pipeline\\{closure}(Object(Illuminate\\Http\\Request))
#56 C:\\Users\\USER\\Desktop\\BSIT-3A-IPT2\\Restor-Laravel-App\\vendor\\laravel\\framework\\src\\Illuminate\\Pipeline\\Pipeline.php(219): Illuminate\\Http\\Middleware\\TrustProxies->handle(Object(Illuminate\\Http\\Request), Object(Closure))
#57 C:\\Users\\USER\\Desktop\\BSIT-3A-IPT2\\Restor-Laravel-App\\vendor\\laravel\\framework\\src\\Illuminate\\Foundation\\Http\\Middleware\\InvokeDeferredCallbacks.php(22): Illuminate\\Pipeline\\Pipeline->Illuminate\\Pipeline\\{closure}(Object(Illuminate\\Http\\Request))
#58 C:\\Users\\USER\\Desktop\\BSIT-3A-IPT2\\Restor-Laravel-App\\vendor\\laravel\\framework\\src\\Illuminate\\Pipeline\\Pipeline.php(219): Illuminate\\Foundation\\Http\\Middleware\\InvokeDeferredCallbacks->handle(Object(Illuminate\\Http\\Request), Object(Closure))
#59 C:\\Users\\USER\\Desktop\\BSIT-3A-IPT2\\Restor-Laravel-App\\vendor\\laravel\\framework\\src\\Illuminate\\Http\\Middleware\\ValidatePathEncoding.php(26): Illuminate\\Pipeline\\Pipeline->Illuminate\\Pipeline\\{closure}(Object(Illuminate\\Http\\Request))
#60 C:\\Users\\USER\\Desktop\\BSIT-3A-IPT2\\Restor-Laravel-App\\vendor\\laravel\\framework\\src\\Illuminate\\Pipeline\\Pipeline.php(219): Illuminate\\Http\\Middleware\\ValidatePathEncoding->handle(Object(Illuminate\\Http\\Request), Object(Closure))
#61 C:\\Users\\USER\\Desktop\\BSIT-3A-IPT2\\Restor-Laravel-App\\vendor\\laravel\\framework\\src\\Illuminate\\Pipeline\\Pipeline.php(137): Illuminate\\Pipeline\\Pipeline->Illuminate\\Pipeline\\{closure}(Object(Illuminate\\Http\\Request))
#62 C:\\Users\\USER\\Desktop\\BSIT-3A-IPT2\\Restor-Laravel-App\\vendor\\laravel\\framework\\src\\Illuminate\\Foundation\\Http\\Kernel.php(175): Illuminate\\Pipeline\\Pipeline->then(Object(Closure))
#63 C:\\Users\\USER\\Desktop\\BSIT-3A-IPT2\\Restor-Laravel-App\\vendor\\laravel\\framework\\src\\Illuminate\\Foundation\\Http\\Kernel.php(144): Illuminate\\Foundation\\Http\\Kernel->sendRequestThroughRouter(Object(Illuminate\\Http\\Request))
#64 C:\\Users\\USER\\Desktop\\BSIT-3A-IPT2\\Restor-Laravel-App\\vendor\\laravel\\framework\\src\\Illuminate\\Foundation\\Application.php(1220): Illuminate\\Foundation\\Http\\Kernel->handle(Object(Illuminate\\Http\\Request))
#65 C:\\Users\\USER\\Desktop\\BSIT-3A-IPT2\\Restor-Laravel-App\\public\\index.php(20): Illuminate\\Foundation\\Application->handleRequest(Object(Illuminate\\Http\\Request))
#66 C:\\Users\\USER\\Desktop\\BSIT-3A-IPT2\\Restor-Laravel-App\\vendor\\laravel\\framework\\src\\Illuminate\\Foundation\\resources\\server.php(23): require_once('C:\\\\Users\\\\USER\\\\D...')
#67 {main}
"} 
[2025-11-02 18:22:39] local.ERROR: Unable to locate a class or view for component [admin-layout]. {"userId":1,"exception":"[object] (InvalidArgumentException(code: 0): Unable to locate a class or view for component [admin-layout]. at C:\\Users\\USER\\Desktop\\BSIT-3A-IPT2\\Restor-Laravel-App\\vendor\\laravel\\framework\\src\\Illuminate\\View\\Compilers\\ComponentTagCompiler.php:315)
[stacktrace]
#0 C:\\Users\\USER\\Desktop\\BSIT-3A-IPT2\\Restor-Laravel-App\\vendor\\laravel\\framework\\src\\Illuminate\\View\\Compilers\\ComponentTagCompiler.php(235): Illuminate\\View\\Compilers\\ComponentTagCompiler->componentClass('admin-layout')
#1 C:\\Users\\USER\\Desktop\\BSIT-3A-IPT2\\Restor-Laravel-App\\vendor\\laravel\\framework\\src\\Illuminate\\View\\Compilers\\ComponentTagCompiler.php(156): Illuminate\\View\\Compilers\\ComponentTagCompiler->componentString('admin-layout', Array)
#2 [internal function]: Illuminate\\View\\Compilers\\ComponentTagCompiler->Illuminate\\View\\Compilers\\{closure}(Array)
#3 C:\\Users\\USER\\Desktop\\BSIT-3A-IPT2\\Restor-Laravel-App\\vendor\\laravel\\framework\\src\\Illuminate\\View\\Compilers\\ComponentTagCompiler.php(151): preg_replace_callback('/\\n            <...', Object(Closure), '\\n<x-admin-layou...')
#4 C:\\Users\\USER\\Desktop\\BSIT-3A-IPT2\\Restor-Laravel-App\\vendor\\laravel\\framework\\src\\Illuminate\\View\\Compilers\\ComponentTagCompiler.php(90): Illuminate\\View\\Compilers\\ComponentTagCompiler->compileOpeningTags('\\n<x-admin-layou...')
#5 C:\\Users\\USER\\Desktop\\BSIT-3A-IPT2\\Restor-Laravel-App\\vendor\\laravel\\framework\\src\\Illuminate\\View\\Compilers\\ComponentTagCompiler.php(76): Illuminate\\View\\Compilers\\ComponentTagCompiler->compileTags('\\n<x-admin-layou...')
#6 C:\\Users\\USER\\Desktop\\BSIT-3A-IPT2\\Restor-Laravel-App\\vendor\\laravel\\framework\\src\\Illuminate\\View\\Compilers\\BladeCompiler.php(455): Illuminate\\View\\Compilers\\ComponentTagCompiler->compile('\\n<x-admin-layou...')
#7 C:\\Users\\USER\\Desktop\\BSIT-3A-IPT2\\Restor-Laravel-App\\vendor\\laravel\\framework\\src\\Illuminate\\View\\Compilers\\BladeCompiler.php(287): Illuminate\\View\\Compilers\\BladeCompiler->compileComponentTags('\\n<x-admin-layou...')
#8 C:\\Users\\USER\\Desktop\\BSIT-3A-IPT2\\Restor-Laravel-App\\vendor\\laravel\\framework\\src\\Illuminate\\View\\Compilers\\BladeCompiler.php(187): Illuminate\\View\\Compilers\\BladeCompiler->compileString('\\n<x-admin-layou...')
#9 C:\\Users\\USER\\Desktop\\BSIT-3A-IPT2\\Restor-Laravel-App\\vendor\\laravel\\framework\\src\\Illuminate\\View\\Engines\\CompilerEngine.php(68): Illuminate\\View\\Compilers\\BladeCompiler->compile('C:\\\\Users\\\\USER\\\\D...')
#10 C:\\Users\\USER\\Desktop\\BSIT-3A-IPT2\\Restor-Laravel-App\\vendor\\laravel\\framework\\src\\Illuminate\\View\\View.php(208): Illuminate\\View\\Engines\\CompilerEngine->get('C:\\\\Users\\\\USER\\\\D...', Array)
#11 C:\\Users\\USER\\Desktop\\BSIT-3A-IPT2\\Restor-Laravel-App\\vendor\\laravel\\framework\\src\\Illuminate\\View\\View.php(191): Illuminate\\View\\View->getContents()
#12 C:\\Users\\USER\\Desktop\\BSIT-3A-IPT2\\Restor-Laravel-App\\vendor\\laravel\\framework\\src\\Illuminate\\View\\View.php(160): Illuminate\\View\\View->renderContents()
#13 C:\\Users\\USER\\Desktop\\BSIT-3A-IPT2\\Restor-Laravel-App\\vendor\\laravel\\framework\\src\\Illuminate\\Http\\Response.php(78): Illuminate\\View\\View->render()
#14 C:\\Users\\USER\\Desktop\\BSIT-3A-IPT2\\Restor-Laravel-App\\vendor\\laravel\\framework\\src\\Illuminate\\Http\\Response.php(34): Illuminate\\Http\\Response->setContent(Object(Illuminate\\View\\View))
#15 C:\\Users\\USER\\Desktop\\BSIT-3A-IPT2\\Restor-Laravel-App\\vendor\\laravel\\framework\\src\\Illuminate\\Routing\\Router.php(939): Illuminate\\Http\\Response->__construct(Object(Illuminate\\View\\View), 200, Array)
#16 C:\\Users\\USER\\Desktop\\BSIT-3A-IPT2\\Restor-Laravel-App\\vendor\\laravel\\framework\\src\\Illuminate\\Routing\\Router.php(906): Illuminate\\Routing\\Router::toResponse(Object(Illuminate\\Http\\Request), Object(Illuminate\\View\\View))
#17 C:\\Users\\USER\\Desktop\\BSIT-3A-IPT2\\Restor-Laravel-App\\vendor\\laravel\\framework\\src\\Illuminate\\Routing\\Router.php(821): Illuminate\\Routing\\Router->prepareResponse(Object(Illuminate\\Http\\Request), Object(Illuminate\\View\\View))
#18 C:\\Users\\USER\\Desktop\\BSIT-3A-IPT2\\Restor-Laravel-App\\vendor\\laravel\\framework\\src\\Illuminate\\Pipeline\\Pipeline.php(180): Illuminate\\Routing\\Router->Illuminate\\Routing\\{closure}(Object(Illuminate\\Http\\Request))
#19 C:\\Users\\USER\\Desktop\\BSIT-3A-IPT2\\Restor-Laravel-App\\vendor\\laravel\\framework\\src\\Illuminate\\Auth\\Middleware\\EnsureEmailIsVerified.php(41): Illuminate\\Pipeline\\Pipeline->Illuminate\\Pipeline\\{closure}(Object(Illuminate\\Http\\Request))
#20 C:\\Users\\USER\\Desktop\\BSIT-3A-IPT2\\Restor-Laravel-App\\vendor\\laravel\\framework\\src\\Illuminate\\Pipeline\\Pipeline.php(219): Illuminate\\Auth\\Middleware\\EnsureEmailIsVerified->handle(Object(Illuminate\\Http\\Request), Object(Closure))
#21 C:\\Users\\USER\\Desktop\\BSIT-3A-IPT2\\Restor-Laravel-App\\vendor\\laravel\\framework\\src\\Illuminate\\Routing\\Middleware\\SubstituteBindings.php(50): Illuminate\\Pipeline\\Pipeline->Illuminate\\Pipeline\\{closure}(Object(Illuminate\\Http\\Request))
#22 C:\\Users\\USER\\Desktop\\BSIT-3A-IPT2\\Restor-Laravel-App\\vendor\\laravel\\framework\\src\\Illuminate\\Pipeline\\Pipeline.php(219): Illuminate\\Routing\\Middleware\\SubstituteBindings->handle(Object(Illuminate\\Http\\Request), Object(Closure))
#23 C:\\Users\\USER\\Desktop\\BSIT-3A-IPT2\\Restor-Laravel-App\\vendor\\laravel\\framework\\src\\Illuminate\\Auth\\Middleware\\Authenticate.php(63): Illuminate\\Pipeline\\Pipeline->Illuminate\\Pipeline\\{closure}(Object(Illuminate\\Http\\Request))
#24 C:\\Users\\USER\\Desktop\\BSIT-3A-IPT2\\Restor-Laravel-App\\vendor\\laravel\\framework\\src\\Illuminate\\Pipeline\\Pipeline.php(219): Illuminate\\Auth\\Middleware\\Authenticate->handle(Object(Illuminate\\Http\\Request), Object(Closure))
#25 C:\\Users\\USER\\Desktop\\BSIT-3A-IPT2\\Restor-Laravel-App\\vendor\\laravel\\framework\\src\\Illuminate\\Foundation\\Http\\Middleware\\VerifyCsrfToken.php(87): Illuminate\\Pipeline\\Pipeline->Illuminate\\Pipeline\\{closure}(Object(Illuminate\\Http\\Request))
#26 C:\\Users\\USER\\Desktop\\BSIT-3A-IPT2\\Restor-Laravel-App\\vendor\\laravel\\framework\\src\\Illuminate\\Pipeline\\Pipeline.php(219): Illuminate\\Foundation\\Http\\Middleware\\VerifyCsrfToken->handle(Object(Illuminate\\Http\\Request), Object(Closure))
#27 C:\\Users\\USER\\Desktop\\BSIT-3A-IPT2\\Restor-Laravel-App\\vendor\\laravel\\framework\\src\\Illuminate\\View\\Middleware\\ShareErrorsFromSession.php(48): Illuminate\\Pipeline\\Pipeline->Illuminate\\Pipeline\\{closure}(Object(Illuminate\\Http\\Request))
#28 C:\\Users\\USER\\Desktop\\BSIT-3A-IPT2\\Restor-Laravel-App\\vendor\\laravel\\framework\\src\\Illuminate\\Pipeline\\Pipeline.php(219): Illuminate\\View\\Middleware\\ShareErrorsFromSession->handle(Object(Illuminate\\Http\\Request), Object(Closure))
#29 C:\\Users\\USER\\Desktop\\BSIT-3A-IPT2\\Restor-Laravel-App\\vendor\\laravel\\framework\\src\\Illuminate\\Session\\Middleware\\StartSession.php(120): Illuminate\\Pipeline\\Pipeline->Illuminate\\Pipeline\\{closure}(Object(Illuminate\\Http\\Request))
#30 C:\\Users\\USER\\Desktop\\BSIT-3A-IPT2\\Restor-Laravel-App\\vendor\\laravel\\framework\\src\\Illuminate\\Session\\Middleware\\StartSession.php(63): Illuminate\\Session\\Middleware\\StartSession->handleStatefulRequest(Object(Illuminate\\Http\\Request), Object(Illuminate\\Session\\Store), Object(Closure))
#31 C:\\Users\\USER\\Desktop\\BSIT-3A-IPT2\\Restor-Laravel-App\\vendor\\laravel\\framework\\src\\Illuminate\\Pipeline\\Pipeline.php(219): Illuminate\\Session\\Middleware\\StartSession->handle(Object(Illuminate\\Http\\Request), Object(Closure))
#32 C:\\Users\\USER\\Desktop\\BSIT-3A-IPT2\\Restor-Laravel-App\\vendor\\laravel\\framework\\src\\Illuminate\\Cookie\\Middleware\\AddQueuedCookiesToResponse.php(36): Illuminate\\Pipeline\\Pipeline->Illuminate\\Pipeline\\{closure}(Object(Illuminate\\Http\\Request))
#33 C:\\Users\\USER\\Desktop\\BSIT-3A-IPT2\\Restor-Laravel-App\\vendor\\laravel\\framework\\src\\Illuminate\\Pipeline\\Pipeline.php(219): Illuminate\\Cookie\\Middleware\\AddQueuedCookiesToResponse->handle(Object(Illuminate\\Http\\Request), Object(Closure))
#34 C:\\Users\\USER\\Desktop\\BSIT-3A-IPT2\\Restor-Laravel-App\\vendor\\laravel\\framework\\src\\Illuminate\\Cookie\\Middleware\\EncryptCookies.php(74): Illuminate\\Pipeline\\Pipeline->Illuminate\\Pipeline\\{closure}(Object(Illuminate\\Http\\Request))
#35 C:\\Users\\USER\\Desktop\\BSIT-3A-IPT2\\Restor-Laravel-App\\vendor\\laravel\\framework\\src\\Illuminate\\Pipeline\\Pipeline.php(219): Illuminate\\Cookie\\Middleware\\EncryptCookies->handle(Object(Illuminate\\Http\\Request), Object(Closure))
#36 C:\\Users\\USER\\Desktop\\BSIT-3A-IPT2\\Restor-Laravel-App\\vendor\\laravel\\framework\\src\\Illuminate\\Pipeline\\Pipeline.php(137): Illuminate\\Pipeline\\Pipeline->Illuminate\\Pipeline\\{closure}(Object(Illuminate\\Http\\Request))
#37 C:\\Users\\USER\\Desktop\\BSIT-3A-IPT2\\Restor-Laravel-App\\vendor\\laravel\\framework\\src\\Illuminate\\Routing\\Router.php(821): Illuminate\\Pipeline\\Pipeline->then(Object(Closure))
#38 C:\\Users\\USER\\Desktop\\BSIT-3A-IPT2\\Restor-Laravel-App\\vendor\\laravel\\framework\\src\\Illuminate\\Routing\\Router.php(800): Illuminate\\Routing\\Router->runRouteWithinStack(Object(Illuminate\\Routing\\Route), Object(Illuminate\\Http\\Request))
#39 C:\\Users\\USER\\Desktop\\BSIT-3A-IPT2\\Restor-Laravel-App\\vendor\\laravel\\framework\\src\\Illuminate\\Routing\\Router.php(764): Illuminate\\Routing\\Router->runRoute(Object(Illuminate\\Http\\Request), Object(Illuminate\\Routing\\Route))
#40 C:\\Users\\USER\\Desktop\\BSIT-3A-IPT2\\Restor-Laravel-App\\vendor\\laravel\\framework\\src\\Illuminate\\Routing\\Router.php(753): Illuminate\\Routing\\Router->dispatchToRoute(Object(Illuminate\\Http\\Request))
#41 C:\\Users\\USER\\Desktop\\BSIT-3A-IPT2\\Restor-Laravel-App\\vendor\\laravel\\framework\\src\\Illuminate\\Foundation\\Http\\Kernel.php(200): Illuminate\\Routing\\Router->dispatch(Object(Illuminate\\Http\\Request))
#42 C:\\Users\\USER\\Desktop\\BSIT-3A-IPT2\\Restor-Laravel-App\\vendor\\laravel\\framework\\src\\Illuminate\\Pipeline\\Pipeline.php(180): Illuminate\\Foundation\\Http\\Kernel->Illuminate\\Foundation\\Http\\{closure}(Object(Illuminate\\Http\\Request))
#43 C:\\Users\\USER\\Desktop\\BSIT-3A-IPT2\\Restor-Laravel-App\\vendor\\laravel\\framework\\src\\Illuminate\\Foundation\\Http\\Middleware\\TransformsRequest.php(21): Illuminate\\Pipeline\\Pipeline->Illuminate\\Pipeline\\{closure}(Object(Illuminate\\Http\\Request))
#44 C:\\Users\\USER\\Desktop\\BSIT-3A-IPT2\\Restor-Laravel-App\\vendor\\laravel\\framework\\src\\Illuminate\\Foundation\\Http\\Middleware\\ConvertEmptyStringsToNull.php(31): Illuminate\\Foundation\\Http\\Middleware\\TransformsRequest->handle(Object(Illuminate\\Http\\Request), Object(Closure))
#45 C:\\Users\\USER\\Desktop\\BSIT-3A-IPT2\\Restor-Laravel-App\\vendor\\laravel\\framework\\src\\Illuminate\\Pipeline\\Pipeline.php(219): Illuminate\\Foundation\\Http\\Middleware\\ConvertEmptyStringsToNull->handle(Object(Illuminate\\Http\\Request), Object(Closure))
#46 C:\\Users\\USER\\Desktop\\BSIT-3A-IPT2\\Restor-Laravel-App\\vendor\\laravel\\framework\\src\\Illuminate\\Foundation\\Http\\Middleware\\TransformsRequest.php(21): Illuminate\\Pipeline\\Pipeline->Illuminate\\Pipeline\\{closure}(Object(Illuminate\\Http\\Request))
#47 C:\\Users\\USER\\Desktop\\BSIT-3A-IPT2\\Restor-Laravel-App\\vendor\\laravel\\framework\\src\\Illuminate\\Foundation\\Http\\Middleware\\TrimStrings.php(51): Illuminate\\Foundation\\Http\\Middleware\\TransformsRequest->handle(Object(Illuminate\\Http\\Request), Object(Closure))
#48 C:\\Users\\USER\\Desktop\\BSIT-3A-IPT2\\Restor-Laravel-App\\vendor\\laravel\\framework\\src\\Illuminate\\Pipeline\\Pipeline.php(219): Illuminate\\Foundation\\Http\\Middleware\\TrimStrings->handle(Object(Illuminate\\Http\\Request), Object(Closure))
#49 C:\\Users\\USER\\Desktop\\BSIT-3A-IPT2\\Restor-Laravel-App\\vendor\\laravel\\framework\\src\\Illuminate\\Http\\Middleware\\ValidatePostSize.php(27): Illuminate\\Pipeline\\Pipeline->Illuminate\\Pipeline\\{closure}(Object(Illuminate\\Http\\Request))
#50 C:\\Users\\USER\\Desktop\\BSIT-3A-IPT2\\Restor-Laravel-App\\vendor\\laravel\\framework\\src\\Illuminate\\Pipeline\\Pipeline.php(219): Illuminate\\Http\\Middleware\\ValidatePostSize->handle(Object(Illuminate\\Http\\Request), Object(Closure))
#51 C:\\Users\\USER\\Desktop\\BSIT-3A-IPT2\\Restor-Laravel-App\\vendor\\laravel\\framework\\src\\Illuminate\\Foundation\\Http\\Middleware\\PreventRequestsDuringMaintenance.php(109): Illuminate\\Pipeline\\Pipeline->Illuminate\\Pipeline\\{closure}(Object(Illuminate\\Http\\Request))
#52 C:\\Users\\USER\\Desktop\\BSIT-3A-IPT2\\Restor-Laravel-App\\vendor\\laravel\\framework\\src\\Illuminate\\Pipeline\\Pipeline.php(219): Illuminate\\Foundation\\Http\\Middleware\\PreventRequestsDuringMaintenance->handle(Object(Illuminate\\Http\\Request), Object(Closure))
#53 C:\\Users\\USER\\Desktop\\BSIT-3A-IPT2\\Restor-Laravel-App\\vendor\\laravel\\framework\\src\\Illuminate\\Http\\Middleware\\HandleCors.php(48): Illuminate\\Pipeline\\Pipeline->Illuminate\\Pipeline\\{closure}(Object(Illuminate\\Http\\Request))
#54 C:\\Users\\USER\\Desktop\\BSIT-3A-IPT2\\Restor-Laravel-App\\vendor\\laravel\\framework\\src\\Illuminate\\Pipeline\\Pipeline.php(219): Illuminate\\Http\\Middleware\\HandleCors->handle(Object(Illuminate\\Http\\Request), Object(Closure))
#55 C:\\Users\\USER\\Desktop\\BSIT-3A-IPT2\\Restor-Laravel-App\\vendor\\laravel\\framework\\src\\Illuminate\\Http\\Middleware\\TrustProxies.php(58): Illuminate\\Pipeline\\Pipeline->Illuminate\\Pipeline\\{closure}(Object(Illuminate\\Http\\Request))
#56 C:\\Users\\USER\\Desktop\\BSIT-3A-IPT2\\Restor-Laravel-App\\vendor\\laravel\\framework\\src\\Illuminate\\Pipeline\\Pipeline.php(219): Illuminate\\Http\\Middleware\\TrustProxies->handle(Object(Illuminate\\Http\\Request), Object(Closure))
#57 C:\\Users\\USER\\Desktop\\BSIT-3A-IPT2\\Restor-Laravel-App\\vendor\\laravel\\framework\\src\\Illuminate\\Foundation\\Http\\Middleware\\InvokeDeferredCallbacks.php(22): Illuminate\\Pipeline\\Pipeline->Illuminate\\Pipeline\\{closure}(Object(Illuminate\\Http\\Request))
#58 C:\\Users\\USER\\Desktop\\BSIT-3A-IPT2\\Restor-Laravel-App\\vendor\\laravel\\framework\\src\\Illuminate\\Pipeline\\Pipeline.php(219): Illuminate\\Foundation\\Http\\Middleware\\InvokeDeferredCallbacks->handle(Object(Illuminate\\Http\\Request), Object(Closure))
#59 C:\\Users\\USER\\Desktop\\BSIT-3A-IPT2\\Restor-Laravel-App\\vendor\\laravel\\framework\\src\\Illuminate\\Http\\Middleware\\ValidatePathEncoding.php(26): Illuminate\\Pipeline\\Pipeline->Illuminate\\Pipeline\\{closure}(Object(Illuminate\\Http\\Request))
#60 C:\\Users\\USER\\Desktop\\BSIT-3A-IPT2\\Restor-Laravel-App\\vendor\\laravel\\framework\\src\\Illuminate\\Pipeline\\Pipeline.php(219): Illuminate\\Http\\Middleware\\ValidatePathEncoding->handle(Object(Illuminate\\Http\\Request), Object(Closure))
#61 C:\\Users\\USER\\Desktop\\BSIT-3A-IPT2\\Restor-Laravel-App\\vendor\\laravel\\framework\\src\\Illuminate\\Pipeline\\Pipeline.php(137): Illuminate\\Pipeline\\Pipeline->Illuminate\\Pipeline\\{closure}(Object(Illuminate\\Http\\Request))
#62 C:\\Users\\USER\\Desktop\\BSIT-3A-IPT2\\Restor-Laravel-App\\vendor\\laravel\\framework\\src\\Illuminate\\Foundation\\Http\\Kernel.php(175): Illuminate\\Pipeline\\Pipeline->then(Object(Closure))
#63 C:\\Users\\USER\\Desktop\\BSIT-3A-IPT2\\Restor-Laravel-App\\vendor\\laravel\\framework\\src\\Illuminate\\Foundation\\Http\\Kernel.php(144): Illuminate\\Foundation\\Http\\Kernel->sendRequestThroughRouter(Object(Illuminate\\Http\\Request))
#64 C:\\Users\\USER\\Desktop\\BSIT-3A-IPT2\\Restor-Laravel-App\\vendor\\laravel\\framework\\src\\Illuminate\\Foundation\\Application.php(1220): Illuminate\\Foundation\\Http\\Kernel->handle(Object(Illuminate\\Http\\Request))
#65 C:\\Users\\USER\\Desktop\\BSIT-3A-IPT2\\Restor-Laravel-App\\public\\index.php(20): Illuminate\\Foundation\\Application->handleRequest(Object(Illuminate\\Http\\Request))
#66 C:\\Users\\USER\\Desktop\\BSIT-3A-IPT2\\Restor-Laravel-App\\vendor\\laravel\\framework\\src\\Illuminate\\Foundation\\resources\\server.php(23): require_once('C:\\\\Users\\\\USER\\\\D...')
#67 {main}
"} 
[2025-11-02 18:22:42] local.ERROR: Unable to locate a class or view for component [admin-layout]. {"userId":1,"exception":"[object] (InvalidArgumentException(code: 0): Unable to locate a class or view for component [admin-layout]. at C:\\Users\\USER\\Desktop\\BSIT-3A-IPT2\\Restor-Laravel-App\\vendor\\laravel\\framework\\src\\Illuminate\\View\\Compilers\\ComponentTagCompiler.php:315)
[stacktrace]
#0 C:\\Users\\USER\\Desktop\\BSIT-3A-IPT2\\Restor-Laravel-App\\vendor\\laravel\\framework\\src\\Illuminate\\View\\Compilers\\ComponentTagCompiler.php(235): Illuminate\\View\\Compilers\\ComponentTagCompiler->componentClass('admin-layout')
#1 C:\\Users\\USER\\Desktop\\BSIT-3A-IPT2\\Restor-Laravel-App\\vendor\\laravel\\framework\\src\\Illuminate\\View\\Compilers\\ComponentTagCompiler.php(156): Illuminate\\View\\Compilers\\ComponentTagCompiler->componentString('admin-layout', Array)
#2 [internal function]: Illuminate\\View\\Compilers\\ComponentTagCompiler->Illuminate\\View\\Compilers\\{closure}(Array)
#3 C:\\Users\\USER\\Desktop\\BSIT-3A-IPT2\\Restor-Laravel-App\\vendor\\laravel\\framework\\src\\Illuminate\\View\\Compilers\\ComponentTagCompiler.php(151): preg_replace_callback('/\\n            <...', Object(Closure), '@extends('layou...')
#4 C:\\Users\\USER\\Desktop\\BSIT-3A-IPT2\\Restor-Laravel-App\\vendor\\laravel\\framework\\src\\Illuminate\\View\\Compilers\\ComponentTagCompiler.php(90): Illuminate\\View\\Compilers\\ComponentTagCompiler->compileOpeningTags('@extends('layou...')
#5 C:\\Users\\USER\\Desktop\\BSIT-3A-IPT2\\Restor-Laravel-App\\vendor\\laravel\\framework\\src\\Illuminate\\View\\Compilers\\ComponentTagCompiler.php(76): Illuminate\\View\\Compilers\\ComponentTagCompiler->compileTags('@extends('layou...')
#6 C:\\Users\\USER\\Desktop\\BSIT-3A-IPT2\\Restor-Laravel-App\\vendor\\laravel\\framework\\src\\Illuminate\\View\\Compilers\\BladeCompiler.php(455): Illuminate\\View\\Compilers\\ComponentTagCompiler->compile('@extends('layou...')
#7 C:\\Users\\USER\\Desktop\\BSIT-3A-IPT2\\Restor-Laravel-App\\vendor\\laravel\\framework\\src\\Illuminate\\View\\Compilers\\BladeCompiler.php(287): Illuminate\\View\\Compilers\\BladeCompiler->compileComponentTags('@extends('layou...')
#8 C:\\Users\\USER\\Desktop\\BSIT-3A-IPT2\\Restor-Laravel-App\\vendor\\laravel\\framework\\src\\Illuminate\\View\\Compilers\\BladeCompiler.php(187): Illuminate\\View\\Compilers\\BladeCompiler->compileString('@extends('layou...')
#9 C:\\Users\\USER\\Desktop\\BSIT-3A-IPT2\\Restor-Laravel-App\\vendor\\laravel\\framework\\src\\Illuminate\\View\\Engines\\CompilerEngine.php(68): Illuminate\\View\\Compilers\\BladeCompiler->compile('C:\\\\Users\\\\USER\\\\D...')
#10 C:\\Users\\USER\\Desktop\\BSIT-3A-IPT2\\Restor-Laravel-App\\vendor\\laravel\\framework\\src\\Illuminate\\View\\View.php(208): Illuminate\\View\\Engines\\CompilerEngine->get('C:\\\\Users\\\\USER\\\\D...', Array)
#11 C:\\Users\\USER\\Desktop\\BSIT-3A-IPT2\\Restor-Laravel-App\\vendor\\laravel\\framework\\src\\Illuminate\\View\\View.php(191): Illuminate\\View\\View->getContents()
#12 C:\\Users\\USER\\Desktop\\BSIT-3A-IPT2\\Restor-Laravel-App\\vendor\\laravel\\framework\\src\\Illuminate\\View\\View.php(160): Illuminate\\View\\View->renderContents()
#13 C:\\Users\\USER\\Desktop\\BSIT-3A-IPT2\\Restor-Laravel-App\\vendor\\laravel\\framework\\src\\Illuminate\\Http\\Response.php(78): Illuminate\\View\\View->render()
#14 C:\\Users\\USER\\Desktop\\BSIT-3A-IPT2\\Restor-Laravel-App\\vendor\\laravel\\framework\\src\\Illuminate\\Http\\Response.php(34): Illuminate\\Http\\Response->setContent(Object(Illuminate\\View\\View))
#15 C:\\Users\\USER\\Desktop\\BSIT-3A-IPT2\\Restor-Laravel-App\\vendor\\laravel\\framework\\src\\Illuminate\\Routing\\Router.php(939): Illuminate\\Http\\Response->__construct(Object(Illuminate\\View\\View), 200, Array)
#16 C:\\Users\\USER\\Desktop\\BSIT-3A-IPT2\\Restor-Laravel-App\\vendor\\laravel\\framework\\src\\Illuminate\\Routing\\Router.php(906): Illuminate\\Routing\\Router::toResponse(Object(Illuminate\\Http\\Request), Object(Illuminate\\View\\View))
#17 C:\\Users\\USER\\Desktop\\BSIT-3A-IPT2\\Restor-Laravel-App\\vendor\\laravel\\framework\\src\\Illuminate\\Routing\\Router.php(821): Illuminate\\Routing\\Router->prepareResponse(Object(Illuminate\\Http\\Request), Object(Illuminate\\View\\View))
#18 C:\\Users\\USER\\Desktop\\BSIT-3A-IPT2\\Restor-Laravel-App\\vendor\\laravel\\framework\\src\\Illuminate\\Pipeline\\Pipeline.php(180): Illuminate\\Routing\\Router->Illuminate\\Routing\\{closure}(Object(Illuminate\\Http\\Request))
#19 C:\\Users\\USER\\Desktop\\BSIT-3A-IPT2\\Restor-Laravel-App\\vendor\\laravel\\framework\\src\\Illuminate\\Auth\\Middleware\\EnsureEmailIsVerified.php(41): Illuminate\\Pipeline\\Pipeline->Illuminate\\Pipeline\\{closure}(Object(Illuminate\\Http\\Request))
#20 C:\\Users\\USER\\Desktop\\BSIT-3A-IPT2\\Restor-Laravel-App\\vendor\\laravel\\framework\\src\\Illuminate\\Pipeline\\Pipeline.php(219): Illuminate\\Auth\\Middleware\\EnsureEmailIsVerified->handle(Object(Illuminate\\Http\\Request), Object(Closure))
#21 C:\\Users\\USER\\Desktop\\BSIT-3A-IPT2\\Restor-Laravel-App\\vendor\\laravel\\framework\\src\\Illuminate\\Routing\\Middleware\\SubstituteBindings.php(50): Illuminate\\Pipeline\\Pipeline->Illuminate\\Pipeline\\{closure}(Object(Illuminate\\Http\\Request))
#22 C:\\Users\\USER\\Desktop\\BSIT-3A-IPT2\\Restor-Laravel-App\\vendor\\laravel\\framework\\src\\Illuminate\\Pipeline\\Pipeline.php(219): Illuminate\\Routing\\Middleware\\SubstituteBindings->handle(Object(Illuminate\\Http\\Request), Object(Closure))
#23 C:\\Users\\USER\\Desktop\\BSIT-3A-IPT2\\Restor-Laravel-App\\vendor\\laravel\\framework\\src\\Illuminate\\Auth\\Middleware\\Authenticate.php(63): Illuminate\\Pipeline\\Pipeline->Illuminate\\Pipeline\\{closure}(Object(Illuminate\\Http\\Request))
#24 C:\\Users\\USER\\Desktop\\BSIT-3A-IPT2\\Restor-Laravel-App\\vendor\\laravel\\framework\\src\\Illuminate\\Pipeline\\Pipeline.php(219): Illuminate\\Auth\\Middleware\\Authenticate->handle(Object(Illuminate\\Http\\Request), Object(Closure))
#25 C:\\Users\\USER\\Desktop\\BSIT-3A-IPT2\\Restor-Laravel-App\\vendor\\laravel\\framework\\src\\Illuminate\\Foundation\\Http\\Middleware\\VerifyCsrfToken.php(87): Illuminate\\Pipeline\\Pipeline->Illuminate\\Pipeline\\{closure}(Object(Illuminate\\Http\\Request))
#26 C:\\Users\\USER\\Desktop\\BSIT-3A-IPT2\\Restor-Laravel-App\\vendor\\laravel\\framework\\src\\Illuminate\\Pipeline\\Pipeline.php(219): Illuminate\\Foundation\\Http\\Middleware\\VerifyCsrfToken->handle(Object(Illuminate\\Http\\Request), Object(Closure))
#27 C:\\Users\\USER\\Desktop\\BSIT-3A-IPT2\\Restor-Laravel-App\\vendor\\laravel\\framework\\src\\Illuminate\\View\\Middleware\\ShareErrorsFromSession.php(48): Illuminate\\Pipeline\\Pipeline->Illuminate\\Pipeline\\{closure}(Object(Illuminate\\Http\\Request))
#28 C:\\Users\\USER\\Desktop\\BSIT-3A-IPT2\\Restor-Laravel-App\\vendor\\laravel\\framework\\src\\Illuminate\\Pipeline\\Pipeline.php(219): Illuminate\\View\\Middleware\\ShareErrorsFromSession->handle(Object(Illuminate\\Http\\Request), Object(Closure))
#29 C:\\Users\\USER\\Desktop\\BSIT-3A-IPT2\\Restor-Laravel-App\\vendor\\laravel\\framework\\src\\Illuminate\\Session\\Middleware\\StartSession.php(120): Illuminate\\Pipeline\\Pipeline->Illuminate\\Pipeline\\{closure}(Object(Illuminate\\Http\\Request))
#30 C:\\Users\\USER\\Desktop\\BSIT-3A-IPT2\\Restor-Laravel-App\\vendor\\laravel\\framework\\src\\Illuminate\\Session\\Middleware\\StartSession.php(63): Illuminate\\Session\\Middleware\\StartSession->handleStatefulRequest(Object(Illuminate\\Http\\Request), Object(Illuminate\\Session\\Store), Object(Closure))
#31 C:\\Users\\USER\\Desktop\\BSIT-3A-IPT2\\Restor-Laravel-App\\vendor\\laravel\\framework\\src\\Illuminate\\Pipeline\\Pipeline.php(219): Illuminate\\Session\\Middleware\\StartSession->handle(Object(Illuminate\\Http\\Request), Object(Closure))
#32 C:\\Users\\USER\\Desktop\\BSIT-3A-IPT2\\Restor-Laravel-App\\vendor\\laravel\\framework\\src\\Illuminate\\Cookie\\Middleware\\AddQueuedCookiesToResponse.php(36): Illuminate\\Pipeline\\Pipeline->Illuminate\\Pipeline\\{closure}(Object(Illuminate\\Http\\Request))
#33 C:\\Users\\USER\\Desktop\\BSIT-3A-IPT2\\Restor-Laravel-App\\vendor\\laravel\\framework\\src\\Illuminate\\Pipeline\\Pipeline.php(219): Illuminate\\Cookie\\Middleware\\AddQueuedCookiesToResponse->handle(Object(Illuminate\\Http\\Request), Object(Closure))
#34 C:\\Users\\USER\\Desktop\\BSIT-3A-IPT2\\Restor-Laravel-App\\vendor\\laravel\\framework\\src\\Illuminate\\Cookie\\Middleware\\EncryptCookies.php(74): Illuminate\\Pipeline\\Pipeline->Illuminate\\Pipeline\\{closure}(Object(Illuminate\\Http\\Request))
#35 C:\\Users\\USER\\Desktop\\BSIT-3A-IPT2\\Restor-Laravel-App\\vendor\\laravel\\framework\\src\\Illuminate\\Pipeline\\Pipeline.php(219): Illuminate\\Cookie\\Middleware\\EncryptCookies->handle(Object(Illuminate\\Http\\Request), Object(Closure))
#36 C:\\Users\\USER\\Desktop\\BSIT-3A-IPT2\\Restor-Laravel-App\\vendor\\laravel\\framework\\src\\Illuminate\\Pipeline\\Pipeline.php(137): Illuminate\\Pipeline\\Pipeline->Illuminate\\Pipeline\\{closure}(Object(Illuminate\\Http\\Request))
#37 C:\\Users\\USER\\Desktop\\BSIT-3A-IPT2\\Restor-Laravel-App\\vendor\\laravel\\framework\\src\\Illuminate\\Routing\\Router.php(821): Illuminate\\Pipeline\\Pipeline->then(Object(Closure))
#38 C:\\Users\\USER\\Desktop\\BSIT-3A-IPT2\\Restor-Laravel-App\\vendor\\laravel\\framework\\src\\Illuminate\\Routing\\Router.php(800): Illuminate\\Routing\\Router->runRouteWithinStack(Object(Illuminate\\Routing\\Route), Object(Illuminate\\Http\\Request))
#39 C:\\Users\\USER\\Desktop\\BSIT-3A-IPT2\\Restor-Laravel-App\\vendor\\laravel\\framework\\src\\Illuminate\\Routing\\Router.php(764): Illuminate\\Routing\\Router->runRoute(Object(Illuminate\\Http\\Request), Object(Illuminate\\Routing\\Route))
#40 C:\\Users\\USER\\Desktop\\BSIT-3A-IPT2\\Restor-Laravel-App\\vendor\\laravel\\framework\\src\\Illuminate\\Routing\\Router.php(753): Illuminate\\Routing\\Router->dispatchToRoute(Object(Illuminate\\Http\\Request))
#41 C:\\Users\\USER\\Desktop\\BSIT-3A-IPT2\\Restor-Laravel-App\\vendor\\laravel\\framework\\src\\Illuminate\\Foundation\\Http\\Kernel.php(200): Illuminate\\Routing\\Router->dispatch(Object(Illuminate\\Http\\Request))
#42 C:\\Users\\USER\\Desktop\\BSIT-3A-IPT2\\Restor-Laravel-App\\vendor\\laravel\\framework\\src\\Illuminate\\Pipeline\\Pipeline.php(180): Illuminate\\Foundation\\Http\\Kernel->Illuminate\\Foundation\\Http\\{closure}(Object(Illuminate\\Http\\Request))
#43 C:\\Users\\USER\\Desktop\\BSIT-3A-IPT2\\Restor-Laravel-App\\vendor\\laravel\\framework\\src\\Illuminate\\Foundation\\Http\\Middleware\\TransformsRequest.php(21): Illuminate\\Pipeline\\Pipeline->Illuminate\\Pipeline\\{closure}(Object(Illuminate\\Http\\Request))
#44 C:\\Users\\USER\\Desktop\\BSIT-3A-IPT2\\Restor-Laravel-App\\vendor\\laravel\\framework\\src\\Illuminate\\Foundation\\Http\\Middleware\\ConvertEmptyStringsToNull.php(31): Illuminate\\Foundation\\Http\\Middleware\\TransformsRequest->handle(Object(Illuminate\\Http\\Request), Object(Closure))
#45 C:\\Users\\USER\\Desktop\\BSIT-3A-IPT2\\Restor-Laravel-App\\vendor\\laravel\\framework\\src\\Illuminate\\Pipeline\\Pipeline.php(219): Illuminate\\Foundation\\Http\\Middleware\\ConvertEmptyStringsToNull->handle(Object(Illuminate\\Http\\Request), Object(Closure))
#46 C:\\Users\\USER\\Desktop\\BSIT-3A-IPT2\\Restor-Laravel-App\\vendor\\laravel\\framework\\src\\Illuminate\\Foundation\\Http\\Middleware\\TransformsRequest.php(21): Illuminate\\Pipeline\\Pipeline->Illuminate\\Pipeline\\{closure}(Object(Illuminate\\Http\\Request))
#47 C:\\Users\\USER\\Desktop\\BSIT-3A-IPT2\\Restor-Laravel-App\\vendor\\laravel\\framework\\src\\Illuminate\\Foundation\\Http\\Middleware\\TrimStrings.php(51): Illuminate\\Foundation\\Http\\Middleware\\TransformsRequest->handle(Object(Illuminate\\Http\\Request), Object(Closure))
#48 C:\\Users\\USER\\Desktop\\BSIT-3A-IPT2\\Restor-Laravel-App\\vendor\\laravel\\framework\\src\\Illuminate\\Pipeline\\Pipeline.php(219): Illuminate\\Foundation\\Http\\Middleware\\TrimStrings->handle(Object(Illuminate\\Http\\Request), Object(Closure))
#49 C:\\Users\\USER\\Desktop\\BSIT-3A-IPT2\\Restor-Laravel-App\\vendor\\laravel\\framework\\src\\Illuminate\\Http\\Middleware\\ValidatePostSize.php(27): Illuminate\\Pipeline\\Pipeline->Illuminate\\Pipeline\\{closure}(Object(Illuminate\\Http\\Request))
#50 C:\\Users\\USER\\Desktop\\BSIT-3A-IPT2\\Restor-Laravel-App\\vendor\\laravel\\framework\\src\\Illuminate\\Pipeline\\Pipeline.php(219): Illuminate\\Http\\Middleware\\ValidatePostSize->handle(Object(Illuminate\\Http\\Request), Object(Closure))
#51 C:\\Users\\USER\\Desktop\\BSIT-3A-IPT2\\Restor-Laravel-App\\vendor\\laravel\\framework\\src\\Illuminate\\Foundation\\Http\\Middleware\\PreventRequestsDuringMaintenance.php(109): Illuminate\\Pipeline\\Pipeline->Illuminate\\Pipeline\\{closure}(Object(Illuminate\\Http\\Request))
#52 C:\\Users\\USER\\Desktop\\BSIT-3A-IPT2\\Restor-Laravel-App\\vendor\\laravel\\framework\\src\\Illuminate\\Pipeline\\Pipeline.php(219): Illuminate\\Foundation\\Http\\Middleware\\PreventRequestsDuringMaintenance->handle(Object(Illuminate\\Http\\Request), Object(Closure))
#53 C:\\Users\\USER\\Desktop\\BSIT-3A-IPT2\\Restor-Laravel-App\\vendor\\laravel\\framework\\src\\Illuminate\\Http\\Middleware\\HandleCors.php(48): Illuminate\\Pipeline\\Pipeline->Illuminate\\Pipeline\\{closure}(Object(Illuminate\\Http\\Request))
#54 C:\\Users\\USER\\Desktop\\BSIT-3A-IPT2\\Restor-Laravel-App\\vendor\\laravel\\framework\\src\\Illuminate\\Pipeline\\Pipeline.php(219): Illuminate\\Http\\Middleware\\HandleCors->handle(Object(Illuminate\\Http\\Request), Object(Closure))
#55 C:\\Users\\USER\\Desktop\\BSIT-3A-IPT2\\Restor-Laravel-App\\vendor\\laravel\\framework\\src\\Illuminate\\Http\\Middleware\\TrustProxies.php(58): Illuminate\\Pipeline\\Pipeline->Illuminate\\Pipeline\\{closure}(Object(Illuminate\\Http\\Request))
#56 C:\\Users\\USER\\Desktop\\BSIT-3A-IPT2\\Restor-Laravel-App\\vendor\\laravel\\framework\\src\\Illuminate\\Pipeline\\Pipeline.php(219): Illuminate\\Http\\Middleware\\TrustProxies->handle(Object(Illuminate\\Http\\Request), Object(Closure))
#57 C:\\Users\\USER\\Desktop\\BSIT-3A-IPT2\\Restor-Laravel-App\\vendor\\laravel\\framework\\src\\Illuminate\\Foundation\\Http\\Middleware\\InvokeDeferredCallbacks.php(22): Illuminate\\Pipeline\\Pipeline->Illuminate\\Pipeline\\{closure}(Object(Illuminate\\Http\\Request))
#58 C:\\Users\\USER\\Desktop\\BSIT-3A-IPT2\\Restor-Laravel-App\\vendor\\laravel\\framework\\src\\Illuminate\\Pipeline\\Pipeline.php(219): Illuminate\\Foundation\\Http\\Middleware\\InvokeDeferredCallbacks->handle(Object(Illuminate\\Http\\Request), Object(Closure))
#59 C:\\Users\\USER\\Desktop\\BSIT-3A-IPT2\\Restor-Laravel-App\\vendor\\laravel\\framework\\src\\Illuminate\\Http\\Middleware\\ValidatePathEncoding.php(26): Illuminate\\Pipeline\\Pipeline->Illuminate\\Pipeline\\{closure}(Object(Illuminate\\Http\\Request))
#60 C:\\Users\\USER\\Desktop\\BSIT-3A-IPT2\\Restor-Laravel-App\\vendor\\laravel\\framework\\src\\Illuminate\\Pipeline\\Pipeline.php(219): Illuminate\\Http\\Middleware\\ValidatePathEncoding->handle(Object(Illuminate\\Http\\Request), Object(Closure))
#61 C:\\Users\\USER\\Desktop\\BSIT-3A-IPT2\\Restor-Laravel-App\\vendor\\laravel\\framework\\src\\Illuminate\\Pipeline\\Pipeline.php(137): Illuminate\\Pipeline\\Pipeline->Illuminate\\Pipeline\\{closure}(Object(Illuminate\\Http\\Request))
#62 C:\\Users\\USER\\Desktop\\BSIT-3A-IPT2\\Restor-Laravel-App\\vendor\\laravel\\framework\\src\\Illuminate\\Foundation\\Http\\Kernel.php(175): Illuminate\\Pipeline\\Pipeline->then(Object(Closure))
#63 C:\\Users\\USER\\Desktop\\BSIT-3A-IPT2\\Restor-Laravel-App\\vendor\\laravel\\framework\\src\\Illuminate\\Foundation\\Http\\Kernel.php(144): Illuminate\\Foundation\\Http\\Kernel->sendRequestThroughRouter(Object(Illuminate\\Http\\Request))
#64 C:\\Users\\USER\\Desktop\\BSIT-3A-IPT2\\Restor-Laravel-App\\vendor\\laravel\\framework\\src\\Illuminate\\Foundation\\Application.php(1220): Illuminate\\Foundation\\Http\\Kernel->handle(Object(Illuminate\\Http\\Request))
#65 C:\\Users\\USER\\Desktop\\BSIT-3A-IPT2\\Restor-Laravel-App\\public\\index.php(20): Illuminate\\Foundation\\Application->handleRequest(Object(Illuminate\\Http\\Request))
#66 C:\\Users\\USER\\Desktop\\BSIT-3A-IPT2\\Restor-Laravel-App\\vendor\\laravel\\framework\\src\\Illuminate\\Foundation\\resources\\server.php(23): require_once('C:\\\\Users\\\\USER\\\\D...')
#67 {main}
"} 
[2025-11-02 18:22:43] local.ERROR: Unable to locate a class or view for component [admin-layout]. {"userId":1,"exception":"[object] (InvalidArgumentException(code: 0): Unable to locate a class or view for component [admin-layout]. at C:\\Users\\USER\\Desktop\\BSIT-3A-IPT2\\Restor-Laravel-App\\vendor\\laravel\\framework\\src\\Illuminate\\View\\Compilers\\ComponentTagCompiler.php:315)
[stacktrace]
#0 C:\\Users\\USER\\Desktop\\BSIT-3A-IPT2\\Restor-Laravel-App\\vendor\\laravel\\framework\\src\\Illuminate\\View\\Compilers\\ComponentTagCompiler.php(235): Illuminate\\View\\Compilers\\ComponentTagCompiler->componentClass('admin-layout')
#1 C:\\Users\\USER\\Desktop\\BSIT-3A-IPT2\\Restor-Laravel-App\\vendor\\laravel\\framework\\src\\Illuminate\\View\\Compilers\\ComponentTagCompiler.php(156): Illuminate\\View\\Compilers\\ComponentTagCompiler->componentString('admin-layout', Array)
#2 [internal function]: Illuminate\\View\\Compilers\\ComponentTagCompiler->Illuminate\\View\\Compilers\\{closure}(Array)
#3 C:\\Users\\USER\\Desktop\\BSIT-3A-IPT2\\Restor-Laravel-App\\vendor\\laravel\\framework\\src\\Illuminate\\View\\Compilers\\ComponentTagCompiler.php(151): preg_replace_callback('/\\n            <...', Object(Closure), '@extends('layou...')
#4 C:\\Users\\USER\\Desktop\\BSIT-3A-IPT2\\Restor-Laravel-App\\vendor\\laravel\\framework\\src\\Illuminate\\View\\Compilers\\ComponentTagCompiler.php(90): Illuminate\\View\\Compilers\\ComponentTagCompiler->compileOpeningTags('@extends('layou...')
#5 C:\\Users\\USER\\Desktop\\BSIT-3A-IPT2\\Restor-Laravel-App\\vendor\\laravel\\framework\\src\\Illuminate\\View\\Compilers\\ComponentTagCompiler.php(76): Illuminate\\View\\Compilers\\ComponentTagCompiler->compileTags('@extends('layou...')
#6 C:\\Users\\USER\\Desktop\\BSIT-3A-IPT2\\Restor-Laravel-App\\vendor\\laravel\\framework\\src\\Illuminate\\View\\Compilers\\BladeCompiler.php(455): Illuminate\\View\\Compilers\\ComponentTagCompiler->compile('@extends('layou...')
#7 C:\\Users\\USER\\Desktop\\BSIT-3A-IPT2\\Restor-Laravel-App\\vendor\\laravel\\framework\\src\\Illuminate\\View\\Compilers\\BladeCompiler.php(287): Illuminate\\View\\Compilers\\BladeCompiler->compileComponentTags('@extends('layou...')
#8 C:\\Users\\USER\\Desktop\\BSIT-3A-IPT2\\Restor-Laravel-App\\vendor\\laravel\\framework\\src\\Illuminate\\View\\Compilers\\BladeCompiler.php(187): Illuminate\\View\\Compilers\\BladeCompiler->compileString('@extends('layou...')
#9 C:\\Users\\USER\\Desktop\\BSIT-3A-IPT2\\Restor-Laravel-App\\vendor\\laravel\\framework\\src\\Illuminate\\View\\Engines\\CompilerEngine.php(68): Illuminate\\View\\Compilers\\BladeCompiler->compile('C:\\\\Users\\\\USER\\\\D...')
#10 C:\\Users\\USER\\Desktop\\BSIT-3A-IPT2\\Restor-Laravel-App\\vendor\\laravel\\framework\\src\\Illuminate\\View\\View.php(208): Illuminate\\View\\Engines\\CompilerEngine->get('C:\\\\Users\\\\USER\\\\D...', Array)
#11 C:\\Users\\USER\\Desktop\\BSIT-3A-IPT2\\Restor-Laravel-App\\vendor\\laravel\\framework\\src\\Illuminate\\View\\View.php(191): Illuminate\\View\\View->getContents()
#12 C:\\Users\\USER\\Desktop\\BSIT-3A-IPT2\\Restor-Laravel-App\\vendor\\laravel\\framework\\src\\Illuminate\\View\\View.php(160): Illuminate\\View\\View->renderContents()
#13 C:\\Users\\USER\\Desktop\\BSIT-3A-IPT2\\Restor-Laravel-App\\vendor\\laravel\\framework\\src\\Illuminate\\Http\\Response.php(78): Illuminate\\View\\View->render()
#14 C:\\Users\\USER\\Desktop\\BSIT-3A-IPT2\\Restor-Laravel-App\\vendor\\laravel\\framework\\src\\Illuminate\\Http\\Response.php(34): Illuminate\\Http\\Response->setContent(Object(Illuminate\\View\\View))
#15 C:\\Users\\USER\\Desktop\\BSIT-3A-IPT2\\Restor-Laravel-App\\vendor\\laravel\\framework\\src\\Illuminate\\Routing\\Router.php(939): Illuminate\\Http\\Response->__construct(Object(Illuminate\\View\\View), 200, Array)
#16 C:\\Users\\USER\\Desktop\\BSIT-3A-IPT2\\Restor-Laravel-App\\vendor\\laravel\\framework\\src\\Illuminate\\Routing\\Router.php(906): Illuminate\\Routing\\Router::toResponse(Object(Illuminate\\Http\\Request), Object(Illuminate\\View\\View))
#17 C:\\Users\\USER\\Desktop\\BSIT-3A-IPT2\\Restor-Laravel-App\\vendor\\laravel\\framework\\src\\Illuminate\\Routing\\Router.php(821): Illuminate\\Routing\\Router->prepareResponse(Object(Illuminate\\Http\\Request), Object(Illuminate\\View\\View))
#18 C:\\Users\\USER\\Desktop\\BSIT-3A-IPT2\\Restor-Laravel-App\\vendor\\laravel\\framework\\src\\Illuminate\\Pipeline\\Pipeline.php(180): Illuminate\\Routing\\Router->Illuminate\\Routing\\{closure}(Object(Illuminate\\Http\\Request))
#19 C:\\Users\\USER\\Desktop\\BSIT-3A-IPT2\\Restor-Laravel-App\\vendor\\laravel\\framework\\src\\Illuminate\\Auth\\Middleware\\EnsureEmailIsVerified.php(41): Illuminate\\Pipeline\\Pipeline->Illuminate\\Pipeline\\{closure}(Object(Illuminate\\Http\\Request))
#20 C:\\Users\\USER\\Desktop\\BSIT-3A-IPT2\\Restor-Laravel-App\\vendor\\laravel\\framework\\src\\Illuminate\\Pipeline\\Pipeline.php(219): Illuminate\\Auth\\Middleware\\EnsureEmailIsVerified->handle(Object(Illuminate\\Http\\Request), Object(Closure))
#21 C:\\Users\\USER\\Desktop\\BSIT-3A-IPT2\\Restor-Laravel-App\\vendor\\laravel\\framework\\src\\Illuminate\\Routing\\Middleware\\SubstituteBindings.php(50): Illuminate\\Pipeline\\Pipeline->Illuminate\\Pipeline\\{closure}(Object(Illuminate\\Http\\Request))
#22 C:\\Users\\USER\\Desktop\\BSIT-3A-IPT2\\Restor-Laravel-App\\vendor\\laravel\\framework\\src\\Illuminate\\Pipeline\\Pipeline.php(219): Illuminate\\Routing\\Middleware\\SubstituteBindings->handle(Object(Illuminate\\Http\\Request), Object(Closure))
#23 C:\\Users\\USER\\Desktop\\BSIT-3A-IPT2\\Restor-Laravel-App\\vendor\\laravel\\framework\\src\\Illuminate\\Auth\\Middleware\\Authenticate.php(63): Illuminate\\Pipeline\\Pipeline->Illuminate\\Pipeline\\{closure}(Object(Illuminate\\Http\\Request))
#24 C:\\Users\\USER\\Desktop\\BSIT-3A-IPT2\\Restor-Laravel-App\\vendor\\laravel\\framework\\src\\Illuminate\\Pipeline\\Pipeline.php(219): Illuminate\\Auth\\Middleware\\Authenticate->handle(Object(Illuminate\\Http\\Request), Object(Closure))
#25 C:\\Users\\USER\\Desktop\\BSIT-3A-IPT2\\Restor-Laravel-App\\vendor\\laravel\\framework\\src\\Illuminate\\Foundation\\Http\\Middleware\\VerifyCsrfToken.php(87): Illuminate\\Pipeline\\Pipeline->Illuminate\\Pipeline\\{closure}(Object(Illuminate\\Http\\Request))
#26 C:\\Users\\USER\\Desktop\\BSIT-3A-IPT2\\Restor-Laravel-App\\vendor\\laravel\\framework\\src\\Illuminate\\Pipeline\\Pipeline.php(219): Illuminate\\Foundation\\Http\\Middleware\\VerifyCsrfToken->handle(Object(Illuminate\\Http\\Request), Object(Closure))
#27 C:\\Users\\USER\\Desktop\\BSIT-3A-IPT2\\Restor-Laravel-App\\vendor\\laravel\\framework\\src\\Illuminate\\View\\Middleware\\ShareErrorsFromSession.php(48): Illuminate\\Pipeline\\Pipeline->Illuminate\\Pipeline\\{closure}(Object(Illuminate\\Http\\Request))
#28 C:\\Users\\USER\\Desktop\\BSIT-3A-IPT2\\Restor-Laravel-App\\vendor\\laravel\\framework\\src\\Illuminate\\Pipeline\\Pipeline.php(219): Illuminate\\View\\Middleware\\ShareErrorsFromSession->handle(Object(Illuminate\\Http\\Request), Object(Closure))
#29 C:\\Users\\USER\\Desktop\\BSIT-3A-IPT2\\Restor-Laravel-App\\vendor\\laravel\\framework\\src\\Illuminate\\Session\\Middleware\\StartSession.php(120): Illuminate\\Pipeline\\Pipeline->Illuminate\\Pipeline\\{closure}(Object(Illuminate\\Http\\Request))
#30 C:\\Users\\USER\\Desktop\\BSIT-3A-IPT2\\Restor-Laravel-App\\vendor\\laravel\\framework\\src\\Illuminate\\Session\\Middleware\\StartSession.php(63): Illuminate\\Session\\Middleware\\StartSession->handleStatefulRequest(Object(Illuminate\\Http\\Request), Object(Illuminate\\Session\\Store), Object(Closure))
#31 C:\\Users\\USER\\Desktop\\BSIT-3A-IPT2\\Restor-Laravel-App\\vendor\\laravel\\framework\\src\\Illuminate\\Pipeline\\Pipeline.php(219): Illuminate\\Session\\Middleware\\StartSession->handle(Object(Illuminate\\Http\\Request), Object(Closure))
#32 C:\\Users\\USER\\Desktop\\BSIT-3A-IPT2\\Restor-Laravel-App\\vendor\\laravel\\framework\\src\\Illuminate\\Cookie\\Middleware\\AddQueuedCookiesToResponse.php(36): Illuminate\\Pipeline\\Pipeline->Illuminate\\Pipeline\\{closure}(Object(Illuminate\\Http\\Request))
#33 C:\\Users\\USER\\Desktop\\BSIT-3A-IPT2\\Restor-Laravel-App\\vendor\\laravel\\framework\\src\\Illuminate\\Pipeline\\Pipeline.php(219): Illuminate\\Cookie\\Middleware\\AddQueuedCookiesToResponse->handle(Object(Illuminate\\Http\\Request), Object(Closure))
#34 C:\\Users\\USER\\Desktop\\BSIT-3A-IPT2\\Restor-Laravel-App\\vendor\\laravel\\framework\\src\\Illuminate\\Cookie\\Middleware\\EncryptCookies.php(74): Illuminate\\Pipeline\\Pipeline->Illuminate\\Pipeline\\{closure}(Object(Illuminate\\Http\\Request))
#35 C:\\Users\\USER\\Desktop\\BSIT-3A-IPT2\\Restor-Laravel-App\\vendor\\laravel\\framework\\src\\Illuminate\\Pipeline\\Pipeline.php(219): Illuminate\\Cookie\\Middleware\\EncryptCookies->handle(Object(Illuminate\\Http\\Request), Object(Closure))
#36 C:\\Users\\USER\\Desktop\\BSIT-3A-IPT2\\Restor-Laravel-App\\vendor\\laravel\\framework\\src\\Illuminate\\Pipeline\\Pipeline.php(137): Illuminate\\Pipeline\\Pipeline->Illuminate\\Pipeline\\{closure}(Object(Illuminate\\Http\\Request))
#37 C:\\Users\\USER\\Desktop\\BSIT-3A-IPT2\\Restor-Laravel-App\\vendor\\laravel\\framework\\src\\Illuminate\\Routing\\Router.php(821): Illuminate\\Pipeline\\Pipeline->then(Object(Closure))
#38 C:\\Users\\USER\\Desktop\\BSIT-3A-IPT2\\Restor-Laravel-App\\vendor\\laravel\\framework\\src\\Illuminate\\Routing\\Router.php(800): Illuminate\\Routing\\Router->runRouteWithinStack(Object(Illuminate\\Routing\\Route), Object(Illuminate\\Http\\Request))
#39 C:\\Users\\USER\\Desktop\\BSIT-3A-IPT2\\Restor-Laravel-App\\vendor\\laravel\\framework\\src\\Illuminate\\Routing\\Router.php(764): Illuminate\\Routing\\Router->runRoute(Object(Illuminate\\Http\\Request), Object(Illuminate\\Routing\\Route))
#40 C:\\Users\\USER\\Desktop\\BSIT-3A-IPT2\\Restor-Laravel-App\\vendor\\laravel\\framework\\src\\Illuminate\\Routing\\Router.php(753): Illuminate\\Routing\\Router->dispatchToRoute(Object(Illuminate\\Http\\Request))
#41 C:\\Users\\USER\\Desktop\\BSIT-3A-IPT2\\Restor-Laravel-App\\vendor\\laravel\\framework\\src\\Illuminate\\Foundation\\Http\\Kernel.php(200): Illuminate\\Routing\\Router->dispatch(Object(Illuminate\\Http\\Request))
#42 C:\\Users\\USER\\Desktop\\BSIT-3A-IPT2\\Restor-Laravel-App\\vendor\\laravel\\framework\\src\\Illuminate\\Pipeline\\Pipeline.php(180): Illuminate\\Foundation\\Http\\Kernel->Illuminate\\Foundation\\Http\\{closure}(Object(Illuminate\\Http\\Request))
#43 C:\\Users\\USER\\Desktop\\BSIT-3A-IPT2\\Restor-Laravel-App\\vendor\\laravel\\framework\\src\\Illuminate\\Foundation\\Http\\Middleware\\TransformsRequest.php(21): Illuminate\\Pipeline\\Pipeline->Illuminate\\Pipeline\\{closure}(Object(Illuminate\\Http\\Request))
#44 C:\\Users\\USER\\Desktop\\BSIT-3A-IPT2\\Restor-Laravel-App\\vendor\\laravel\\framework\\src\\Illuminate\\Foundation\\Http\\Middleware\\ConvertEmptyStringsToNull.php(31): Illuminate\\Foundation\\Http\\Middleware\\TransformsRequest->handle(Object(Illuminate\\Http\\Request), Object(Closure))
#45 C:\\Users\\USER\\Desktop\\BSIT-3A-IPT2\\Restor-Laravel-App\\vendor\\laravel\\framework\\src\\Illuminate\\Pipeline\\Pipeline.php(219): Illuminate\\Foundation\\Http\\Middleware\\ConvertEmptyStringsToNull->handle(Object(Illuminate\\Http\\Request), Object(Closure))
#46 C:\\Users\\USER\\Desktop\\BSIT-3A-IPT2\\Restor-Laravel-App\\vendor\\laravel\\framework\\src\\Illuminate\\Foundation\\Http\\Middleware\\TransformsRequest.php(21): Illuminate\\Pipeline\\Pipeline->Illuminate\\Pipeline\\{closure}(Object(Illuminate\\Http\\Request))
#47 C:\\Users\\USER\\Desktop\\BSIT-3A-IPT2\\Restor-Laravel-App\\vendor\\laravel\\framework\\src\\Illuminate\\Foundation\\Http\\Middleware\\TrimStrings.php(51): Illuminate\\Foundation\\Http\\Middleware\\TransformsRequest->handle(Object(Illuminate\\Http\\Request), Object(Closure))
#48 C:\\Users\\USER\\Desktop\\BSIT-3A-IPT2\\Restor-Laravel-App\\vendor\\laravel\\framework\\src\\Illuminate\\Pipeline\\Pipeline.php(219): Illuminate\\Foundation\\Http\\Middleware\\TrimStrings->handle(Object(Illuminate\\Http\\Request), Object(Closure))
#49 C:\\Users\\USER\\Desktop\\BSIT-3A-IPT2\\Restor-Laravel-App\\vendor\\laravel\\framework\\src\\Illuminate\\Http\\Middleware\\ValidatePostSize.php(27): Illuminate\\Pipeline\\Pipeline->Illuminate\\Pipeline\\{closure}(Object(Illuminate\\Http\\Request))
#50 C:\\Users\\USER\\Desktop\\BSIT-3A-IPT2\\Restor-Laravel-App\\vendor\\laravel\\framework\\src\\Illuminate\\Pipeline\\Pipeline.php(219): Illuminate\\Http\\Middleware\\ValidatePostSize->handle(Object(Illuminate\\Http\\Request), Object(Closure))
#51 C:\\Users\\USER\\Desktop\\BSIT-3A-IPT2\\Restor-Laravel-App\\vendor\\laravel\\framework\\src\\Illuminate\\Foundation\\Http\\Middleware\\PreventRequestsDuringMaintenance.php(109): Illuminate\\Pipeline\\Pipeline->Illuminate\\Pipeline\\{closure}(Object(Illuminate\\Http\\Request))
#52 C:\\Users\\USER\\Desktop\\BSIT-3A-IPT2\\Restor-Laravel-App\\vendor\\laravel\\framework\\src\\Illuminate\\Pipeline\\Pipeline.php(219): Illuminate\\Foundation\\Http\\Middleware\\PreventRequestsDuringMaintenance->handle(Object(Illuminate\\Http\\Request), Object(Closure))
#53 C:\\Users\\USER\\Desktop\\BSIT-3A-IPT2\\Restor-Laravel-App\\vendor\\laravel\\framework\\src\\Illuminate\\Http\\Middleware\\HandleCors.php(48): Illuminate\\Pipeline\\Pipeline->Illuminate\\Pipeline\\{closure}(Object(Illuminate\\Http\\Request))
#54 C:\\Users\\USER\\Desktop\\BSIT-3A-IPT2\\Restor-Laravel-App\\vendor\\laravel\\framework\\src\\Illuminate\\Pipeline\\Pipeline.php(219): Illuminate\\Http\\Middleware\\HandleCors->handle(Object(Illuminate\\Http\\Request), Object(Closure))
#55 C:\\Users\\USER\\Desktop\\BSIT-3A-IPT2\\Restor-Laravel-App\\vendor\\laravel\\framework\\src\\Illuminate\\Http\\Middleware\\TrustProxies.php(58): Illuminate\\Pipeline\\Pipeline->Illuminate\\Pipeline\\{closure}(Object(Illuminate\\Http\\Request))
#56 C:\\Users\\USER\\Desktop\\BSIT-3A-IPT2\\Restor-Laravel-App\\vendor\\laravel\\framework\\src\\Illuminate\\Pipeline\\Pipeline.php(219): Illuminate\\Http\\Middleware\\TrustProxies->handle(Object(Illuminate\\Http\\Request), Object(Closure))
#57 C:\\Users\\USER\\Desktop\\BSIT-3A-IPT2\\Restor-Laravel-App\\vendor\\laravel\\framework\\src\\Illuminate\\Foundation\\Http\\Middleware\\InvokeDeferredCallbacks.php(22): Illuminate\\Pipeline\\Pipeline->Illuminate\\Pipeline\\{closure}(Object(Illuminate\\Http\\Request))
#58 C:\\Users\\USER\\Desktop\\BSIT-3A-IPT2\\Restor-Laravel-App\\vendor\\laravel\\framework\\src\\Illuminate\\Pipeline\\Pipeline.php(219): Illuminate\\Foundation\\Http\\Middleware\\InvokeDeferredCallbacks->handle(Object(Illuminate\\Http\\Request), Object(Closure))
#59 C:\\Users\\USER\\Desktop\\BSIT-3A-IPT2\\Restor-Laravel-App\\vendor\\laravel\\framework\\src\\Illuminate\\Http\\Middleware\\ValidatePathEncoding.php(26): Illuminate\\Pipeline\\Pipeline->Illuminate\\Pipeline\\{closure}(Object(Illuminate\\Http\\Request))
#60 C:\\Users\\USER\\Desktop\\BSIT-3A-IPT2\\Restor-Laravel-App\\vendor\\laravel\\framework\\src\\Illuminate\\Pipeline\\Pipeline.php(219): Illuminate\\Http\\Middleware\\ValidatePathEncoding->handle(Object(Illuminate\\Http\\Request), Object(Closure))
#61 C:\\Users\\USER\\Desktop\\BSIT-3A-IPT2\\Restor-Laravel-App\\vendor\\laravel\\framework\\src\\Illuminate\\Pipeline\\Pipeline.php(137): Illuminate\\Pipeline\\Pipeline->Illuminate\\Pipeline\\{closure}(Object(Illuminate\\Http\\Request))
#62 C:\\Users\\USER\\Desktop\\BSIT-3A-IPT2\\Restor-Laravel-App\\vendor\\laravel\\framework\\src\\Illuminate\\Foundation\\Http\\Kernel.php(175): Illuminate\\Pipeline\\Pipeline->then(Object(Closure))
#63 C:\\Users\\USER\\Desktop\\BSIT-3A-IPT2\\Restor-Laravel-App\\vendor\\laravel\\framework\\src\\Illuminate\\Foundation\\Http\\Kernel.php(144): Illuminate\\Foundation\\Http\\Kernel->sendRequestThroughRouter(Object(Illuminate\\Http\\Request))
#64 C:\\Users\\USER\\Desktop\\BSIT-3A-IPT2\\Restor-Laravel-App\\vendor\\laravel\\framework\\src\\Illuminate\\Foundation\\Application.php(1220): Illuminate\\Foundation\\Http\\Kernel->handle(Object(Illuminate\\Http\\Request))
#65 C:\\Users\\USER\\Desktop\\BSIT-3A-IPT2\\Restor-Laravel-App\\public\\index.php(20): Illuminate\\Foundation\\Application->handleRequest(Object(Illuminate\\Http\\Request))
#66 C:\\Users\\USER\\Desktop\\BSIT-3A-IPT2\\Restor-Laravel-App\\vendor\\laravel\\framework\\src\\Illuminate\\Foundation\\resources\\server.php(23): require_once('C:\\\\Users\\\\USER\\\\D...')
#67 {main}
"} 
[2025-11-02 18:23:08] local.ERROR: Unable to locate a class or view for component [admin-layout]. {"userId":1,"exception":"[object] (InvalidArgumentException(code: 0): Unable to locate a class or view for component [admin-layout]. at C:\\Users\\USER\\Desktop\\BSIT-3A-IPT2\\Restor-Laravel-App\\vendor\\laravel\\framework\\src\\Illuminate\\View\\Compilers\\ComponentTagCompiler.php:315)
[stacktrace]
#0 C:\\Users\\USER\\Desktop\\BSIT-3A-IPT2\\Restor-Laravel-App\\vendor\\laravel\\framework\\src\\Illuminate\\View\\Compilers\\ComponentTagCompiler.php(235): Illuminate\\View\\Compilers\\ComponentTagCompiler->componentClass('admin-layout')
#1 C:\\Users\\USER\\Desktop\\BSIT-3A-IPT2\\Restor-Laravel-App\\vendor\\laravel\\framework\\src\\Illuminate\\View\\Compilers\\ComponentTagCompiler.php(156): Illuminate\\View\\Compilers\\ComponentTagCompiler->componentString('admin-layout', Array)
#2 [internal function]: Illuminate\\View\\Compilers\\ComponentTagCompiler->Illuminate\\View\\Compilers\\{closure}(Array)
#3 C:\\Users\\USER\\Desktop\\BSIT-3A-IPT2\\Restor-Laravel-App\\vendor\\laravel\\framework\\src\\Illuminate\\View\\Compilers\\ComponentTagCompiler.php(151): preg_replace_callback('/\\n            <...', Object(Closure), '@extends('layou...')
#4 C:\\Users\\USER\\Desktop\\BSIT-3A-IPT2\\Restor-Laravel-App\\vendor\\laravel\\framework\\src\\Illuminate\\View\\Compilers\\ComponentTagCompiler.php(90): Illuminate\\View\\Compilers\\ComponentTagCompiler->compileOpeningTags('@extends('layou...')
#5 C:\\Users\\USER\\Desktop\\BSIT-3A-IPT2\\Restor-Laravel-App\\vendor\\laravel\\framework\\src\\Illuminate\\View\\Compilers\\ComponentTagCompiler.php(76): Illuminate\\View\\Compilers\\ComponentTagCompiler->compileTags('@extends('layou...')
#6 C:\\Users\\USER\\Desktop\\BSIT-3A-IPT2\\Restor-Laravel-App\\vendor\\laravel\\framework\\src\\Illuminate\\View\\Compilers\\BladeCompiler.php(455): Illuminate\\View\\Compilers\\ComponentTagCompiler->compile('@extends('layou...')
#7 C:\\Users\\USER\\Desktop\\BSIT-3A-IPT2\\Restor-Laravel-App\\vendor\\laravel\\framework\\src\\Illuminate\\View\\Compilers\\BladeCompiler.php(287): Illuminate\\View\\Compilers\\BladeCompiler->compileComponentTags('@extends('layou...')
#8 C:\\Users\\USER\\Desktop\\BSIT-3A-IPT2\\Restor-Laravel-App\\vendor\\laravel\\framework\\src\\Illuminate\\View\\Compilers\\BladeCompiler.php(187): Illuminate\\View\\Compilers\\BladeCompiler->compileString('@extends('layou...')
#9 C:\\Users\\USER\\Desktop\\BSIT-3A-IPT2\\Restor-Laravel-App\\vendor\\laravel\\framework\\src\\Illuminate\\View\\Engines\\CompilerEngine.php(68): Illuminate\\View\\Compilers\\BladeCompiler->compile('C:\\\\Users\\\\USER\\\\D...')
#10 C:\\Users\\USER\\Desktop\\BSIT-3A-IPT2\\Restor-Laravel-App\\vendor\\laravel\\framework\\src\\Illuminate\\View\\View.php(208): Illuminate\\View\\Engines\\CompilerEngine->get('C:\\\\Users\\\\USER\\\\D...', Array)
#11 C:\\Users\\USER\\Desktop\\BSIT-3A-IPT2\\Restor-Laravel-App\\vendor\\laravel\\framework\\src\\Illuminate\\View\\View.php(191): Illuminate\\View\\View->getContents()
#12 C:\\Users\\USER\\Desktop\\BSIT-3A-IPT2\\Restor-Laravel-App\\vendor\\laravel\\framework\\src\\Illuminate\\View\\View.php(160): Illuminate\\View\\View->renderContents()
#13 C:\\Users\\USER\\Desktop\\BSIT-3A-IPT2\\Restor-Laravel-App\\vendor\\laravel\\framework\\src\\Illuminate\\Http\\Response.php(78): Illuminate\\View\\View->render()
#14 C:\\Users\\USER\\Desktop\\BSIT-3A-IPT2\\Restor-Laravel-App\\vendor\\laravel\\framework\\src\\Illuminate\\Http\\Response.php(34): Illuminate\\Http\\Response->setContent(Object(Illuminate\\View\\View))
#15 C:\\Users\\USER\\Desktop\\BSIT-3A-IPT2\\Restor-Laravel-App\\vendor\\laravel\\framework\\src\\Illuminate\\Routing\\Router.php(939): Illuminate\\Http\\Response->__construct(Object(Illuminate\\View\\View), 200, Array)
#16 C:\\Users\\USER\\Desktop\\BSIT-3A-IPT2\\Restor-Laravel-App\\vendor\\laravel\\framework\\src\\Illuminate\\Routing\\Router.php(906): Illuminate\\Routing\\Router::toResponse(Object(Illuminate\\Http\\Request), Object(Illuminate\\View\\View))
#17 C:\\Users\\USER\\Desktop\\BSIT-3A-IPT2\\Restor-Laravel-App\\vendor\\laravel\\framework\\src\\Illuminate\\Routing\\Router.php(821): Illuminate\\Routing\\Router->prepareResponse(Object(Illuminate\\Http\\Request), Object(Illuminate\\View\\View))
#18 C:\\Users\\USER\\Desktop\\BSIT-3A-IPT2\\Restor-Laravel-App\\vendor\\laravel\\framework\\src\\Illuminate\\Pipeline\\Pipeline.php(180): Illuminate\\Routing\\Router->Illuminate\\Routing\\{closure}(Object(Illuminate\\Http\\Request))
#19 C:\\Users\\USER\\Desktop\\BSIT-3A-IPT2\\Restor-Laravel-App\\vendor\\laravel\\framework\\src\\Illuminate\\Auth\\Middleware\\EnsureEmailIsVerified.php(41): Illuminate\\Pipeline\\Pipeline->Illuminate\\Pipeline\\{closure}(Object(Illuminate\\Http\\Request))
#20 C:\\Users\\USER\\Desktop\\BSIT-3A-IPT2\\Restor-Laravel-App\\vendor\\laravel\\framework\\src\\Illuminate\\Pipeline\\Pipeline.php(219): Illuminate\\Auth\\Middleware\\EnsureEmailIsVerified->handle(Object(Illuminate\\Http\\Request), Object(Closure))
#21 C:\\Users\\USER\\Desktop\\BSIT-3A-IPT2\\Restor-Laravel-App\\vendor\\laravel\\framework\\src\\Illuminate\\Routing\\Middleware\\SubstituteBindings.php(50): Illuminate\\Pipeline\\Pipeline->Illuminate\\Pipeline\\{closure}(Object(Illuminate\\Http\\Request))
#22 C:\\Users\\USER\\Desktop\\BSIT-3A-IPT2\\Restor-Laravel-App\\vendor\\laravel\\framework\\src\\Illuminate\\Pipeline\\Pipeline.php(219): Illuminate\\Routing\\Middleware\\SubstituteBindings->handle(Object(Illuminate\\Http\\Request), Object(Closure))
#23 C:\\Users\\USER\\Desktop\\BSIT-3A-IPT2\\Restor-Laravel-App\\vendor\\laravel\\framework\\src\\Illuminate\\Auth\\Middleware\\Authenticate.php(63): Illuminate\\Pipeline\\Pipeline->Illuminate\\Pipeline\\{closure}(Object(Illuminate\\Http\\Request))
#24 C:\\Users\\USER\\Desktop\\BSIT-3A-IPT2\\Restor-Laravel-App\\vendor\\laravel\\framework\\src\\Illuminate\\Pipeline\\Pipeline.php(219): Illuminate\\Auth\\Middleware\\Authenticate->handle(Object(Illuminate\\Http\\Request), Object(Closure))
#25 C:\\Users\\USER\\Desktop\\BSIT-3A-IPT2\\Restor-Laravel-App\\vendor\\laravel\\framework\\src\\Illuminate\\Foundation\\Http\\Middleware\\VerifyCsrfToken.php(87): Illuminate\\Pipeline\\Pipeline->Illuminate\\Pipeline\\{closure}(Object(Illuminate\\Http\\Request))
#26 C:\\Users\\USER\\Desktop\\BSIT-3A-IPT2\\Restor-Laravel-App\\vendor\\laravel\\framework\\src\\Illuminate\\Pipeline\\Pipeline.php(219): Illuminate\\Foundation\\Http\\Middleware\\VerifyCsrfToken->handle(Object(Illuminate\\Http\\Request), Object(Closure))
#27 C:\\Users\\USER\\Desktop\\BSIT-3A-IPT2\\Restor-Laravel-App\\vendor\\laravel\\framework\\src\\Illuminate\\View\\Middleware\\ShareErrorsFromSession.php(48): Illuminate\\Pipeline\\Pipeline->Illuminate\\Pipeline\\{closure}(Object(Illuminate\\Http\\Request))
#28 C:\\Users\\USER\\Desktop\\BSIT-3A-IPT2\\Restor-Laravel-App\\vendor\\laravel\\framework\\src\\Illuminate\\Pipeline\\Pipeline.php(219): Illuminate\\View\\Middleware\\ShareErrorsFromSession->handle(Object(Illuminate\\Http\\Request), Object(Closure))
#29 C:\\Users\\USER\\Desktop\\BSIT-3A-IPT2\\Restor-Laravel-App\\vendor\\laravel\\framework\\src\\Illuminate\\Session\\Middleware\\StartSession.php(120): Illuminate\\Pipeline\\Pipeline->Illuminate\\Pipeline\\{closure}(Object(Illuminate\\Http\\Request))
#30 C:\\Users\\USER\\Desktop\\BSIT-3A-IPT2\\Restor-Laravel-App\\vendor\\laravel\\framework\\src\\Illuminate\\Session\\Middleware\\StartSession.php(63): Illuminate\\Session\\Middleware\\StartSession->handleStatefulRequest(Object(Illuminate\\Http\\Request), Object(Illuminate\\Session\\Store), Object(Closure))
#31 C:\\Users\\USER\\Desktop\\BSIT-3A-IPT2\\Restor-Laravel-App\\vendor\\laravel\\framework\\src\\Illuminate\\Pipeline\\Pipeline.php(219): Illuminate\\Session\\Middleware\\StartSession->handle(Object(Illuminate\\Http\\Request), Object(Closure))
#32 C:\\Users\\USER\\Desktop\\BSIT-3A-IPT2\\Restor-Laravel-App\\vendor\\laravel\\framework\\src\\Illuminate\\Cookie\\Middleware\\AddQueuedCookiesToResponse.php(36): Illuminate\\Pipeline\\Pipeline->Illuminate\\Pipeline\\{closure}(Object(Illuminate\\Http\\Request))
#33 C:\\Users\\USER\\Desktop\\BSIT-3A-IPT2\\Restor-Laravel-App\\vendor\\laravel\\framework\\src\\Illuminate\\Pipeline\\Pipeline.php(219): Illuminate\\Cookie\\Middleware\\AddQueuedCookiesToResponse->handle(Object(Illuminate\\Http\\Request), Object(Closure))
#34 C:\\Users\\USER\\Desktop\\BSIT-3A-IPT2\\Restor-Laravel-App\\vendor\\laravel\\framework\\src\\Illuminate\\Cookie\\Middleware\\EncryptCookies.php(74): Illuminate\\Pipeline\\Pipeline->Illuminate\\Pipeline\\{closure}(Object(Illuminate\\Http\\Request))
#35 C:\\Users\\USER\\Desktop\\BSIT-3A-IPT2\\Restor-Laravel-App\\vendor\\laravel\\framework\\src\\Illuminate\\Pipeline\\Pipeline.php(219): Illuminate\\Cookie\\Middleware\\EncryptCookies->handle(Object(Illuminate\\Http\\Request), Object(Closure))
#36 C:\\Users\\USER\\Desktop\\BSIT-3A-IPT2\\Restor-Laravel-App\\vendor\\laravel\\framework\\src\\Illuminate\\Pipeline\\Pipeline.php(137): Illuminate\\Pipeline\\Pipeline->Illuminate\\Pipeline\\{closure}(Object(Illuminate\\Http\\Request))
#37 C:\\Users\\USER\\Desktop\\BSIT-3A-IPT2\\Restor-Laravel-App\\vendor\\laravel\\framework\\src\\Illuminate\\Routing\\Router.php(821): Illuminate\\Pipeline\\Pipeline->then(Object(Closure))
#38 C:\\Users\\USER\\Desktop\\BSIT-3A-IPT2\\Restor-Laravel-App\\vendor\\laravel\\framework\\src\\Illuminate\\Routing\\Router.php(800): Illuminate\\Routing\\Router->runRouteWithinStack(Object(Illuminate\\Routing\\Route), Object(Illuminate\\Http\\Request))
#39 C:\\Users\\USER\\Desktop\\BSIT-3A-IPT2\\Restor-Laravel-App\\vendor\\laravel\\framework\\src\\Illuminate\\Routing\\Router.php(764): Illuminate\\Routing\\Router->runRoute(Object(Illuminate\\Http\\Request), Object(Illuminate\\Routing\\Route))
#40 C:\\Users\\USER\\Desktop\\BSIT-3A-IPT2\\Restor-Laravel-App\\vendor\\laravel\\framework\\src\\Illuminate\\Routing\\Router.php(753): Illuminate\\Routing\\Router->dispatchToRoute(Object(Illuminate\\Http\\Request))
#41 C:\\Users\\USER\\Desktop\\BSIT-3A-IPT2\\Restor-Laravel-App\\vendor\\laravel\\framework\\src\\Illuminate\\Foundation\\Http\\Kernel.php(200): Illuminate\\Routing\\Router->dispatch(Object(Illuminate\\Http\\Request))
#42 C:\\Users\\USER\\Desktop\\BSIT-3A-IPT2\\Restor-Laravel-App\\vendor\\laravel\\framework\\src\\Illuminate\\Pipeline\\Pipeline.php(180): Illuminate\\Foundation\\Http\\Kernel->Illuminate\\Foundation\\Http\\{closure}(Object(Illuminate\\Http\\Request))
#43 C:\\Users\\USER\\Desktop\\BSIT-3A-IPT2\\Restor-Laravel-App\\vendor\\laravel\\framework\\src\\Illuminate\\Foundation\\Http\\Middleware\\TransformsRequest.php(21): Illuminate\\Pipeline\\Pipeline->Illuminate\\Pipeline\\{closure}(Object(Illuminate\\Http\\Request))
#44 C:\\Users\\USER\\Desktop\\BSIT-3A-IPT2\\Restor-Laravel-App\\vendor\\laravel\\framework\\src\\Illuminate\\Foundation\\Http\\Middleware\\ConvertEmptyStringsToNull.php(31): Illuminate\\Foundation\\Http\\Middleware\\TransformsRequest->handle(Object(Illuminate\\Http\\Request), Object(Closure))
#45 C:\\Users\\USER\\Desktop\\BSIT-3A-IPT2\\Restor-Laravel-App\\vendor\\laravel\\framework\\src\\Illuminate\\Pipeline\\Pipeline.php(219): Illuminate\\Foundation\\Http\\Middleware\\ConvertEmptyStringsToNull->handle(Object(Illuminate\\Http\\Request), Object(Closure))
#46 C:\\Users\\USER\\Desktop\\BSIT-3A-IPT2\\Restor-Laravel-App\\vendor\\laravel\\framework\\src\\Illuminate\\Foundation\\Http\\Middleware\\TransformsRequest.php(21): Illuminate\\Pipeline\\Pipeline->Illuminate\\Pipeline\\{closure}(Object(Illuminate\\Http\\Request))
#47 C:\\Users\\USER\\Desktop\\BSIT-3A-IPT2\\Restor-Laravel-App\\vendor\\laravel\\framework\\src\\Illuminate\\Foundation\\Http\\Middleware\\TrimStrings.php(51): Illuminate\\Foundation\\Http\\Middleware\\TransformsRequest->handle(Object(Illuminate\\Http\\Request), Object(Closure))
#48 C:\\Users\\USER\\Desktop\\BSIT-3A-IPT2\\Restor-Laravel-App\\vendor\\laravel\\framework\\src\\Illuminate\\Pipeline\\Pipeline.php(219): Illuminate\\Foundation\\Http\\Middleware\\TrimStrings->handle(Object(Illuminate\\Http\\Request), Object(Closure))
#49 C:\\Users\\USER\\Desktop\\BSIT-3A-IPT2\\Restor-Laravel-App\\vendor\\laravel\\framework\\src\\Illuminate\\Http\\Middleware\\ValidatePostSize.php(27): Illuminate\\Pipeline\\Pipeline->Illuminate\\Pipeline\\{closure}(Object(Illuminate\\Http\\Request))
#50 C:\\Users\\USER\\Desktop\\BSIT-3A-IPT2\\Restor-Laravel-App\\vendor\\laravel\\framework\\src\\Illuminate\\Pipeline\\Pipeline.php(219): Illuminate\\Http\\Middleware\\ValidatePostSize->handle(Object(Illuminate\\Http\\Request), Object(Closure))
#51 C:\\Users\\USER\\Desktop\\BSIT-3A-IPT2\\Restor-Laravel-App\\vendor\\laravel\\framework\\src\\Illuminate\\Foundation\\Http\\Middleware\\PreventRequestsDuringMaintenance.php(109): Illuminate\\Pipeline\\Pipeline->Illuminate\\Pipeline\\{closure}(Object(Illuminate\\Http\\Request))
#52 C:\\Users\\USER\\Desktop\\BSIT-3A-IPT2\\Restor-Laravel-App\\vendor\\laravel\\framework\\src\\Illuminate\\Pipeline\\Pipeline.php(219): Illuminate\\Foundation\\Http\\Middleware\\PreventRequestsDuringMaintenance->handle(Object(Illuminate\\Http\\Request), Object(Closure))
#53 C:\\Users\\USER\\Desktop\\BSIT-3A-IPT2\\Restor-Laravel-App\\vendor\\laravel\\framework\\src\\Illuminate\\Http\\Middleware\\HandleCors.php(48): Illuminate\\Pipeline\\Pipeline->Illuminate\\Pipeline\\{closure}(Object(Illuminate\\Http\\Request))
#54 C:\\Users\\USER\\Desktop\\BSIT-3A-IPT2\\Restor-Laravel-App\\vendor\\laravel\\framework\\src\\Illuminate\\Pipeline\\Pipeline.php(219): Illuminate\\Http\\Middleware\\HandleCors->handle(Object(Illuminate\\Http\\Request), Object(Closure))
#55 C:\\Users\\USER\\Desktop\\BSIT-3A-IPT2\\Restor-Laravel-App\\vendor\\laravel\\framework\\src\\Illuminate\\Http\\Middleware\\TrustProxies.php(58): Illuminate\\Pipeline\\Pipeline->Illuminate\\Pipeline\\{closure}(Object(Illuminate\\Http\\Request))
#56 C:\\Users\\USER\\Desktop\\BSIT-3A-IPT2\\Restor-Laravel-App\\vendor\\laravel\\framework\\src\\Illuminate\\Pipeline\\Pipeline.php(219): Illuminate\\Http\\Middleware\\TrustProxies->handle(Object(Illuminate\\Http\\Request), Object(Closure))
#57 C:\\Users\\USER\\Desktop\\BSIT-3A-IPT2\\Restor-Laravel-App\\vendor\\laravel\\framework\\src\\Illuminate\\Foundation\\Http\\Middleware\\InvokeDeferredCallbacks.php(22): Illuminate\\Pipeline\\Pipeline->Illuminate\\Pipeline\\{closure}(Object(Illuminate\\Http\\Request))
#58 C:\\Users\\USER\\Desktop\\BSIT-3A-IPT2\\Restor-Laravel-App\\vendor\\laravel\\framework\\src\\Illuminate\\Pipeline\\Pipeline.php(219): Illuminate\\Foundation\\Http\\Middleware\\InvokeDeferredCallbacks->handle(Object(Illuminate\\Http\\Request), Object(Closure))
#59 C:\\Users\\USER\\Desktop\\BSIT-3A-IPT2\\Restor-Laravel-App\\vendor\\laravel\\framework\\src\\Illuminate\\Http\\Middleware\\ValidatePathEncoding.php(26): Illuminate\\Pipeline\\Pipeline->Illuminate\\Pipeline\\{closure}(Object(Illuminate\\Http\\Request))
#60 C:\\Users\\USER\\Desktop\\BSIT-3A-IPT2\\Restor-Laravel-App\\vendor\\laravel\\framework\\src\\Illuminate\\Pipeline\\Pipeline.php(219): Illuminate\\Http\\Middleware\\ValidatePathEncoding->handle(Object(Illuminate\\Http\\Request), Object(Closure))
#61 C:\\Users\\USER\\Desktop\\BSIT-3A-IPT2\\Restor-Laravel-App\\vendor\\laravel\\framework\\src\\Illuminate\\Pipeline\\Pipeline.php(137): Illuminate\\Pipeline\\Pipeline->Illuminate\\Pipeline\\{closure}(Object(Illuminate\\Http\\Request))
#62 C:\\Users\\USER\\Desktop\\BSIT-3A-IPT2\\Restor-Laravel-App\\vendor\\laravel\\framework\\src\\Illuminate\\Foundation\\Http\\Kernel.php(175): Illuminate\\Pipeline\\Pipeline->then(Object(Closure))
#63 C:\\Users\\USER\\Desktop\\BSIT-3A-IPT2\\Restor-Laravel-App\\vendor\\laravel\\framework\\src\\Illuminate\\Foundation\\Http\\Kernel.php(144): Illuminate\\Foundation\\Http\\Kernel->sendRequestThroughRouter(Object(Illuminate\\Http\\Request))
#64 C:\\Users\\USER\\Desktop\\BSIT-3A-IPT2\\Restor-Laravel-App\\vendor\\laravel\\framework\\src\\Illuminate\\Foundation\\Application.php(1220): Illuminate\\Foundation\\Http\\Kernel->handle(Object(Illuminate\\Http\\Request))
#65 C:\\Users\\USER\\Desktop\\BSIT-3A-IPT2\\Restor-Laravel-App\\public\\index.php(20): Illuminate\\Foundation\\Application->handleRequest(Object(Illuminate\\Http\\Request))
#66 C:\\Users\\USER\\Desktop\\BSIT-3A-IPT2\\Restor-Laravel-App\\vendor\\laravel\\framework\\src\\Illuminate\\Foundation\\resources\\server.php(23): require_once('C:\\\\Users\\\\USER\\\\D...')
#67 {main}
"} 
[2025-11-02 18:23:11] local.ERROR: Unable to locate a class or view for component [admin-layout]. {"userId":1,"exception":"[object] (InvalidArgumentException(code: 0): Unable to locate a class or view for component [admin-layout]. at C:\\Users\\USER\\Desktop\\BSIT-3A-IPT2\\Restor-Laravel-App\\vendor\\laravel\\framework\\src\\Illuminate\\View\\Compilers\\ComponentTagCompiler.php:315)
[stacktrace]
#0 C:\\Users\\USER\\Desktop\\BSIT-3A-IPT2\\Restor-Laravel-App\\vendor\\laravel\\framework\\src\\Illuminate\\View\\Compilers\\ComponentTagCompiler.php(235): Illuminate\\View\\Compilers\\ComponentTagCompiler->componentClass('admin-layout')
#1 C:\\Users\\USER\\Desktop\\BSIT-3A-IPT2\\Restor-Laravel-App\\vendor\\laravel\\framework\\src\\Illuminate\\View\\Compilers\\ComponentTagCompiler.php(156): Illuminate\\View\\Compilers\\ComponentTagCompiler->componentString('admin-layout', Array)
#2 [internal function]: Illuminate\\View\\Compilers\\ComponentTagCompiler->Illuminate\\View\\Compilers\\{closure}(Array)
#3 C:\\Users\\USER\\Desktop\\BSIT-3A-IPT2\\Restor-Laravel-App\\vendor\\laravel\\framework\\src\\Illuminate\\View\\Compilers\\ComponentTagCompiler.php(151): preg_replace_callback('/\\n            <...', Object(Closure), '\\n@extends('layo...')
#4 C:\\Users\\USER\\Desktop\\BSIT-3A-IPT2\\Restor-Laravel-App\\vendor\\laravel\\framework\\src\\Illuminate\\View\\Compilers\\ComponentTagCompiler.php(90): Illuminate\\View\\Compilers\\ComponentTagCompiler->compileOpeningTags('\\n@extends('layo...')
#5 C:\\Users\\USER\\Desktop\\BSIT-3A-IPT2\\Restor-Laravel-App\\vendor\\laravel\\framework\\src\\Illuminate\\View\\Compilers\\ComponentTagCompiler.php(76): Illuminate\\View\\Compilers\\ComponentTagCompiler->compileTags('\\n@extends('layo...')
#6 C:\\Users\\USER\\Desktop\\BSIT-3A-IPT2\\Restor-Laravel-App\\vendor\\laravel\\framework\\src\\Illuminate\\View\\Compilers\\BladeCompiler.php(455): Illuminate\\View\\Compilers\\ComponentTagCompiler->compile('\\n@extends('layo...')
#7 C:\\Users\\USER\\Desktop\\BSIT-3A-IPT2\\Restor-Laravel-App\\vendor\\laravel\\framework\\src\\Illuminate\\View\\Compilers\\BladeCompiler.php(287): Illuminate\\View\\Compilers\\BladeCompiler->compileComponentTags('\\n@extends('layo...')
#8 C:\\Users\\USER\\Desktop\\BSIT-3A-IPT2\\Restor-Laravel-App\\vendor\\laravel\\framework\\src\\Illuminate\\View\\Compilers\\BladeCompiler.php(187): Illuminate\\View\\Compilers\\BladeCompiler->compileString('\\n@extends('layo...')
#9 C:\\Users\\USER\\Desktop\\BSIT-3A-IPT2\\Restor-Laravel-App\\vendor\\laravel\\framework\\src\\Illuminate\\View\\Engines\\CompilerEngine.php(68): Illuminate\\View\\Compilers\\BladeCompiler->compile('C:\\\\Users\\\\USER\\\\D...')
#10 C:\\Users\\USER\\Desktop\\BSIT-3A-IPT2\\Restor-Laravel-App\\vendor\\laravel\\framework\\src\\Illuminate\\View\\View.php(208): Illuminate\\View\\Engines\\CompilerEngine->get('C:\\\\Users\\\\USER\\\\D...', Array)
#11 C:\\Users\\USER\\Desktop\\BSIT-3A-IPT2\\Restor-Laravel-App\\vendor\\laravel\\framework\\src\\Illuminate\\View\\View.php(191): Illuminate\\View\\View->getContents()
#12 C:\\Users\\USER\\Desktop\\BSIT-3A-IPT2\\Restor-Laravel-App\\vendor\\laravel\\framework\\src\\Illuminate\\View\\View.php(160): Illuminate\\View\\View->renderContents()
#13 C:\\Users\\USER\\Desktop\\BSIT-3A-IPT2\\Restor-Laravel-App\\vendor\\laravel\\framework\\src\\Illuminate\\Http\\Response.php(78): Illuminate\\View\\View->render()
#14 C:\\Users\\USER\\Desktop\\BSIT-3A-IPT2\\Restor-Laravel-App\\vendor\\laravel\\framework\\src\\Illuminate\\Http\\Response.php(34): Illuminate\\Http\\Response->setContent(Object(Illuminate\\View\\View))
#15 C:\\Users\\USER\\Desktop\\BSIT-3A-IPT2\\Restor-Laravel-App\\vendor\\laravel\\framework\\src\\Illuminate\\Routing\\Router.php(939): Illuminate\\Http\\Response->__construct(Object(Illuminate\\View\\View), 200, Array)
#16 C:\\Users\\USER\\Desktop\\BSIT-3A-IPT2\\Restor-Laravel-App\\vendor\\laravel\\framework\\src\\Illuminate\\Routing\\Router.php(906): Illuminate\\Routing\\Router::toResponse(Object(Illuminate\\Http\\Request), Object(Illuminate\\View\\View))
#17 C:\\Users\\USER\\Desktop\\BSIT-3A-IPT2\\Restor-Laravel-App\\vendor\\laravel\\framework\\src\\Illuminate\\Routing\\Router.php(821): Illuminate\\Routing\\Router->prepareResponse(Object(Illuminate\\Http\\Request), Object(Illuminate\\View\\View))
#18 C:\\Users\\USER\\Desktop\\BSIT-3A-IPT2\\Restor-Laravel-App\\vendor\\laravel\\framework\\src\\Illuminate\\Pipeline\\Pipeline.php(180): Illuminate\\Routing\\Router->Illuminate\\Routing\\{closure}(Object(Illuminate\\Http\\Request))
#19 C:\\Users\\USER\\Desktop\\BSIT-3A-IPT2\\Restor-Laravel-App\\vendor\\laravel\\framework\\src\\Illuminate\\Auth\\Middleware\\EnsureEmailIsVerified.php(41): Illuminate\\Pipeline\\Pipeline->Illuminate\\Pipeline\\{closure}(Object(Illuminate\\Http\\Request))
#20 C:\\Users\\USER\\Desktop\\BSIT-3A-IPT2\\Restor-Laravel-App\\vendor\\laravel\\framework\\src\\Illuminate\\Pipeline\\Pipeline.php(219): Illuminate\\Auth\\Middleware\\EnsureEmailIsVerified->handle(Object(Illuminate\\Http\\Request), Object(Closure))
#21 C:\\Users\\USER\\Desktop\\BSIT-3A-IPT2\\Restor-Laravel-App\\vendor\\laravel\\framework\\src\\Illuminate\\Routing\\Middleware\\SubstituteBindings.php(50): Illuminate\\Pipeline\\Pipeline->Illuminate\\Pipeline\\{closure}(Object(Illuminate\\Http\\Request))
#22 C:\\Users\\USER\\Desktop\\BSIT-3A-IPT2\\Restor-Laravel-App\\vendor\\laravel\\framework\\src\\Illuminate\\Pipeline\\Pipeline.php(219): Illuminate\\Routing\\Middleware\\SubstituteBindings->handle(Object(Illuminate\\Http\\Request), Object(Closure))
#23 C:\\Users\\USER\\Desktop\\BSIT-3A-IPT2\\Restor-Laravel-App\\vendor\\laravel\\framework\\src\\Illuminate\\Auth\\Middleware\\Authenticate.php(63): Illuminate\\Pipeline\\Pipeline->Illuminate\\Pipeline\\{closure}(Object(Illuminate\\Http\\Request))
#24 C:\\Users\\USER\\Desktop\\BSIT-3A-IPT2\\Restor-Laravel-App\\vendor\\laravel\\framework\\src\\Illuminate\\Pipeline\\Pipeline.php(219): Illuminate\\Auth\\Middleware\\Authenticate->handle(Object(Illuminate\\Http\\Request), Object(Closure))
#25 C:\\Users\\USER\\Desktop\\BSIT-3A-IPT2\\Restor-Laravel-App\\vendor\\laravel\\framework\\src\\Illuminate\\Foundation\\Http\\Middleware\\VerifyCsrfToken.php(87): Illuminate\\Pipeline\\Pipeline->Illuminate\\Pipeline\\{closure}(Object(Illuminate\\Http\\Request))
#26 C:\\Users\\USER\\Desktop\\BSIT-3A-IPT2\\Restor-Laravel-App\\vendor\\laravel\\framework\\src\\Illuminate\\Pipeline\\Pipeline.php(219): Illuminate\\Foundation\\Http\\Middleware\\VerifyCsrfToken->handle(Object(Illuminate\\Http\\Request), Object(Closure))
#27 C:\\Users\\USER\\Desktop\\BSIT-3A-IPT2\\Restor-Laravel-App\\vendor\\laravel\\framework\\src\\Illuminate\\View\\Middleware\\ShareErrorsFromSession.php(48): Illuminate\\Pipeline\\Pipeline->Illuminate\\Pipeline\\{closure}(Object(Illuminate\\Http\\Request))
#28 C:\\Users\\USER\\Desktop\\BSIT-3A-IPT2\\Restor-Laravel-App\\vendor\\laravel\\framework\\src\\Illuminate\\Pipeline\\Pipeline.php(219): Illuminate\\View\\Middleware\\ShareErrorsFromSession->handle(Object(Illuminate\\Http\\Request), Object(Closure))
#29 C:\\Users\\USER\\Desktop\\BSIT-3A-IPT2\\Restor-Laravel-App\\vendor\\laravel\\framework\\src\\Illuminate\\Session\\Middleware\\StartSession.php(120): Illuminate\\Pipeline\\Pipeline->Illuminate\\Pipeline\\{closure}(Object(Illuminate\\Http\\Request))
#30 C:\\Users\\USER\\Desktop\\BSIT-3A-IPT2\\Restor-Laravel-App\\vendor\\laravel\\framework\\src\\Illuminate\\Session\\Middleware\\StartSession.php(63): Illuminate\\Session\\Middleware\\StartSession->handleStatefulRequest(Object(Illuminate\\Http\\Request), Object(Illuminate\\Session\\Store), Object(Closure))
#31 C:\\Users\\USER\\Desktop\\BSIT-3A-IPT2\\Restor-Laravel-App\\vendor\\laravel\\framework\\src\\Illuminate\\Pipeline\\Pipeline.php(219): Illuminate\\Session\\Middleware\\StartSession->handle(Object(Illuminate\\Http\\Request), Object(Closure))
#32 C:\\Users\\USER\\Desktop\\BSIT-3A-IPT2\\Restor-Laravel-App\\vendor\\laravel\\framework\\src\\Illuminate\\Cookie\\Middleware\\AddQueuedCookiesToResponse.php(36): Illuminate\\Pipeline\\Pipeline->Illuminate\\Pipeline\\{closure}(Object(Illuminate\\Http\\Request))
#33 C:\\Users\\USER\\Desktop\\BSIT-3A-IPT2\\Restor-Laravel-App\\vendor\\laravel\\framework\\src\\Illuminate\\Pipeline\\Pipeline.php(219): Illuminate\\Cookie\\Middleware\\AddQueuedCookiesToResponse->handle(Object(Illuminate\\Http\\Request), Object(Closure))
#34 C:\\Users\\USER\\Desktop\\BSIT-3A-IPT2\\Restor-Laravel-App\\vendor\\laravel\\framework\\src\\Illuminate\\Cookie\\Middleware\\EncryptCookies.php(74): Illuminate\\Pipeline\\Pipeline->Illuminate\\Pipeline\\{closure}(Object(Illuminate\\Http\\Request))
#35 C:\\Users\\USER\\Desktop\\BSIT-3A-IPT2\\Restor-Laravel-App\\vendor\\laravel\\framework\\src\\Illuminate\\Pipeline\\Pipeline.php(219): Illuminate\\Cookie\\Middleware\\EncryptCookies->handle(Object(Illuminate\\Http\\Request), Object(Closure))
#36 C:\\Users\\USER\\Desktop\\BSIT-3A-IPT2\\Restor-Laravel-App\\vendor\\laravel\\framework\\src\\Illuminate\\Pipeline\\Pipeline.php(137): Illuminate\\Pipeline\\Pipeline->Illuminate\\Pipeline\\{closure}(Object(Illuminate\\Http\\Request))
#37 C:\\Users\\USER\\Desktop\\BSIT-3A-IPT2\\Restor-Laravel-App\\vendor\\laravel\\framework\\src\\Illuminate\\Routing\\Router.php(821): Illuminate\\Pipeline\\Pipeline->then(Object(Closure))
#38 C:\\Users\\USER\\Desktop\\BSIT-3A-IPT2\\Restor-Laravel-App\\vendor\\laravel\\framework\\src\\Illuminate\\Routing\\Router.php(800): Illuminate\\Routing\\Router->runRouteWithinStack(Object(Illuminate\\Routing\\Route), Object(Illuminate\\Http\\Request))
#39 C:\\Users\\USER\\Desktop\\BSIT-3A-IPT2\\Restor-Laravel-App\\vendor\\laravel\\framework\\src\\Illuminate\\Routing\\Router.php(764): Illuminate\\Routing\\Router->runRoute(Object(Illuminate\\Http\\Request), Object(Illuminate\\Routing\\Route))
#40 C:\\Users\\USER\\Desktop\\BSIT-3A-IPT2\\Restor-Laravel-App\\vendor\\laravel\\framework\\src\\Illuminate\\Routing\\Router.php(753): Illuminate\\Routing\\Router->dispatchToRoute(Object(Illuminate\\Http\\Request))
#41 C:\\Users\\USER\\Desktop\\BSIT-3A-IPT2\\Restor-Laravel-App\\vendor\\laravel\\framework\\src\\Illuminate\\Foundation\\Http\\Kernel.php(200): Illuminate\\Routing\\Router->dispatch(Object(Illuminate\\Http\\Request))
#42 C:\\Users\\USER\\Desktop\\BSIT-3A-IPT2\\Restor-Laravel-App\\vendor\\laravel\\framework\\src\\Illuminate\\Pipeline\\Pipeline.php(180): Illuminate\\Foundation\\Http\\Kernel->Illuminate\\Foundation\\Http\\{closure}(Object(Illuminate\\Http\\Request))
#43 C:\\Users\\USER\\Desktop\\BSIT-3A-IPT2\\Restor-Laravel-App\\vendor\\laravel\\framework\\src\\Illuminate\\Foundation\\Http\\Middleware\\TransformsRequest.php(21): Illuminate\\Pipeline\\Pipeline->Illuminate\\Pipeline\\{closure}(Object(Illuminate\\Http\\Request))
#44 C:\\Users\\USER\\Desktop\\BSIT-3A-IPT2\\Restor-Laravel-App\\vendor\\laravel\\framework\\src\\Illuminate\\Foundation\\Http\\Middleware\\ConvertEmptyStringsToNull.php(31): Illuminate\\Foundation\\Http\\Middleware\\TransformsRequest->handle(Object(Illuminate\\Http\\Request), Object(Closure))
#45 C:\\Users\\USER\\Desktop\\BSIT-3A-IPT2\\Restor-Laravel-App\\vendor\\laravel\\framework\\src\\Illuminate\\Pipeline\\Pipeline.php(219): Illuminate\\Foundation\\Http\\Middleware\\ConvertEmptyStringsToNull->handle(Object(Illuminate\\Http\\Request), Object(Closure))
#46 C:\\Users\\USER\\Desktop\\BSIT-3A-IPT2\\Restor-Laravel-App\\vendor\\laravel\\framework\\src\\Illuminate\\Foundation\\Http\\Middleware\\TransformsRequest.php(21): Illuminate\\Pipeline\\Pipeline->Illuminate\\Pipeline\\{closure}(Object(Illuminate\\Http\\Request))
#47 C:\\Users\\USER\\Desktop\\BSIT-3A-IPT2\\Restor-Laravel-App\\vendor\\laravel\\framework\\src\\Illuminate\\Foundation\\Http\\Middleware\\TrimStrings.php(51): Illuminate\\Foundation\\Http\\Middleware\\TransformsRequest->handle(Object(Illuminate\\Http\\Request), Object(Closure))
#48 C:\\Users\\USER\\Desktop\\BSIT-3A-IPT2\\Restor-Laravel-App\\vendor\\laravel\\framework\\src\\Illuminate\\Pipeline\\Pipeline.php(219): Illuminate\\Foundation\\Http\\Middleware\\TrimStrings->handle(Object(Illuminate\\Http\\Request), Object(Closure))
#49 C:\\Users\\USER\\Desktop\\BSIT-3A-IPT2\\Restor-Laravel-App\\vendor\\laravel\\framework\\src\\Illuminate\\Http\\Middleware\\ValidatePostSize.php(27): Illuminate\\Pipeline\\Pipeline->Illuminate\\Pipeline\\{closure}(Object(Illuminate\\Http\\Request))
#50 C:\\Users\\USER\\Desktop\\BSIT-3A-IPT2\\Restor-Laravel-App\\vendor\\laravel\\framework\\src\\Illuminate\\Pipeline\\Pipeline.php(219): Illuminate\\Http\\Middleware\\ValidatePostSize->handle(Object(Illuminate\\Http\\Request), Object(Closure))
#51 C:\\Users\\USER\\Desktop\\BSIT-3A-IPT2\\Restor-Laravel-App\\vendor\\laravel\\framework\\src\\Illuminate\\Foundation\\Http\\Middleware\\PreventRequestsDuringMaintenance.php(109): Illuminate\\Pipeline\\Pipeline->Illuminate\\Pipeline\\{closure}(Object(Illuminate\\Http\\Request))
#52 C:\\Users\\USER\\Desktop\\BSIT-3A-IPT2\\Restor-Laravel-App\\vendor\\laravel\\framework\\src\\Illuminate\\Pipeline\\Pipeline.php(219): Illuminate\\Foundation\\Http\\Middleware\\PreventRequestsDuringMaintenance->handle(Object(Illuminate\\Http\\Request), Object(Closure))
#53 C:\\Users\\USER\\Desktop\\BSIT-3A-IPT2\\Restor-Laravel-App\\vendor\\laravel\\framework\\src\\Illuminate\\Http\\Middleware\\HandleCors.php(48): Illuminate\\Pipeline\\Pipeline->Illuminate\\Pipeline\\{closure}(Object(Illuminate\\Http\\Request))
#54 C:\\Users\\USER\\Desktop\\BSIT-3A-IPT2\\Restor-Laravel-App\\vendor\\laravel\\framework\\src\\Illuminate\\Pipeline\\Pipeline.php(219): Illuminate\\Http\\Middleware\\HandleCors->handle(Object(Illuminate\\Http\\Request), Object(Closure))
#55 C:\\Users\\USER\\Desktop\\BSIT-3A-IPT2\\Restor-Laravel-App\\vendor\\laravel\\framework\\src\\Illuminate\\Http\\Middleware\\TrustProxies.php(58): Illuminate\\Pipeline\\Pipeline->Illuminate\\Pipeline\\{closure}(Object(Illuminate\\Http\\Request))
#56 C:\\Users\\USER\\Desktop\\BSIT-3A-IPT2\\Restor-Laravel-App\\vendor\\laravel\\framework\\src\\Illuminate\\Pipeline\\Pipeline.php(219): Illuminate\\Http\\Middleware\\TrustProxies->handle(Object(Illuminate\\Http\\Request), Object(Closure))
#57 C:\\Users\\USER\\Desktop\\BSIT-3A-IPT2\\Restor-Laravel-App\\vendor\\laravel\\framework\\src\\Illuminate\\Foundation\\Http\\Middleware\\InvokeDeferredCallbacks.php(22): Illuminate\\Pipeline\\Pipeline->Illuminate\\Pipeline\\{closure}(Object(Illuminate\\Http\\Request))
#58 C:\\Users\\USER\\Desktop\\BSIT-3A-IPT2\\Restor-Laravel-App\\vendor\\laravel\\framework\\src\\Illuminate\\Pipeline\\Pipeline.php(219): Illuminate\\Foundation\\Http\\Middleware\\InvokeDeferredCallbacks->handle(Object(Illuminate\\Http\\Request), Object(Closure))
#59 C:\\Users\\USER\\Desktop\\BSIT-3A-IPT2\\Restor-Laravel-App\\vendor\\laravel\\framework\\src\\Illuminate\\Http\\Middleware\\ValidatePathEncoding.php(26): Illuminate\\Pipeline\\Pipeline->Illuminate\\Pipeline\\{closure}(Object(Illuminate\\Http\\Request))
#60 C:\\Users\\USER\\Desktop\\BSIT-3A-IPT2\\Restor-Laravel-App\\vendor\\laravel\\framework\\src\\Illuminate\\Pipeline\\Pipeline.php(219): Illuminate\\Http\\Middleware\\ValidatePathEncoding->handle(Object(Illuminate\\Http\\Request), Object(Closure))
#61 C:\\Users\\USER\\Desktop\\BSIT-3A-IPT2\\Restor-Laravel-App\\vendor\\laravel\\framework\\src\\Illuminate\\Pipeline\\Pipeline.php(137): Illuminate\\Pipeline\\Pipeline->Illuminate\\Pipeline\\{closure}(Object(Illuminate\\Http\\Request))
#62 C:\\Users\\USER\\Desktop\\BSIT-3A-IPT2\\Restor-Laravel-App\\vendor\\laravel\\framework\\src\\Illuminate\\Foundation\\Http\\Kernel.php(175): Illuminate\\Pipeline\\Pipeline->then(Object(Closure))
#63 C:\\Users\\USER\\Desktop\\BSIT-3A-IPT2\\Restor-Laravel-App\\vendor\\laravel\\framework\\src\\Illuminate\\Foundation\\Http\\Kernel.php(144): Illuminate\\Foundation\\Http\\Kernel->sendRequestThroughRouter(Object(Illuminate\\Http\\Request))
#64 C:\\Users\\USER\\Desktop\\BSIT-3A-IPT2\\Restor-Laravel-App\\vendor\\laravel\\framework\\src\\Illuminate\\Foundation\\Application.php(1220): Illuminate\\Foundation\\Http\\Kernel->handle(Object(Illuminate\\Http\\Request))
#65 C:\\Users\\USER\\Desktop\\BSIT-3A-IPT2\\Restor-Laravel-App\\public\\index.php(20): Illuminate\\Foundation\\Application->handleRequest(Object(Illuminate\\Http\\Request))
#66 C:\\Users\\USER\\Desktop\\BSIT-3A-IPT2\\Restor-Laravel-App\\vendor\\laravel\\framework\\src\\Illuminate\\Foundation\\resources\\server.php(23): require_once('C:\\\\Users\\\\USER\\\\D...')
#67 {main}
"} 
[2025-11-02 18:23:12] local.ERROR: Unable to locate a class or view for component [admin-layout]. {"userId":1,"exception":"[object] (InvalidArgumentException(code: 0): Unable to locate a class or view for component [admin-layout]. at C:\\Users\\USER\\Desktop\\BSIT-3A-IPT2\\Restor-Laravel-App\\vendor\\laravel\\framework\\src\\Illuminate\\View\\Compilers\\ComponentTagCompiler.php:315)
[stacktrace]
#0 C:\\Users\\USER\\Desktop\\BSIT-3A-IPT2\\Restor-Laravel-App\\vendor\\laravel\\framework\\src\\Illuminate\\View\\Compilers\\ComponentTagCompiler.php(235): Illuminate\\View\\Compilers\\ComponentTagCompiler->componentClass('admin-layout')
#1 C:\\Users\\USER\\Desktop\\BSIT-3A-IPT2\\Restor-Laravel-App\\vendor\\laravel\\framework\\src\\Illuminate\\View\\Compilers\\ComponentTagCompiler.php(156): Illuminate\\View\\Compilers\\ComponentTagCompiler->componentString('admin-layout', Array)
#2 [internal function]: Illuminate\\View\\Compilers\\ComponentTagCompiler->Illuminate\\View\\Compilers\\{closure}(Array)
#3 C:\\Users\\USER\\Desktop\\BSIT-3A-IPT2\\Restor-Laravel-App\\vendor\\laravel\\framework\\src\\Illuminate\\View\\Compilers\\ComponentTagCompiler.php(151): preg_replace_callback('/\\n            <...', Object(Closure), '@extends('layou...')
#4 C:\\Users\\USER\\Desktop\\BSIT-3A-IPT2\\Restor-Laravel-App\\vendor\\laravel\\framework\\src\\Illuminate\\View\\Compilers\\ComponentTagCompiler.php(90): Illuminate\\View\\Compilers\\ComponentTagCompiler->compileOpeningTags('@extends('layou...')
#5 C:\\Users\\USER\\Desktop\\BSIT-3A-IPT2\\Restor-Laravel-App\\vendor\\laravel\\framework\\src\\Illuminate\\View\\Compilers\\ComponentTagCompiler.php(76): Illuminate\\View\\Compilers\\ComponentTagCompiler->compileTags('@extends('layou...')
#6 C:\\Users\\USER\\Desktop\\BSIT-3A-IPT2\\Restor-Laravel-App\\vendor\\laravel\\framework\\src\\Illuminate\\View\\Compilers\\BladeCompiler.php(455): Illuminate\\View\\Compilers\\ComponentTagCompiler->compile('@extends('layou...')
#7 C:\\Users\\USER\\Desktop\\BSIT-3A-IPT2\\Restor-Laravel-App\\vendor\\laravel\\framework\\src\\Illuminate\\View\\Compilers\\BladeCompiler.php(287): Illuminate\\View\\Compilers\\BladeCompiler->compileComponentTags('@extends('layou...')
#8 C:\\Users\\USER\\Desktop\\BSIT-3A-IPT2\\Restor-Laravel-App\\vendor\\laravel\\framework\\src\\Illuminate\\View\\Compilers\\BladeCompiler.php(187): Illuminate\\View\\Compilers\\BladeCompiler->compileString('@extends('layou...')
#9 C:\\Users\\USER\\Desktop\\BSIT-3A-IPT2\\Restor-Laravel-App\\vendor\\laravel\\framework\\src\\Illuminate\\View\\Engines\\CompilerEngine.php(68): Illuminate\\View\\Compilers\\BladeCompiler->compile('C:\\\\Users\\\\USER\\\\D...')
#10 C:\\Users\\USER\\Desktop\\BSIT-3A-IPT2\\Restor-Laravel-App\\vendor\\laravel\\framework\\src\\Illuminate\\View\\View.php(208): Illuminate\\View\\Engines\\CompilerEngine->get('C:\\\\Users\\\\USER\\\\D...', Array)
#11 C:\\Users\\USER\\Desktop\\BSIT-3A-IPT2\\Restor-Laravel-App\\vendor\\laravel\\framework\\src\\Illuminate\\View\\View.php(191): Illuminate\\View\\View->getContents()
#12 C:\\Users\\USER\\Desktop\\BSIT-3A-IPT2\\Restor-Laravel-App\\vendor\\laravel\\framework\\src\\Illuminate\\View\\View.php(160): Illuminate\\View\\View->renderContents()
#13 C:\\Users\\USER\\Desktop\\BSIT-3A-IPT2\\Restor-Laravel-App\\vendor\\laravel\\framework\\src\\Illuminate\\Http\\Response.php(78): Illuminate\\View\\View->render()
#14 C:\\Users\\USER\\Desktop\\BSIT-3A-IPT2\\Restor-Laravel-App\\vendor\\laravel\\framework\\src\\Illuminate\\Http\\Response.php(34): Illuminate\\Http\\Response->setContent(Object(Illuminate\\View\\View))
#15 C:\\Users\\USER\\Desktop\\BSIT-3A-IPT2\\Restor-Laravel-App\\vendor\\laravel\\framework\\src\\Illuminate\\Routing\\Router.php(939): Illuminate\\Http\\Response->__construct(Object(Illuminate\\View\\View), 200, Array)
#16 C:\\Users\\USER\\Desktop\\BSIT-3A-IPT2\\Restor-Laravel-App\\vendor\\laravel\\framework\\src\\Illuminate\\Routing\\Router.php(906): Illuminate\\Routing\\Router::toResponse(Object(Illuminate\\Http\\Request), Object(Illuminate\\View\\View))
#17 C:\\Users\\USER\\Desktop\\BSIT-3A-IPT2\\Restor-Laravel-App\\vendor\\laravel\\framework\\src\\Illuminate\\Routing\\Router.php(821): Illuminate\\Routing\\Router->prepareResponse(Object(Illuminate\\Http\\Request), Object(Illuminate\\View\\View))
#18 C:\\Users\\USER\\Desktop\\BSIT-3A-IPT2\\Restor-Laravel-App\\vendor\\laravel\\framework\\src\\Illuminate\\Pipeline\\Pipeline.php(180): Illuminate\\Routing\\Router->Illuminate\\Routing\\{closure}(Object(Illuminate\\Http\\Request))
#19 C:\\Users\\USER\\Desktop\\BSIT-3A-IPT2\\Restor-Laravel-App\\vendor\\laravel\\framework\\src\\Illuminate\\Auth\\Middleware\\EnsureEmailIsVerified.php(41): Illuminate\\Pipeline\\Pipeline->Illuminate\\Pipeline\\{closure}(Object(Illuminate\\Http\\Request))
#20 C:\\Users\\USER\\Desktop\\BSIT-3A-IPT2\\Restor-Laravel-App\\vendor\\laravel\\framework\\src\\Illuminate\\Pipeline\\Pipeline.php(219): Illuminate\\Auth\\Middleware\\EnsureEmailIsVerified->handle(Object(Illuminate\\Http\\Request), Object(Closure))
#21 C:\\Users\\USER\\Desktop\\BSIT-3A-IPT2\\Restor-Laravel-App\\vendor\\laravel\\framework\\src\\Illuminate\\Routing\\Middleware\\SubstituteBindings.php(50): Illuminate\\Pipeline\\Pipeline->Illuminate\\Pipeline\\{closure}(Object(Illuminate\\Http\\Request))
#22 C:\\Users\\USER\\Desktop\\BSIT-3A-IPT2\\Restor-Laravel-App\\vendor\\laravel\\framework\\src\\Illuminate\\Pipeline\\Pipeline.php(219): Illuminate\\Routing\\Middleware\\SubstituteBindings->handle(Object(Illuminate\\Http\\Request), Object(Closure))
#23 C:\\Users\\USER\\Desktop\\BSIT-3A-IPT2\\Restor-Laravel-App\\vendor\\laravel\\framework\\src\\Illuminate\\Auth\\Middleware\\Authenticate.php(63): Illuminate\\Pipeline\\Pipeline->Illuminate\\Pipeline\\{closure}(Object(Illuminate\\Http\\Request))
#24 C:\\Users\\USER\\Desktop\\BSIT-3A-IPT2\\Restor-Laravel-App\\vendor\\laravel\\framework\\src\\Illuminate\\Pipeline\\Pipeline.php(219): Illuminate\\Auth\\Middleware\\Authenticate->handle(Object(Illuminate\\Http\\Request), Object(Closure))
#25 C:\\Users\\USER\\Desktop\\BSIT-3A-IPT2\\Restor-Laravel-App\\vendor\\laravel\\framework\\src\\Illuminate\\Foundation\\Http\\Middleware\\VerifyCsrfToken.php(87): Illuminate\\Pipeline\\Pipeline->Illuminate\\Pipeline\\{closure}(Object(Illuminate\\Http\\Request))
#26 C:\\Users\\USER\\Desktop\\BSIT-3A-IPT2\\Restor-Laravel-App\\vendor\\laravel\\framework\\src\\Illuminate\\Pipeline\\Pipeline.php(219): Illuminate\\Foundation\\Http\\Middleware\\VerifyCsrfToken->handle(Object(Illuminate\\Http\\Request), Object(Closure))
#27 C:\\Users\\USER\\Desktop\\BSIT-3A-IPT2\\Restor-Laravel-App\\vendor\\laravel\\framework\\src\\Illuminate\\View\\Middleware\\ShareErrorsFromSession.php(48): Illuminate\\Pipeline\\Pipeline->Illuminate\\Pipeline\\{closure}(Object(Illuminate\\Http\\Request))
#28 C:\\Users\\USER\\Desktop\\BSIT-3A-IPT2\\Restor-Laravel-App\\vendor\\laravel\\framework\\src\\Illuminate\\Pipeline\\Pipeline.php(219): Illuminate\\View\\Middleware\\ShareErrorsFromSession->handle(Object(Illuminate\\Http\\Request), Object(Closure))
#29 C:\\Users\\USER\\Desktop\\BSIT-3A-IPT2\\Restor-Laravel-App\\vendor\\laravel\\framework\\src\\Illuminate\\Session\\Middleware\\StartSession.php(120): Illuminate\\Pipeline\\Pipeline->Illuminate\\Pipeline\\{closure}(Object(Illuminate\\Http\\Request))
#30 C:\\Users\\USER\\Desktop\\BSIT-3A-IPT2\\Restor-Laravel-App\\vendor\\laravel\\framework\\src\\Illuminate\\Session\\Middleware\\StartSession.php(63): Illuminate\\Session\\Middleware\\StartSession->handleStatefulRequest(Object(Illuminate\\Http\\Request), Object(Illuminate\\Session\\Store), Object(Closure))
#31 C:\\Users\\USER\\Desktop\\BSIT-3A-IPT2\\Restor-Laravel-App\\vendor\\laravel\\framework\\src\\Illuminate\\Pipeline\\Pipeline.php(219): Illuminate\\Session\\Middleware\\StartSession->handle(Object(Illuminate\\Http\\Request), Object(Closure))
#32 C:\\Users\\USER\\Desktop\\BSIT-3A-IPT2\\Restor-Laravel-App\\vendor\\laravel\\framework\\src\\Illuminate\\Cookie\\Middleware\\AddQueuedCookiesToResponse.php(36): Illuminate\\Pipeline\\Pipeline->Illuminate\\Pipeline\\{closure}(Object(Illuminate\\Http\\Request))
#33 C:\\Users\\USER\\Desktop\\BSIT-3A-IPT2\\Restor-Laravel-App\\vendor\\laravel\\framework\\src\\Illuminate\\Pipeline\\Pipeline.php(219): Illuminate\\Cookie\\Middleware\\AddQueuedCookiesToResponse->handle(Object(Illuminate\\Http\\Request), Object(Closure))
#34 C:\\Users\\USER\\Desktop\\BSIT-3A-IPT2\\Restor-Laravel-App\\vendor\\laravel\\framework\\src\\Illuminate\\Cookie\\Middleware\\EncryptCookies.php(74): Illuminate\\Pipeline\\Pipeline->Illuminate\\Pipeline\\{closure}(Object(Illuminate\\Http\\Request))
#35 C:\\Users\\USER\\Desktop\\BSIT-3A-IPT2\\Restor-Laravel-App\\vendor\\laravel\\framework\\src\\Illuminate\\Pipeline\\Pipeline.php(219): Illuminate\\Cookie\\Middleware\\EncryptCookies->handle(Object(Illuminate\\Http\\Request), Object(Closure))
#36 C:\\Users\\USER\\Desktop\\BSIT-3A-IPT2\\Restor-Laravel-App\\vendor\\laravel\\framework\\src\\Illuminate\\Pipeline\\Pipeline.php(137): Illuminate\\Pipeline\\Pipeline->Illuminate\\Pipeline\\{closure}(Object(Illuminate\\Http\\Request))
#37 C:\\Users\\USER\\Desktop\\BSIT-3A-IPT2\\Restor-Laravel-App\\vendor\\laravel\\framework\\src\\Illuminate\\Routing\\Router.php(821): Illuminate\\Pipeline\\Pipeline->then(Object(Closure))
#38 C:\\Users\\USER\\Desktop\\BSIT-3A-IPT2\\Restor-Laravel-App\\vendor\\laravel\\framework\\src\\Illuminate\\Routing\\Router.php(800): Illuminate\\Routing\\Router->runRouteWithinStack(Object(Illuminate\\Routing\\Route), Object(Illuminate\\Http\\Request))
#39 C:\\Users\\USER\\Desktop\\BSIT-3A-IPT2\\Restor-Laravel-App\\vendor\\laravel\\framework\\src\\Illuminate\\Routing\\Router.php(764): Illuminate\\Routing\\Router->runRoute(Object(Illuminate\\Http\\Request), Object(Illuminate\\Routing\\Route))
#40 C:\\Users\\USER\\Desktop\\BSIT-3A-IPT2\\Restor-Laravel-App\\vendor\\laravel\\framework\\src\\Illuminate\\Routing\\Router.php(753): Illuminate\\Routing\\Router->dispatchToRoute(Object(Illuminate\\Http\\Request))
#41 C:\\Users\\USER\\Desktop\\BSIT-3A-IPT2\\Restor-Laravel-App\\vendor\\laravel\\framework\\src\\Illuminate\\Foundation\\Http\\Kernel.php(200): Illuminate\\Routing\\Router->dispatch(Object(Illuminate\\Http\\Request))
#42 C:\\Users\\USER\\Desktop\\BSIT-3A-IPT2\\Restor-Laravel-App\\vendor\\laravel\\framework\\src\\Illuminate\\Pipeline\\Pipeline.php(180): Illuminate\\Foundation\\Http\\Kernel->Illuminate\\Foundation\\Http\\{closure}(Object(Illuminate\\Http\\Request))
#43 C:\\Users\\USER\\Desktop\\BSIT-3A-IPT2\\Restor-Laravel-App\\vendor\\laravel\\framework\\src\\Illuminate\\Foundation\\Http\\Middleware\\TransformsRequest.php(21): Illuminate\\Pipeline\\Pipeline->Illuminate\\Pipeline\\{closure}(Object(Illuminate\\Http\\Request))
#44 C:\\Users\\USER\\Desktop\\BSIT-3A-IPT2\\Restor-Laravel-App\\vendor\\laravel\\framework\\src\\Illuminate\\Foundation\\Http\\Middleware\\ConvertEmptyStringsToNull.php(31): Illuminate\\Foundation\\Http\\Middleware\\TransformsRequest->handle(Object(Illuminate\\Http\\Request), Object(Closure))
#45 C:\\Users\\USER\\Desktop\\BSIT-3A-IPT2\\Restor-Laravel-App\\vendor\\laravel\\framework\\src\\Illuminate\\Pipeline\\Pipeline.php(219): Illuminate\\Foundation\\Http\\Middleware\\ConvertEmptyStringsToNull->handle(Object(Illuminate\\Http\\Request), Object(Closure))
#46 C:\\Users\\USER\\Desktop\\BSIT-3A-IPT2\\Restor-Laravel-App\\vendor\\laravel\\framework\\src\\Illuminate\\Foundation\\Http\\Middleware\\TransformsRequest.php(21): Illuminate\\Pipeline\\Pipeline->Illuminate\\Pipeline\\{closure}(Object(Illuminate\\Http\\Request))
#47 C:\\Users\\USER\\Desktop\\BSIT-3A-IPT2\\Restor-Laravel-App\\vendor\\laravel\\framework\\src\\Illuminate\\Foundation\\Http\\Middleware\\TrimStrings.php(51): Illuminate\\Foundation\\Http\\Middleware\\TransformsRequest->handle(Object(Illuminate\\Http\\Request), Object(Closure))
#48 C:\\Users\\USER\\Desktop\\BSIT-3A-IPT2\\Restor-Laravel-App\\vendor\\laravel\\framework\\src\\Illuminate\\Pipeline\\Pipeline.php(219): Illuminate\\Foundation\\Http\\Middleware\\TrimStrings->handle(Object(Illuminate\\Http\\Request), Object(Closure))
#49 C:\\Users\\USER\\Desktop\\BSIT-3A-IPT2\\Restor-Laravel-App\\vendor\\laravel\\framework\\src\\Illuminate\\Http\\Middleware\\ValidatePostSize.php(27): Illuminate\\Pipeline\\Pipeline->Illuminate\\Pipeline\\{closure}(Object(Illuminate\\Http\\Request))
#50 C:\\Users\\USER\\Desktop\\BSIT-3A-IPT2\\Restor-Laravel-App\\vendor\\laravel\\framework\\src\\Illuminate\\Pipeline\\Pipeline.php(219): Illuminate\\Http\\Middleware\\ValidatePostSize->handle(Object(Illuminate\\Http\\Request), Object(Closure))
#51 C:\\Users\\USER\\Desktop\\BSIT-3A-IPT2\\Restor-Laravel-App\\vendor\\laravel\\framework\\src\\Illuminate\\Foundation\\Http\\Middleware\\PreventRequestsDuringMaintenance.php(109): Illuminate\\Pipeline\\Pipeline->Illuminate\\Pipeline\\{closure}(Object(Illuminate\\Http\\Request))
#52 C:\\Users\\USER\\Desktop\\BSIT-3A-IPT2\\Restor-Laravel-App\\vendor\\laravel\\framework\\src\\Illuminate\\Pipeline\\Pipeline.php(219): Illuminate\\Foundation\\Http\\Middleware\\PreventRequestsDuringMaintenance->handle(Object(Illuminate\\Http\\Request), Object(Closure))
#53 C:\\Users\\USER\\Desktop\\BSIT-3A-IPT2\\Restor-Laravel-App\\vendor\\laravel\\framework\\src\\Illuminate\\Http\\Middleware\\HandleCors.php(48): Illuminate\\Pipeline\\Pipeline->Illuminate\\Pipeline\\{closure}(Object(Illuminate\\Http\\Request))
#54 C:\\Users\\USER\\Desktop\\BSIT-3A-IPT2\\Restor-Laravel-App\\vendor\\laravel\\framework\\src\\Illuminate\\Pipeline\\Pipeline.php(219): Illuminate\\Http\\Middleware\\HandleCors->handle(Object(Illuminate\\Http\\Request), Object(Closure))
#55 C:\\Users\\USER\\Desktop\\BSIT-3A-IPT2\\Restor-Laravel-App\\vendor\\laravel\\framework\\src\\Illuminate\\Http\\Middleware\\TrustProxies.php(58): Illuminate\\Pipeline\\Pipeline->Illuminate\\Pipeline\\{closure}(Object(Illuminate\\Http\\Request))
#56 C:\\Users\\USER\\Desktop\\BSIT-3A-IPT2\\Restor-Laravel-App\\vendor\\laravel\\framework\\src\\Illuminate\\Pipeline\\Pipeline.php(219): Illuminate\\Http\\Middleware\\TrustProxies->handle(Object(Illuminate\\Http\\Request), Object(Closure))
#57 C:\\Users\\USER\\Desktop\\BSIT-3A-IPT2\\Restor-Laravel-App\\vendor\\laravel\\framework\\src\\Illuminate\\Foundation\\Http\\Middleware\\InvokeDeferredCallbacks.php(22): Illuminate\\Pipeline\\Pipeline->Illuminate\\Pipeline\\{closure}(Object(Illuminate\\Http\\Request))
#58 C:\\Users\\USER\\Desktop\\BSIT-3A-IPT2\\Restor-Laravel-App\\vendor\\laravel\\framework\\src\\Illuminate\\Pipeline\\Pipeline.php(219): Illuminate\\Foundation\\Http\\Middleware\\InvokeDeferredCallbacks->handle(Object(Illuminate\\Http\\Request), Object(Closure))
#59 C:\\Users\\USER\\Desktop\\BSIT-3A-IPT2\\Restor-Laravel-App\\vendor\\laravel\\framework\\src\\Illuminate\\Http\\Middleware\\ValidatePathEncoding.php(26): Illuminate\\Pipeline\\Pipeline->Illuminate\\Pipeline\\{closure}(Object(Illuminate\\Http\\Request))
#60 C:\\Users\\USER\\Desktop\\BSIT-3A-IPT2\\Restor-Laravel-App\\vendor\\laravel\\framework\\src\\Illuminate\\Pipeline\\Pipeline.php(219): Illuminate\\Http\\Middleware\\ValidatePathEncoding->handle(Object(Illuminate\\Http\\Request), Object(Closure))
#61 C:\\Users\\USER\\Desktop\\BSIT-3A-IPT2\\Restor-Laravel-App\\vendor\\laravel\\framework\\src\\Illuminate\\Pipeline\\Pipeline.php(137): Illuminate\\Pipeline\\Pipeline->Illuminate\\Pipeline\\{closure}(Object(Illuminate\\Http\\Request))
#62 C:\\Users\\USER\\Desktop\\BSIT-3A-IPT2\\Restor-Laravel-App\\vendor\\laravel\\framework\\src\\Illuminate\\Foundation\\Http\\Kernel.php(175): Illuminate\\Pipeline\\Pipeline->then(Object(Closure))
#63 C:\\Users\\USER\\Desktop\\BSIT-3A-IPT2\\Restor-Laravel-App\\vendor\\laravel\\framework\\src\\Illuminate\\Foundation\\Http\\Kernel.php(144): Illuminate\\Foundation\\Http\\Kernel->sendRequestThroughRouter(Object(Illuminate\\Http\\Request))
#64 C:\\Users\\USER\\Desktop\\BSIT-3A-IPT2\\Restor-Laravel-App\\vendor\\laravel\\framework\\src\\Illuminate\\Foundation\\Application.php(1220): Illuminate\\Foundation\\Http\\Kernel->handle(Object(Illuminate\\Http\\Request))
#65 C:\\Users\\USER\\Desktop\\BSIT-3A-IPT2\\Restor-Laravel-App\\public\\index.php(20): Illuminate\\Foundation\\Application->handleRequest(Object(Illuminate\\Http\\Request))
#66 C:\\Users\\USER\\Desktop\\BSIT-3A-IPT2\\Restor-Laravel-App\\vendor\\laravel\\framework\\src\\Illuminate\\Foundation\\resources\\server.php(23): require_once('C:\\\\Users\\\\USER\\\\D...')
#67 {main}
"} 
[2025-11-02 18:23:24] local.ERROR: Unable to locate a class or view for component [admin-layout]. {"userId":1,"exception":"[object] (InvalidArgumentException(code: 0): Unable to locate a class or view for component [admin-layout]. at C:\\Users\\USER\\Desktop\\BSIT-3A-IPT2\\Restor-Laravel-App\\vendor\\laravel\\framework\\src\\Illuminate\\View\\Compilers\\ComponentTagCompiler.php:315)
[stacktrace]
#0 C:\\Users\\USER\\Desktop\\BSIT-3A-IPT2\\Restor-Laravel-App\\vendor\\laravel\\framework\\src\\Illuminate\\View\\Compilers\\ComponentTagCompiler.php(235): Illuminate\\View\\Compilers\\ComponentTagCompiler->componentClass('admin-layout')
#1 C:\\Users\\USER\\Desktop\\BSIT-3A-IPT2\\Restor-Laravel-App\\vendor\\laravel\\framework\\src\\Illuminate\\View\\Compilers\\ComponentTagCompiler.php(156): Illuminate\\View\\Compilers\\ComponentTagCompiler->componentString('admin-layout', Array)
#2 [internal function]: Illuminate\\View\\Compilers\\ComponentTagCompiler->Illuminate\\View\\Compilers\\{closure}(Array)
#3 C:\\Users\\USER\\Desktop\\BSIT-3A-IPT2\\Restor-Laravel-App\\vendor\\laravel\\framework\\src\\Illuminate\\View\\Compilers\\ComponentTagCompiler.php(151): preg_replace_callback('/\\n            <...', Object(Closure), '@extends('layou...')
#4 C:\\Users\\USER\\Desktop\\BSIT-3A-IPT2\\Restor-Laravel-App\\vendor\\laravel\\framework\\src\\Illuminate\\View\\Compilers\\ComponentTagCompiler.php(90): Illuminate\\View\\Compilers\\ComponentTagCompiler->compileOpeningTags('@extends('layou...')
#5 C:\\Users\\USER\\Desktop\\BSIT-3A-IPT2\\Restor-Laravel-App\\vendor\\laravel\\framework\\src\\Illuminate\\View\\Compilers\\ComponentTagCompiler.php(76): Illuminate\\View\\Compilers\\ComponentTagCompiler->compileTags('@extends('layou...')
#6 C:\\Users\\USER\\Desktop\\BSIT-3A-IPT2\\Restor-Laravel-App\\vendor\\laravel\\framework\\src\\Illuminate\\View\\Compilers\\BladeCompiler.php(455): Illuminate\\View\\Compilers\\ComponentTagCompiler->compile('@extends('layou...')
#7 C:\\Users\\USER\\Desktop\\BSIT-3A-IPT2\\Restor-Laravel-App\\vendor\\laravel\\framework\\src\\Illuminate\\View\\Compilers\\BladeCompiler.php(287): Illuminate\\View\\Compilers\\BladeCompiler->compileComponentTags('@extends('layou...')
#8 C:\\Users\\USER\\Desktop\\BSIT-3A-IPT2\\Restor-Laravel-App\\vendor\\laravel\\framework\\src\\Illuminate\\View\\Compilers\\BladeCompiler.php(187): Illuminate\\View\\Compilers\\BladeCompiler->compileString('@extends('layou...')
#9 C:\\Users\\USER\\Desktop\\BSIT-3A-IPT2\\Restor-Laravel-App\\vendor\\laravel\\framework\\src\\Illuminate\\View\\Engines\\CompilerEngine.php(68): Illuminate\\View\\Compilers\\BladeCompiler->compile('C:\\\\Users\\\\USER\\\\D...')
#10 C:\\Users\\USER\\Desktop\\BSIT-3A-IPT2\\Restor-Laravel-App\\vendor\\laravel\\framework\\src\\Illuminate\\View\\View.php(208): Illuminate\\View\\Engines\\CompilerEngine->get('C:\\\\Users\\\\USER\\\\D...', Array)
#11 C:\\Users\\USER\\Desktop\\BSIT-3A-IPT2\\Restor-Laravel-App\\vendor\\laravel\\framework\\src\\Illuminate\\View\\View.php(191): Illuminate\\View\\View->getContents()
#12 C:\\Users\\USER\\Desktop\\BSIT-3A-IPT2\\Restor-Laravel-App\\vendor\\laravel\\framework\\src\\Illuminate\\View\\View.php(160): Illuminate\\View\\View->renderContents()
#13 C:\\Users\\USER\\Desktop\\BSIT-3A-IPT2\\Restor-Laravel-App\\vendor\\laravel\\framework\\src\\Illuminate\\Http\\Response.php(78): Illuminate\\View\\View->render()
#14 C:\\Users\\USER\\Desktop\\BSIT-3A-IPT2\\Restor-Laravel-App\\vendor\\laravel\\framework\\src\\Illuminate\\Http\\Response.php(34): Illuminate\\Http\\Response->setContent(Object(Illuminate\\View\\View))
#15 C:\\Users\\USER\\Desktop\\BSIT-3A-IPT2\\Restor-Laravel-App\\vendor\\laravel\\framework\\src\\Illuminate\\Routing\\Router.php(939): Illuminate\\Http\\Response->__construct(Object(Illuminate\\View\\View), 200, Array)
#16 C:\\Users\\USER\\Desktop\\BSIT-3A-IPT2\\Restor-Laravel-App\\vendor\\laravel\\framework\\src\\Illuminate\\Routing\\Router.php(906): Illuminate\\Routing\\Router::toResponse(Object(Illuminate\\Http\\Request), Object(Illuminate\\View\\View))
#17 C:\\Users\\USER\\Desktop\\BSIT-3A-IPT2\\Restor-Laravel-App\\vendor\\laravel\\framework\\src\\Illuminate\\Routing\\Router.php(821): Illuminate\\Routing\\Router->prepareResponse(Object(Illuminate\\Http\\Request), Object(Illuminate\\View\\View))
#18 C:\\Users\\USER\\Desktop\\BSIT-3A-IPT2\\Restor-Laravel-App\\vendor\\laravel\\framework\\src\\Illuminate\\Pipeline\\Pipeline.php(180): Illuminate\\Routing\\Router->Illuminate\\Routing\\{closure}(Object(Illuminate\\Http\\Request))
#19 C:\\Users\\USER\\Desktop\\BSIT-3A-IPT2\\Restor-Laravel-App\\vendor\\laravel\\framework\\src\\Illuminate\\Auth\\Middleware\\EnsureEmailIsVerified.php(41): Illuminate\\Pipeline\\Pipeline->Illuminate\\Pipeline\\{closure}(Object(Illuminate\\Http\\Request))
#20 C:\\Users\\USER\\Desktop\\BSIT-3A-IPT2\\Restor-Laravel-App\\vendor\\laravel\\framework\\src\\Illuminate\\Pipeline\\Pipeline.php(219): Illuminate\\Auth\\Middleware\\EnsureEmailIsVerified->handle(Object(Illuminate\\Http\\Request), Object(Closure))
#21 C:\\Users\\USER\\Desktop\\BSIT-3A-IPT2\\Restor-Laravel-App\\vendor\\laravel\\framework\\src\\Illuminate\\Routing\\Middleware\\SubstituteBindings.php(50): Illuminate\\Pipeline\\Pipeline->Illuminate\\Pipeline\\{closure}(Object(Illuminate\\Http\\Request))
#22 C:\\Users\\USER\\Desktop\\BSIT-3A-IPT2\\Restor-Laravel-App\\vendor\\laravel\\framework\\src\\Illuminate\\Pipeline\\Pipeline.php(219): Illuminate\\Routing\\Middleware\\SubstituteBindings->handle(Object(Illuminate\\Http\\Request), Object(Closure))
#23 C:\\Users\\USER\\Desktop\\BSIT-3A-IPT2\\Restor-Laravel-App\\vendor\\laravel\\framework\\src\\Illuminate\\Auth\\Middleware\\Authenticate.php(63): Illuminate\\Pipeline\\Pipeline->Illuminate\\Pipeline\\{closure}(Object(Illuminate\\Http\\Request))
#24 C:\\Users\\USER\\Desktop\\BSIT-3A-IPT2\\Restor-Laravel-App\\vendor\\laravel\\framework\\src\\Illuminate\\Pipeline\\Pipeline.php(219): Illuminate\\Auth\\Middleware\\Authenticate->handle(Object(Illuminate\\Http\\Request), Object(Closure))
#25 C:\\Users\\USER\\Desktop\\BSIT-3A-IPT2\\Restor-Laravel-App\\vendor\\laravel\\framework\\src\\Illuminate\\Foundation\\Http\\Middleware\\VerifyCsrfToken.php(87): Illuminate\\Pipeline\\Pipeline->Illuminate\\Pipeline\\{closure}(Object(Illuminate\\Http\\Request))
#26 C:\\Users\\USER\\Desktop\\BSIT-3A-IPT2\\Restor-Laravel-App\\vendor\\laravel\\framework\\src\\Illuminate\\Pipeline\\Pipeline.php(219): Illuminate\\Foundation\\Http\\Middleware\\VerifyCsrfToken->handle(Object(Illuminate\\Http\\Request), Object(Closure))
#27 C:\\Users\\USER\\Desktop\\BSIT-3A-IPT2\\Restor-Laravel-App\\vendor\\laravel\\framework\\src\\Illuminate\\View\\Middleware\\ShareErrorsFromSession.php(48): Illuminate\\Pipeline\\Pipeline->Illuminate\\Pipeline\\{closure}(Object(Illuminate\\Http\\Request))
#28 C:\\Users\\USER\\Desktop\\BSIT-3A-IPT2\\Restor-Laravel-App\\vendor\\laravel\\framework\\src\\Illuminate\\Pipeline\\Pipeline.php(219): Illuminate\\View\\Middleware\\ShareErrorsFromSession->handle(Object(Illuminate\\Http\\Request), Object(Closure))
#29 C:\\Users\\USER\\Desktop\\BSIT-3A-IPT2\\Restor-Laravel-App\\vendor\\laravel\\framework\\src\\Illuminate\\Session\\Middleware\\StartSession.php(120): Illuminate\\Pipeline\\Pipeline->Illuminate\\Pipeline\\{closure}(Object(Illuminate\\Http\\Request))
#30 C:\\Users\\USER\\Desktop\\BSIT-3A-IPT2\\Restor-Laravel-App\\vendor\\laravel\\framework\\src\\Illuminate\\Session\\Middleware\\StartSession.php(63): Illuminate\\Session\\Middleware\\StartSession->handleStatefulRequest(Object(Illuminate\\Http\\Request), Object(Illuminate\\Session\\Store), Object(Closure))
#31 C:\\Users\\USER\\Desktop\\BSIT-3A-IPT2\\Restor-Laravel-App\\vendor\\laravel\\framework\\src\\Illuminate\\Pipeline\\Pipeline.php(219): Illuminate\\Session\\Middleware\\StartSession->handle(Object(Illuminate\\Http\\Request), Object(Closure))
#32 C:\\Users\\USER\\Desktop\\BSIT-3A-IPT2\\Restor-Laravel-App\\vendor\\laravel\\framework\\src\\Illuminate\\Cookie\\Middleware\\AddQueuedCookiesToResponse.php(36): Illuminate\\Pipeline\\Pipeline->Illuminate\\Pipeline\\{closure}(Object(Illuminate\\Http\\Request))
#33 C:\\Users\\USER\\Desktop\\BSIT-3A-IPT2\\Restor-Laravel-App\\vendor\\laravel\\framework\\src\\Illuminate\\Pipeline\\Pipeline.php(219): Illuminate\\Cookie\\Middleware\\AddQueuedCookiesToResponse->handle(Object(Illuminate\\Http\\Request), Object(Closure))
#34 C:\\Users\\USER\\Desktop\\BSIT-3A-IPT2\\Restor-Laravel-App\\vendor\\laravel\\framework\\src\\Illuminate\\Cookie\\Middleware\\EncryptCookies.php(74): Illuminate\\Pipeline\\Pipeline->Illuminate\\Pipeline\\{closure}(Object(Illuminate\\Http\\Request))
#35 C:\\Users\\USER\\Desktop\\BSIT-3A-IPT2\\Restor-Laravel-App\\vendor\\laravel\\framework\\src\\Illuminate\\Pipeline\\Pipeline.php(219): Illuminate\\Cookie\\Middleware\\EncryptCookies->handle(Object(Illuminate\\Http\\Request), Object(Closure))
#36 C:\\Users\\USER\\Desktop\\BSIT-3A-IPT2\\Restor-Laravel-App\\vendor\\laravel\\framework\\src\\Illuminate\\Pipeline\\Pipeline.php(137): Illuminate\\Pipeline\\Pipeline->Illuminate\\Pipeline\\{closure}(Object(Illuminate\\Http\\Request))
#37 C:\\Users\\USER\\Desktop\\BSIT-3A-IPT2\\Restor-Laravel-App\\vendor\\laravel\\framework\\src\\Illuminate\\Routing\\Router.php(821): Illuminate\\Pipeline\\Pipeline->then(Object(Closure))
#38 C:\\Users\\USER\\Desktop\\BSIT-3A-IPT2\\Restor-Laravel-App\\vendor\\laravel\\framework\\src\\Illuminate\\Routing\\Router.php(800): Illuminate\\Routing\\Router->runRouteWithinStack(Object(Illuminate\\Routing\\Route), Object(Illuminate\\Http\\Request))
#39 C:\\Users\\USER\\Desktop\\BSIT-3A-IPT2\\Restor-Laravel-App\\vendor\\laravel\\framework\\src\\Illuminate\\Routing\\Router.php(764): Illuminate\\Routing\\Router->runRoute(Object(Illuminate\\Http\\Request), Object(Illuminate\\Routing\\Route))
#40 C:\\Users\\USER\\Desktop\\BSIT-3A-IPT2\\Restor-Laravel-App\\vendor\\laravel\\framework\\src\\Illuminate\\Routing\\Router.php(753): Illuminate\\Routing\\Router->dispatchToRoute(Object(Illuminate\\Http\\Request))
#41 C:\\Users\\USER\\Desktop\\BSIT-3A-IPT2\\Restor-Laravel-App\\vendor\\laravel\\framework\\src\\Illuminate\\Foundation\\Http\\Kernel.php(200): Illuminate\\Routing\\Router->dispatch(Object(Illuminate\\Http\\Request))
#42 C:\\Users\\USER\\Desktop\\BSIT-3A-IPT2\\Restor-Laravel-App\\vendor\\laravel\\framework\\src\\Illuminate\\Pipeline\\Pipeline.php(180): Illuminate\\Foundation\\Http\\Kernel->Illuminate\\Foundation\\Http\\{closure}(Object(Illuminate\\Http\\Request))
#43 C:\\Users\\USER\\Desktop\\BSIT-3A-IPT2\\Restor-Laravel-App\\vendor\\laravel\\framework\\src\\Illuminate\\Foundation\\Http\\Middleware\\TransformsRequest.php(21): Illuminate\\Pipeline\\Pipeline->Illuminate\\Pipeline\\{closure}(Object(Illuminate\\Http\\Request))
#44 C:\\Users\\USER\\Desktop\\BSIT-3A-IPT2\\Restor-Laravel-App\\vendor\\laravel\\framework\\src\\Illuminate\\Foundation\\Http\\Middleware\\ConvertEmptyStringsToNull.php(31): Illuminate\\Foundation\\Http\\Middleware\\TransformsRequest->handle(Object(Illuminate\\Http\\Request), Object(Closure))
#45 C:\\Users\\USER\\Desktop\\BSIT-3A-IPT2\\Restor-Laravel-App\\vendor\\laravel\\framework\\src\\Illuminate\\Pipeline\\Pipeline.php(219): Illuminate\\Foundation\\Http\\Middleware\\ConvertEmptyStringsToNull->handle(Object(Illuminate\\Http\\Request), Object(Closure))
#46 C:\\Users\\USER\\Desktop\\BSIT-3A-IPT2\\Restor-Laravel-App\\vendor\\laravel\\framework\\src\\Illuminate\\Foundation\\Http\\Middleware\\TransformsRequest.php(21): Illuminate\\Pipeline\\Pipeline->Illuminate\\Pipeline\\{closure}(Object(Illuminate\\Http\\Request))
#47 C:\\Users\\USER\\Desktop\\BSIT-3A-IPT2\\Restor-Laravel-App\\vendor\\laravel\\framework\\src\\Illuminate\\Foundation\\Http\\Middleware\\TrimStrings.php(51): Illuminate\\Foundation\\Http\\Middleware\\TransformsRequest->handle(Object(Illuminate\\Http\\Request), Object(Closure))
#48 C:\\Users\\USER\\Desktop\\BSIT-3A-IPT2\\Restor-Laravel-App\\vendor\\laravel\\framework\\src\\Illuminate\\Pipeline\\Pipeline.php(219): Illuminate\\Foundation\\Http\\Middleware\\TrimStrings->handle(Object(Illuminate\\Http\\Request), Object(Closure))
#49 C:\\Users\\USER\\Desktop\\BSIT-3A-IPT2\\Restor-Laravel-App\\vendor\\laravel\\framework\\src\\Illuminate\\Http\\Middleware\\ValidatePostSize.php(27): Illuminate\\Pipeline\\Pipeline->Illuminate\\Pipeline\\{closure}(Object(Illuminate\\Http\\Request))
#50 C:\\Users\\USER\\Desktop\\BSIT-3A-IPT2\\Restor-Laravel-App\\vendor\\laravel\\framework\\src\\Illuminate\\Pipeline\\Pipeline.php(219): Illuminate\\Http\\Middleware\\ValidatePostSize->handle(Object(Illuminate\\Http\\Request), Object(Closure))
#51 C:\\Users\\USER\\Desktop\\BSIT-3A-IPT2\\Restor-Laravel-App\\vendor\\laravel\\framework\\src\\Illuminate\\Foundation\\Http\\Middleware\\PreventRequestsDuringMaintenance.php(109): Illuminate\\Pipeline\\Pipeline->Illuminate\\Pipeline\\{closure}(Object(Illuminate\\Http\\Request))
#52 C:\\Users\\USER\\Desktop\\BSIT-3A-IPT2\\Restor-Laravel-App\\vendor\\laravel\\framework\\src\\Illuminate\\Pipeline\\Pipeline.php(219): Illuminate\\Foundation\\Http\\Middleware\\PreventRequestsDuringMaintenance->handle(Object(Illuminate\\Http\\Request), Object(Closure))
#53 C:\\Users\\USER\\Desktop\\BSIT-3A-IPT2\\Restor-Laravel-App\\vendor\\laravel\\framework\\src\\Illuminate\\Http\\Middleware\\HandleCors.php(48): Illuminate\\Pipeline\\Pipeline->Illuminate\\Pipeline\\{closure}(Object(Illuminate\\Http\\Request))
#54 C:\\Users\\USER\\Desktop\\BSIT-3A-IPT2\\Restor-Laravel-App\\vendor\\laravel\\framework\\src\\Illuminate\\Pipeline\\Pipeline.php(219): Illuminate\\Http\\Middleware\\HandleCors->handle(Object(Illuminate\\Http\\Request), Object(Closure))
#55 C:\\Users\\USER\\Desktop\\BSIT-3A-IPT2\\Restor-Laravel-App\\vendor\\laravel\\framework\\src\\Illuminate\\Http\\Middleware\\TrustProxies.php(58): Illuminate\\Pipeline\\Pipeline->Illuminate\\Pipeline\\{closure}(Object(Illuminate\\Http\\Request))
#56 C:\\Users\\USER\\Desktop\\BSIT-3A-IPT2\\Restor-Laravel-App\\vendor\\laravel\\framework\\src\\Illuminate\\Pipeline\\Pipeline.php(219): Illuminate\\Http\\Middleware\\TrustProxies->handle(Object(Illuminate\\Http\\Request), Object(Closure))
#57 C:\\Users\\USER\\Desktop\\BSIT-3A-IPT2\\Restor-Laravel-App\\vendor\\laravel\\framework\\src\\Illuminate\\Foundation\\Http\\Middleware\\InvokeDeferredCallbacks.php(22): Illuminate\\Pipeline\\Pipeline->Illuminate\\Pipeline\\{closure}(Object(Illuminate\\Http\\Request))
#58 C:\\Users\\USER\\Desktop\\BSIT-3A-IPT2\\Restor-Laravel-App\\vendor\\laravel\\framework\\src\\Illuminate\\Pipeline\\Pipeline.php(219): Illuminate\\Foundation\\Http\\Middleware\\InvokeDeferredCallbacks->handle(Object(Illuminate\\Http\\Request), Object(Closure))
#59 C:\\Users\\USER\\Desktop\\BSIT-3A-IPT2\\Restor-Laravel-App\\vendor\\laravel\\framework\\src\\Illuminate\\Http\\Middleware\\ValidatePathEncoding.php(26): Illuminate\\Pipeline\\Pipeline->Illuminate\\Pipeline\\{closure}(Object(Illuminate\\Http\\Request))
#60 C:\\Users\\USER\\Desktop\\BSIT-3A-IPT2\\Restor-Laravel-App\\vendor\\laravel\\framework\\src\\Illuminate\\Pipeline\\Pipeline.php(219): Illuminate\\Http\\Middleware\\ValidatePathEncoding->handle(Object(Illuminate\\Http\\Request), Object(Closure))
#61 C:\\Users\\USER\\Desktop\\BSIT-3A-IPT2\\Restor-Laravel-App\\vendor\\laravel\\framework\\src\\Illuminate\\Pipeline\\Pipeline.php(137): Illuminate\\Pipeline\\Pipeline->Illuminate\\Pipeline\\{closure}(Object(Illuminate\\Http\\Request))
#62 C:\\Users\\USER\\Desktop\\BSIT-3A-IPT2\\Restor-Laravel-App\\vendor\\laravel\\framework\\src\\Illuminate\\Foundation\\Http\\Kernel.php(175): Illuminate\\Pipeline\\Pipeline->then(Object(Closure))
#63 C:\\Users\\USER\\Desktop\\BSIT-3A-IPT2\\Restor-Laravel-App\\vendor\\laravel\\framework\\src\\Illuminate\\Foundation\\Http\\Kernel.php(144): Illuminate\\Foundation\\Http\\Kernel->sendRequestThroughRouter(Object(Illuminate\\Http\\Request))
#64 C:\\Users\\USER\\Desktop\\BSIT-3A-IPT2\\Restor-Laravel-App\\vendor\\laravel\\framework\\src\\Illuminate\\Foundation\\Application.php(1220): Illuminate\\Foundation\\Http\\Kernel->handle(Object(Illuminate\\Http\\Request))
#65 C:\\Users\\USER\\Desktop\\BSIT-3A-IPT2\\Restor-Laravel-App\\public\\index.php(20): Illuminate\\Foundation\\Application->handleRequest(Object(Illuminate\\Http\\Request))
#66 C:\\Users\\USER\\Desktop\\BSIT-3A-IPT2\\Restor-Laravel-App\\vendor\\laravel\\framework\\src\\Illuminate\\Foundation\\resources\\server.php(23): require_once('C:\\\\Users\\\\USER\\\\D...')
#67 {main}
"} 
[2025-11-02 18:23:28] local.ERROR: Unable to locate a class or view for component [admin-layout]. {"userId":1,"exception":"[object] (InvalidArgumentException(code: 0): Unable to locate a class or view for component [admin-layout]. at C:\\Users\\USER\\Desktop\\BSIT-3A-IPT2\\Restor-Laravel-App\\vendor\\laravel\\framework\\src\\Illuminate\\View\\Compilers\\ComponentTagCompiler.php:315)
[stacktrace]
#0 C:\\Users\\USER\\Desktop\\BSIT-3A-IPT2\\Restor-Laravel-App\\vendor\\laravel\\framework\\src\\Illuminate\\View\\Compilers\\ComponentTagCompiler.php(235): Illuminate\\View\\Compilers\\ComponentTagCompiler->componentClass('admin-layout')
#1 C:\\Users\\USER\\Desktop\\BSIT-3A-IPT2\\Restor-Laravel-App\\vendor\\laravel\\framework\\src\\Illuminate\\View\\Compilers\\ComponentTagCompiler.php(156): Illuminate\\View\\Compilers\\ComponentTagCompiler->componentString('admin-layout', Array)
#2 [internal function]: Illuminate\\View\\Compilers\\ComponentTagCompiler->Illuminate\\View\\Compilers\\{closure}(Array)
#3 C:\\Users\\USER\\Desktop\\BSIT-3A-IPT2\\Restor-Laravel-App\\vendor\\laravel\\framework\\src\\Illuminate\\View\\Compilers\\ComponentTagCompiler.php(151): preg_replace_callback('/\\n            <...', Object(Closure), '@extends('layou...')
#4 C:\\Users\\USER\\Desktop\\BSIT-3A-IPT2\\Restor-Laravel-App\\vendor\\laravel\\framework\\src\\Illuminate\\View\\Compilers\\ComponentTagCompiler.php(90): Illuminate\\View\\Compilers\\ComponentTagCompiler->compileOpeningTags('@extends('layou...')
#5 C:\\Users\\USER\\Desktop\\BSIT-3A-IPT2\\Restor-Laravel-App\\vendor\\laravel\\framework\\src\\Illuminate\\View\\Compilers\\ComponentTagCompiler.php(76): Illuminate\\View\\Compilers\\ComponentTagCompiler->compileTags('@extends('layou...')
#6 C:\\Users\\USER\\Desktop\\BSIT-3A-IPT2\\Restor-Laravel-App\\vendor\\laravel\\framework\\src\\Illuminate\\View\\Compilers\\BladeCompiler.php(455): Illuminate\\View\\Compilers\\ComponentTagCompiler->compile('@extends('layou...')
#7 C:\\Users\\USER\\Desktop\\BSIT-3A-IPT2\\Restor-Laravel-App\\vendor\\laravel\\framework\\src\\Illuminate\\View\\Compilers\\BladeCompiler.php(287): Illuminate\\View\\Compilers\\BladeCompiler->compileComponentTags('@extends('layou...')
#8 C:\\Users\\USER\\Desktop\\BSIT-3A-IPT2\\Restor-Laravel-App\\vendor\\laravel\\framework\\src\\Illuminate\\View\\Compilers\\BladeCompiler.php(187): Illuminate\\View\\Compilers\\BladeCompiler->compileString('@extends('layou...')
#9 C:\\Users\\USER\\Desktop\\BSIT-3A-IPT2\\Restor-Laravel-App\\vendor\\laravel\\framework\\src\\Illuminate\\View\\Engines\\CompilerEngine.php(68): Illuminate\\View\\Compilers\\BladeCompiler->compile('C:\\\\Users\\\\USER\\\\D...')
#10 C:\\Users\\USER\\Desktop\\BSIT-3A-IPT2\\Restor-Laravel-App\\vendor\\laravel\\framework\\src\\Illuminate\\View\\View.php(208): Illuminate\\View\\Engines\\CompilerEngine->get('C:\\\\Users\\\\USER\\\\D...', Array)
#11 C:\\Users\\USER\\Desktop\\BSIT-3A-IPT2\\Restor-Laravel-App\\vendor\\laravel\\framework\\src\\Illuminate\\View\\View.php(191): Illuminate\\View\\View->getContents()
#12 C:\\Users\\USER\\Desktop\\BSIT-3A-IPT2\\Restor-Laravel-App\\vendor\\laravel\\framework\\src\\Illuminate\\View\\View.php(160): Illuminate\\View\\View->renderContents()
#13 C:\\Users\\USER\\Desktop\\BSIT-3A-IPT2\\Restor-Laravel-App\\vendor\\laravel\\framework\\src\\Illuminate\\Http\\Response.php(78): Illuminate\\View\\View->render()
#14 C:\\Users\\USER\\Desktop\\BSIT-3A-IPT2\\Restor-Laravel-App\\vendor\\laravel\\framework\\src\\Illuminate\\Http\\Response.php(34): Illuminate\\Http\\Response->setContent(Object(Illuminate\\View\\View))
#15 C:\\Users\\USER\\Desktop\\BSIT-3A-IPT2\\Restor-Laravel-App\\vendor\\laravel\\framework\\src\\Illuminate\\Routing\\Router.php(939): Illuminate\\Http\\Response->__construct(Object(Illuminate\\View\\View), 200, Array)
#16 C:\\Users\\USER\\Desktop\\BSIT-3A-IPT2\\Restor-Laravel-App\\vendor\\laravel\\framework\\src\\Illuminate\\Routing\\Router.php(906): Illuminate\\Routing\\Router::toResponse(Object(Illuminate\\Http\\Request), Object(Illuminate\\View\\View))
#17 C:\\Users\\USER\\Desktop\\BSIT-3A-IPT2\\Restor-Laravel-App\\vendor\\laravel\\framework\\src\\Illuminate\\Routing\\Router.php(821): Illuminate\\Routing\\Router->prepareResponse(Object(Illuminate\\Http\\Request), Object(Illuminate\\View\\View))
#18 C:\\Users\\USER\\Desktop\\BSIT-3A-IPT2\\Restor-Laravel-App\\vendor\\laravel\\framework\\src\\Illuminate\\Pipeline\\Pipeline.php(180): Illuminate\\Routing\\Router->Illuminate\\Routing\\{closure}(Object(Illuminate\\Http\\Request))
#19 C:\\Users\\USER\\Desktop\\BSIT-3A-IPT2\\Restor-Laravel-App\\vendor\\laravel\\framework\\src\\Illuminate\\Auth\\Middleware\\EnsureEmailIsVerified.php(41): Illuminate\\Pipeline\\Pipeline->Illuminate\\Pipeline\\{closure}(Object(Illuminate\\Http\\Request))
#20 C:\\Users\\USER\\Desktop\\BSIT-3A-IPT2\\Restor-Laravel-App\\vendor\\laravel\\framework\\src\\Illuminate\\Pipeline\\Pipeline.php(219): Illuminate\\Auth\\Middleware\\EnsureEmailIsVerified->handle(Object(Illuminate\\Http\\Request), Object(Closure))
#21 C:\\Users\\USER\\Desktop\\BSIT-3A-IPT2\\Restor-Laravel-App\\vendor\\laravel\\framework\\src\\Illuminate\\Routing\\Middleware\\SubstituteBindings.php(50): Illuminate\\Pipeline\\Pipeline->Illuminate\\Pipeline\\{closure}(Object(Illuminate\\Http\\Request))
#22 C:\\Users\\USER\\Desktop\\BSIT-3A-IPT2\\Restor-Laravel-App\\vendor\\laravel\\framework\\src\\Illuminate\\Pipeline\\Pipeline.php(219): Illuminate\\Routing\\Middleware\\SubstituteBindings->handle(Object(Illuminate\\Http\\Request), Object(Closure))
#23 C:\\Users\\USER\\Desktop\\BSIT-3A-IPT2\\Restor-Laravel-App\\vendor\\laravel\\framework\\src\\Illuminate\\Auth\\Middleware\\Authenticate.php(63): Illuminate\\Pipeline\\Pipeline->Illuminate\\Pipeline\\{closure}(Object(Illuminate\\Http\\Request))
#24 C:\\Users\\USER\\Desktop\\BSIT-3A-IPT2\\Restor-Laravel-App\\vendor\\laravel\\framework\\src\\Illuminate\\Pipeline\\Pipeline.php(219): Illuminate\\Auth\\Middleware\\Authenticate->handle(Object(Illuminate\\Http\\Request), Object(Closure))
#25 C:\\Users\\USER\\Desktop\\BSIT-3A-IPT2\\Restor-Laravel-App\\vendor\\laravel\\framework\\src\\Illuminate\\Foundation\\Http\\Middleware\\VerifyCsrfToken.php(87): Illuminate\\Pipeline\\Pipeline->Illuminate\\Pipeline\\{closure}(Object(Illuminate\\Http\\Request))
#26 C:\\Users\\USER\\Desktop\\BSIT-3A-IPT2\\Restor-Laravel-App\\vendor\\laravel\\framework\\src\\Illuminate\\Pipeline\\Pipeline.php(219): Illuminate\\Foundation\\Http\\Middleware\\VerifyCsrfToken->handle(Object(Illuminate\\Http\\Request), Object(Closure))
#27 C:\\Users\\USER\\Desktop\\BSIT-3A-IPT2\\Restor-Laravel-App\\vendor\\laravel\\framework\\src\\Illuminate\\View\\Middleware\\ShareErrorsFromSession.php(48): Illuminate\\Pipeline\\Pipeline->Illuminate\\Pipeline\\{closure}(Object(Illuminate\\Http\\Request))
#28 C:\\Users\\USER\\Desktop\\BSIT-3A-IPT2\\Restor-Laravel-App\\vendor\\laravel\\framework\\src\\Illuminate\\Pipeline\\Pipeline.php(219): Illuminate\\View\\Middleware\\ShareErrorsFromSession->handle(Object(Illuminate\\Http\\Request), Object(Closure))
#29 C:\\Users\\USER\\Desktop\\BSIT-3A-IPT2\\Restor-Laravel-App\\vendor\\laravel\\framework\\src\\Illuminate\\Session\\Middleware\\StartSession.php(120): Illuminate\\Pipeline\\Pipeline->Illuminate\\Pipeline\\{closure}(Object(Illuminate\\Http\\Request))
#30 C:\\Users\\USER\\Desktop\\BSIT-3A-IPT2\\Restor-Laravel-App\\vendor\\laravel\\framework\\src\\Illuminate\\Session\\Middleware\\StartSession.php(63): Illuminate\\Session\\Middleware\\StartSession->handleStatefulRequest(Object(Illuminate\\Http\\Request), Object(Illuminate\\Session\\Store), Object(Closure))
#31 C:\\Users\\USER\\Desktop\\BSIT-3A-IPT2\\Restor-Laravel-App\\vendor\\laravel\\framework\\src\\Illuminate\\Pipeline\\Pipeline.php(219): Illuminate\\Session\\Middleware\\StartSession->handle(Object(Illuminate\\Http\\Request), Object(Closure))
#32 C:\\Users\\USER\\Desktop\\BSIT-3A-IPT2\\Restor-Laravel-App\\vendor\\laravel\\framework\\src\\Illuminate\\Cookie\\Middleware\\AddQueuedCookiesToResponse.php(36): Illuminate\\Pipeline\\Pipeline->Illuminate\\Pipeline\\{closure}(Object(Illuminate\\Http\\Request))
#33 C:\\Users\\USER\\Desktop\\BSIT-3A-IPT2\\Restor-Laravel-App\\vendor\\laravel\\framework\\src\\Illuminate\\Pipeline\\Pipeline.php(219): Illuminate\\Cookie\\Middleware\\AddQueuedCookiesToResponse->handle(Object(Illuminate\\Http\\Request), Object(Closure))
#34 C:\\Users\\USER\\Desktop\\BSIT-3A-IPT2\\Restor-Laravel-App\\vendor\\laravel\\framework\\src\\Illuminate\\Cookie\\Middleware\\EncryptCookies.php(74): Illuminate\\Pipeline\\Pipeline->Illuminate\\Pipeline\\{closure}(Object(Illuminate\\Http\\Request))
#35 C:\\Users\\USER\\Desktop\\BSIT-3A-IPT2\\Restor-Laravel-App\\vendor\\laravel\\framework\\src\\Illuminate\\Pipeline\\Pipeline.php(219): Illuminate\\Cookie\\Middleware\\EncryptCookies->handle(Object(Illuminate\\Http\\Request), Object(Closure))
#36 C:\\Users\\USER\\Desktop\\BSIT-3A-IPT2\\Restor-Laravel-App\\vendor\\laravel\\framework\\src\\Illuminate\\Pipeline\\Pipeline.php(137): Illuminate\\Pipeline\\Pipeline->Illuminate\\Pipeline\\{closure}(Object(Illuminate\\Http\\Request))
#37 C:\\Users\\USER\\Desktop\\BSIT-3A-IPT2\\Restor-Laravel-App\\vendor\\laravel\\framework\\src\\Illuminate\\Routing\\Router.php(821): Illuminate\\Pipeline\\Pipeline->then(Object(Closure))
#38 C:\\Users\\USER\\Desktop\\BSIT-3A-IPT2\\Restor-Laravel-App\\vendor\\laravel\\framework\\src\\Illuminate\\Routing\\Router.php(800): Illuminate\\Routing\\Router->runRouteWithinStack(Object(Illuminate\\Routing\\Route), Object(Illuminate\\Http\\Request))
#39 C:\\Users\\USER\\Desktop\\BSIT-3A-IPT2\\Restor-Laravel-App\\vendor\\laravel\\framework\\src\\Illuminate\\Routing\\Router.php(764): Illuminate\\Routing\\Router->runRoute(Object(Illuminate\\Http\\Request), Object(Illuminate\\Routing\\Route))
#40 C:\\Users\\USER\\Desktop\\BSIT-3A-IPT2\\Restor-Laravel-App\\vendor\\laravel\\framework\\src\\Illuminate\\Routing\\Router.php(753): Illuminate\\Routing\\Router->dispatchToRoute(Object(Illuminate\\Http\\Request))
#41 C:\\Users\\USER\\Desktop\\BSIT-3A-IPT2\\Restor-Laravel-App\\vendor\\laravel\\framework\\src\\Illuminate\\Foundation\\Http\\Kernel.php(200): Illuminate\\Routing\\Router->dispatch(Object(Illuminate\\Http\\Request))
#42 C:\\Users\\USER\\Desktop\\BSIT-3A-IPT2\\Restor-Laravel-App\\vendor\\laravel\\framework\\src\\Illuminate\\Pipeline\\Pipeline.php(180): Illuminate\\Foundation\\Http\\Kernel->Illuminate\\Foundation\\Http\\{closure}(Object(Illuminate\\Http\\Request))
#43 C:\\Users\\USER\\Desktop\\BSIT-3A-IPT2\\Restor-Laravel-App\\vendor\\laravel\\framework\\src\\Illuminate\\Foundation\\Http\\Middleware\\TransformsRequest.php(21): Illuminate\\Pipeline\\Pipeline->Illuminate\\Pipeline\\{closure}(Object(Illuminate\\Http\\Request))
#44 C:\\Users\\USER\\Desktop\\BSIT-3A-IPT2\\Restor-Laravel-App\\vendor\\laravel\\framework\\src\\Illuminate\\Foundation\\Http\\Middleware\\ConvertEmptyStringsToNull.php(31): Illuminate\\Foundation\\Http\\Middleware\\TransformsRequest->handle(Object(Illuminate\\Http\\Request), Object(Closure))
#45 C:\\Users\\USER\\Desktop\\BSIT-3A-IPT2\\Restor-Laravel-App\\vendor\\laravel\\framework\\src\\Illuminate\\Pipeline\\Pipeline.php(219): Illuminate\\Foundation\\Http\\Middleware\\ConvertEmptyStringsToNull->handle(Object(Illuminate\\Http\\Request), Object(Closure))
#46 C:\\Users\\USER\\Desktop\\BSIT-3A-IPT2\\Restor-Laravel-App\\vendor\\laravel\\framework\\src\\Illuminate\\Foundation\\Http\\Middleware\\TransformsRequest.php(21): Illuminate\\Pipeline\\Pipeline->Illuminate\\Pipeline\\{closure}(Object(Illuminate\\Http\\Request))
#47 C:\\Users\\USER\\Desktop\\BSIT-3A-IPT2\\Restor-Laravel-App\\vendor\\laravel\\framework\\src\\Illuminate\\Foundation\\Http\\Middleware\\TrimStrings.php(51): Illuminate\\Foundation\\Http\\Middleware\\TransformsRequest->handle(Object(Illuminate\\Http\\Request), Object(Closure))
#48 C:\\Users\\USER\\Desktop\\BSIT-3A-IPT2\\Restor-Laravel-App\\vendor\\laravel\\framework\\src\\Illuminate\\Pipeline\\Pipeline.php(219): Illuminate\\Foundation\\Http\\Middleware\\TrimStrings->handle(Object(Illuminate\\Http\\Request), Object(Closure))
#49 C:\\Users\\USER\\Desktop\\BSIT-3A-IPT2\\Restor-Laravel-App\\vendor\\laravel\\framework\\src\\Illuminate\\Http\\Middleware\\ValidatePostSize.php(27): Illuminate\\Pipeline\\Pipeline->Illuminate\\Pipeline\\{closure}(Object(Illuminate\\Http\\Request))
#50 C:\\Users\\USER\\Desktop\\BSIT-3A-IPT2\\Restor-Laravel-App\\vendor\\laravel\\framework\\src\\Illuminate\\Pipeline\\Pipeline.php(219): Illuminate\\Http\\Middleware\\ValidatePostSize->handle(Object(Illuminate\\Http\\Request), Object(Closure))
#51 C:\\Users\\USER\\Desktop\\BSIT-3A-IPT2\\Restor-Laravel-App\\vendor\\laravel\\framework\\src\\Illuminate\\Foundation\\Http\\Middleware\\PreventRequestsDuringMaintenance.php(109): Illuminate\\Pipeline\\Pipeline->Illuminate\\Pipeline\\{closure}(Object(Illuminate\\Http\\Request))
#52 C:\\Users\\USER\\Desktop\\BSIT-3A-IPT2\\Restor-Laravel-App\\vendor\\laravel\\framework\\src\\Illuminate\\Pipeline\\Pipeline.php(219): Illuminate\\Foundation\\Http\\Middleware\\PreventRequestsDuringMaintenance->handle(Object(Illuminate\\Http\\Request), Object(Closure))
#53 C:\\Users\\USER\\Desktop\\BSIT-3A-IPT2\\Restor-Laravel-App\\vendor\\laravel\\framework\\src\\Illuminate\\Http\\Middleware\\HandleCors.php(48): Illuminate\\Pipeline\\Pipeline->Illuminate\\Pipeline\\{closure}(Object(Illuminate\\Http\\Request))
#54 C:\\Users\\USER\\Desktop\\BSIT-3A-IPT2\\Restor-Laravel-App\\vendor\\laravel\\framework\\src\\Illuminate\\Pipeline\\Pipeline.php(219): Illuminate\\Http\\Middleware\\HandleCors->handle(Object(Illuminate\\Http\\Request), Object(Closure))
#55 C:\\Users\\USER\\Desktop\\BSIT-3A-IPT2\\Restor-Laravel-App\\vendor\\laravel\\framework\\src\\Illuminate\\Http\\Middleware\\TrustProxies.php(58): Illuminate\\Pipeline\\Pipeline->Illuminate\\Pipeline\\{closure}(Object(Illuminate\\Http\\Request))
#56 C:\\Users\\USER\\Desktop\\BSIT-3A-IPT2\\Restor-Laravel-App\\vendor\\laravel\\framework\\src\\Illuminate\\Pipeline\\Pipeline.php(219): Illuminate\\Http\\Middleware\\TrustProxies->handle(Object(Illuminate\\Http\\Request), Object(Closure))
#57 C:\\Users\\USER\\Desktop\\BSIT-3A-IPT2\\Restor-Laravel-App\\vendor\\laravel\\framework\\src\\Illuminate\\Foundation\\Http\\Middleware\\InvokeDeferredCallbacks.php(22): Illuminate\\Pipeline\\Pipeline->Illuminate\\Pipeline\\{closure}(Object(Illuminate\\Http\\Request))
#58 C:\\Users\\USER\\Desktop\\BSIT-3A-IPT2\\Restor-Laravel-App\\vendor\\laravel\\framework\\src\\Illuminate\\Pipeline\\Pipeline.php(219): Illuminate\\Foundation\\Http\\Middleware\\InvokeDeferredCallbacks->handle(Object(Illuminate\\Http\\Request), Object(Closure))
#59 C:\\Users\\USER\\Desktop\\BSIT-3A-IPT2\\Restor-Laravel-App\\vendor\\laravel\\framework\\src\\Illuminate\\Http\\Middleware\\ValidatePathEncoding.php(26): Illuminate\\Pipeline\\Pipeline->Illuminate\\Pipeline\\{closure}(Object(Illuminate\\Http\\Request))
#60 C:\\Users\\USER\\Desktop\\BSIT-3A-IPT2\\Restor-Laravel-App\\vendor\\laravel\\framework\\src\\Illuminate\\Pipeline\\Pipeline.php(219): Illuminate\\Http\\Middleware\\ValidatePathEncoding->handle(Object(Illuminate\\Http\\Request), Object(Closure))
#61 C:\\Users\\USER\\Desktop\\BSIT-3A-IPT2\\Restor-Laravel-App\\vendor\\laravel\\framework\\src\\Illuminate\\Pipeline\\Pipeline.php(137): Illuminate\\Pipeline\\Pipeline->Illuminate\\Pipeline\\{closure}(Object(Illuminate\\Http\\Request))
#62 C:\\Users\\USER\\Desktop\\BSIT-3A-IPT2\\Restor-Laravel-App\\vendor\\laravel\\framework\\src\\Illuminate\\Foundation\\Http\\Kernel.php(175): Illuminate\\Pipeline\\Pipeline->then(Object(Closure))
#63 C:\\Users\\USER\\Desktop\\BSIT-3A-IPT2\\Restor-Laravel-App\\vendor\\laravel\\framework\\src\\Illuminate\\Foundation\\Http\\Kernel.php(144): Illuminate\\Foundation\\Http\\Kernel->sendRequestThroughRouter(Object(Illuminate\\Http\\Request))
#64 C:\\Users\\USER\\Desktop\\BSIT-3A-IPT2\\Restor-Laravel-App\\vendor\\laravel\\framework\\src\\Illuminate\\Foundation\\Application.php(1220): Illuminate\\Foundation\\Http\\Kernel->handle(Object(Illuminate\\Http\\Request))
#65 C:\\Users\\USER\\Desktop\\BSIT-3A-IPT2\\Restor-Laravel-App\\public\\index.php(20): Illuminate\\Foundation\\Application->handleRequest(Object(Illuminate\\Http\\Request))
#66 C:\\Users\\USER\\Desktop\\BSIT-3A-IPT2\\Restor-Laravel-App\\vendor\\laravel\\framework\\src\\Illuminate\\Foundation\\resources\\server.php(23): require_once('C:\\\\Users\\\\USER\\\\D...')
#67 {main}
"} 
[2025-11-02 18:23:39] local.ERROR: syntax error, unexpected token "endif", expecting end of file (View: C:\Users\USER\Desktop\BSIT-3A-IPT2\Restor-Laravel-App\resources\views\dashboard.blade.php) {"userId":1,"exception":"[object] (Illuminate\\View\\ViewException(code: 0): syntax error, unexpected token \"endif\", expecting end of file (View: C:\\Users\\USER\\Desktop\\BSIT-3A-IPT2\\Restor-Laravel-App\\resources\\views\\dashboard.blade.php) at C:\\Users\\USER\\Desktop\\BSIT-3A-IPT2\\Restor-Laravel-App\\storage\\framework\\views\\3729075a97d0e8e96b61e6e3ca409f26.php:93)
[stacktrace]
#0 C:\\Users\\USER\\Desktop\\BSIT-3A-IPT2\\Restor-Laravel-App\\vendor\\laravel\\framework\\src\\Illuminate\\View\\Engines\\PhpEngine.php(59): Illuminate\\View\\Engines\\CompilerEngine->handleViewException(Object(ParseError), 1)
#1 C:\\Users\\USER\\Desktop\\BSIT-3A-IPT2\\Restor-Laravel-App\\vendor\\laravel\\framework\\src\\Illuminate\\View\\Engines\\CompilerEngine.php(76): Illuminate\\View\\Engines\\PhpEngine->evaluatePath('C:\\\\Users\\\\USER\\\\D...', Array)
#2 C:\\Users\\USER\\Desktop\\BSIT-3A-IPT2\\Restor-Laravel-App\\vendor\\laravel\\framework\\src\\Illuminate\\View\\View.php(208): Illuminate\\View\\Engines\\CompilerEngine->get('C:\\\\Users\\\\USER\\\\D...', Array)
#3 C:\\Users\\USER\\Desktop\\BSIT-3A-IPT2\\Restor-Laravel-App\\vendor\\laravel\\framework\\src\\Illuminate\\View\\View.php(191): Illuminate\\View\\View->getContents()
#4 C:\\Users\\USER\\Desktop\\BSIT-3A-IPT2\\Restor-Laravel-App\\vendor\\laravel\\framework\\src\\Illuminate\\View\\View.php(160): Illuminate\\View\\View->renderContents()
#5 C:\\Users\\USER\\Desktop\\BSIT-3A-IPT2\\Restor-Laravel-App\\vendor\\laravel\\framework\\src\\Illuminate\\Http\\Response.php(78): Illuminate\\View\\View->render()
#6 C:\\Users\\USER\\Desktop\\BSIT-3A-IPT2\\Restor-Laravel-App\\vendor\\laravel\\framework\\src\\Illuminate\\Http\\Response.php(34): Illuminate\\Http\\Response->setContent(Object(Illuminate\\View\\View))
#7 C:\\Users\\USER\\Desktop\\BSIT-3A-IPT2\\Restor-Laravel-App\\vendor\\laravel\\framework\\src\\Illuminate\\Routing\\Router.php(939): Illuminate\\Http\\Response->__construct(Object(Illuminate\\View\\View), 200, Array)
#8 C:\\Users\\USER\\Desktop\\BSIT-3A-IPT2\\Restor-Laravel-App\\vendor\\laravel\\framework\\src\\Illuminate\\Routing\\Router.php(906): Illuminate\\Routing\\Router::toResponse(Object(Illuminate\\Http\\Request), Object(Illuminate\\View\\View))
#9 C:\\Users\\USER\\Desktop\\BSIT-3A-IPT2\\Restor-Laravel-App\\vendor\\laravel\\framework\\src\\Illuminate\\Routing\\Router.php(821): Illuminate\\Routing\\Router->prepareResponse(Object(Illuminate\\Http\\Request), Object(Illuminate\\View\\View))
#10 C:\\Users\\USER\\Desktop\\BSIT-3A-IPT2\\Restor-Laravel-App\\vendor\\laravel\\framework\\src\\Illuminate\\Pipeline\\Pipeline.php(180): Illuminate\\Routing\\Router->Illuminate\\Routing\\{closure}(Object(Illuminate\\Http\\Request))
#11 C:\\Users\\USER\\Desktop\\BSIT-3A-IPT2\\Restor-Laravel-App\\vendor\\laravel\\framework\\src\\Illuminate\\Auth\\Middleware\\EnsureEmailIsVerified.php(41): Illuminate\\Pipeline\\Pipeline->Illuminate\\Pipeline\\{closure}(Object(Illuminate\\Http\\Request))
#12 C:\\Users\\USER\\Desktop\\BSIT-3A-IPT2\\Restor-Laravel-App\\vendor\\laravel\\framework\\src\\Illuminate\\Pipeline\\Pipeline.php(219): Illuminate\\Auth\\Middleware\\EnsureEmailIsVerified->handle(Object(Illuminate\\Http\\Request), Object(Closure))
#13 C:\\Users\\USER\\Desktop\\BSIT-3A-IPT2\\Restor-Laravel-App\\vendor\\laravel\\framework\\src\\Illuminate\\Routing\\Middleware\\SubstituteBindings.php(50): Illuminate\\Pipeline\\Pipeline->Illuminate\\Pipeline\\{closure}(Object(Illuminate\\Http\\Request))
#14 C:\\Users\\USER\\Desktop\\BSIT-3A-IPT2\\Restor-Laravel-App\\vendor\\laravel\\framework\\src\\Illuminate\\Pipeline\\Pipeline.php(219): Illuminate\\Routing\\Middleware\\SubstituteBindings->handle(Object(Illuminate\\Http\\Request), Object(Closure))
#15 C:\\Users\\USER\\Desktop\\BSIT-3A-IPT2\\Restor-Laravel-App\\vendor\\laravel\\framework\\src\\Illuminate\\Auth\\Middleware\\Authenticate.php(63): Illuminate\\Pipeline\\Pipeline->Illuminate\\Pipeline\\{closure}(Object(Illuminate\\Http\\Request))
#16 C:\\Users\\USER\\Desktop\\BSIT-3A-IPT2\\Restor-Laravel-App\\vendor\\laravel\\framework\\src\\Illuminate\\Pipeline\\Pipeline.php(219): Illuminate\\Auth\\Middleware\\Authenticate->handle(Object(Illuminate\\Http\\Request), Object(Closure))
#17 C:\\Users\\USER\\Desktop\\BSIT-3A-IPT2\\Restor-Laravel-App\\vendor\\laravel\\framework\\src\\Illuminate\\Foundation\\Http\\Middleware\\VerifyCsrfToken.php(87): Illuminate\\Pipeline\\Pipeline->Illuminate\\Pipeline\\{closure}(Object(Illuminate\\Http\\Request))
#18 C:\\Users\\USER\\Desktop\\BSIT-3A-IPT2\\Restor-Laravel-App\\vendor\\laravel\\framework\\src\\Illuminate\\Pipeline\\Pipeline.php(219): Illuminate\\Foundation\\Http\\Middleware\\VerifyCsrfToken->handle(Object(Illuminate\\Http\\Request), Object(Closure))
#19 C:\\Users\\USER\\Desktop\\BSIT-3A-IPT2\\Restor-Laravel-App\\vendor\\laravel\\framework\\src\\Illuminate\\View\\Middleware\\ShareErrorsFromSession.php(48): Illuminate\\Pipeline\\Pipeline->Illuminate\\Pipeline\\{closure}(Object(Illuminate\\Http\\Request))
#20 C:\\Users\\USER\\Desktop\\BSIT-3A-IPT2\\Restor-Laravel-App\\vendor\\laravel\\framework\\src\\Illuminate\\Pipeline\\Pipeline.php(219): Illuminate\\View\\Middleware\\ShareErrorsFromSession->handle(Object(Illuminate\\Http\\Request), Object(Closure))
#21 C:\\Users\\USER\\Desktop\\BSIT-3A-IPT2\\Restor-Laravel-App\\vendor\\laravel\\framework\\src\\Illuminate\\Session\\Middleware\\StartSession.php(120): Illuminate\\Pipeline\\Pipeline->Illuminate\\Pipeline\\{closure}(Object(Illuminate\\Http\\Request))
#22 C:\\Users\\USER\\Desktop\\BSIT-3A-IPT2\\Restor-Laravel-App\\vendor\\laravel\\framework\\src\\Illuminate\\Session\\Middleware\\StartSession.php(63): Illuminate\\Session\\Middleware\\StartSession->handleStatefulRequest(Object(Illuminate\\Http\\Request), Object(Illuminate\\Session\\Store), Object(Closure))
#23 C:\\Users\\USER\\Desktop\\BSIT-3A-IPT2\\Restor-Laravel-App\\vendor\\laravel\\framework\\src\\Illuminate\\Pipeline\\Pipeline.php(219): Illuminate\\Session\\Middleware\\StartSession->handle(Object(Illuminate\\Http\\Request), Object(Closure))
#24 C:\\Users\\USER\\Desktop\\BSIT-3A-IPT2\\Restor-Laravel-App\\vendor\\laravel\\framework\\src\\Illuminate\\Cookie\\Middleware\\AddQueuedCookiesToResponse.php(36): Illuminate\\Pipeline\\Pipeline->Illuminate\\Pipeline\\{closure}(Object(Illuminate\\Http\\Request))
#25 C:\\Users\\USER\\Desktop\\BSIT-3A-IPT2\\Restor-Laravel-App\\vendor\\laravel\\framework\\src\\Illuminate\\Pipeline\\Pipeline.php(219): Illuminate\\Cookie\\Middleware\\AddQueuedCookiesToResponse->handle(Object(Illuminate\\Http\\Request), Object(Closure))
#26 C:\\Users\\USER\\Desktop\\BSIT-3A-IPT2\\Restor-Laravel-App\\vendor\\laravel\\framework\\src\\Illuminate\\Cookie\\Middleware\\EncryptCookies.php(74): Illuminate\\Pipeline\\Pipeline->Illuminate\\Pipeline\\{closure}(Object(Illuminate\\Http\\Request))
#27 C:\\Users\\USER\\Desktop\\BSIT-3A-IPT2\\Restor-Laravel-App\\vendor\\laravel\\framework\\src\\Illuminate\\Pipeline\\Pipeline.php(219): Illuminate\\Cookie\\Middleware\\EncryptCookies->handle(Object(Illuminate\\Http\\Request), Object(Closure))
#28 C:\\Users\\USER\\Desktop\\BSIT-3A-IPT2\\Restor-Laravel-App\\vendor\\laravel\\framework\\src\\Illuminate\\Pipeline\\Pipeline.php(137): Illuminate\\Pipeline\\Pipeline->Illuminate\\Pipeline\\{closure}(Object(Illuminate\\Http\\Request))
#29 C:\\Users\\USER\\Desktop\\BSIT-3A-IPT2\\Restor-Laravel-App\\vendor\\laravel\\framework\\src\\Illuminate\\Routing\\Router.php(821): Illuminate\\Pipeline\\Pipeline->then(Object(Closure))
#30 C:\\Users\\USER\\Desktop\\BSIT-3A-IPT2\\Restor-Laravel-App\\vendor\\laravel\\framework\\src\\Illuminate\\Routing\\Router.php(800): Illuminate\\Routing\\Router->runRouteWithinStack(Object(Illuminate\\Routing\\Route), Object(Illuminate\\Http\\Request))
#31 C:\\Users\\USER\\Desktop\\BSIT-3A-IPT2\\Restor-Laravel-App\\vendor\\laravel\\framework\\src\\Illuminate\\Routing\\Router.php(764): Illuminate\\Routing\\Router->runRoute(Object(Illuminate\\Http\\Request), Object(Illuminate\\Routing\\Route))
#32 C:\\Users\\USER\\Desktop\\BSIT-3A-IPT2\\Restor-Laravel-App\\vendor\\laravel\\framework\\src\\Illuminate\\Routing\\Router.php(753): Illuminate\\Routing\\Router->dispatchToRoute(Object(Illuminate\\Http\\Request))
#33 C:\\Users\\USER\\Desktop\\BSIT-3A-IPT2\\Restor-Laravel-App\\vendor\\laravel\\framework\\src\\Illuminate\\Foundation\\Http\\Kernel.php(200): Illuminate\\Routing\\Router->dispatch(Object(Illuminate\\Http\\Request))
#34 C:\\Users\\USER\\Desktop\\BSIT-3A-IPT2\\Restor-Laravel-App\\vendor\\laravel\\framework\\src\\Illuminate\\Pipeline\\Pipeline.php(180): Illuminate\\Foundation\\Http\\Kernel->Illuminate\\Foundation\\Http\\{closure}(Object(Illuminate\\Http\\Request))
#35 C:\\Users\\USER\\Desktop\\BSIT-3A-IPT2\\Restor-Laravel-App\\vendor\\laravel\\framework\\src\\Illuminate\\Foundation\\Http\\Middleware\\TransformsRequest.php(21): Illuminate\\Pipeline\\Pipeline->Illuminate\\Pipeline\\{closure}(Object(Illuminate\\Http\\Request))
#36 C:\\Users\\USER\\Desktop\\BSIT-3A-IPT2\\Restor-Laravel-App\\vendor\\laravel\\framework\\src\\Illuminate\\Foundation\\Http\\Middleware\\ConvertEmptyStringsToNull.php(31): Illuminate\\Foundation\\Http\\Middleware\\TransformsRequest->handle(Object(Illuminate\\Http\\Request), Object(Closure))
#37 C:\\Users\\USER\\Desktop\\BSIT-3A-IPT2\\Restor-Laravel-App\\vendor\\laravel\\framework\\src\\Illuminate\\Pipeline\\Pipeline.php(219): Illuminate\\Foundation\\Http\\Middleware\\ConvertEmptyStringsToNull->handle(Object(Illuminate\\Http\\Request), Object(Closure))
#38 C:\\Users\\USER\\Desktop\\BSIT-3A-IPT2\\Restor-Laravel-App\\vendor\\laravel\\framework\\src\\Illuminate\\Foundation\\Http\\Middleware\\TransformsRequest.php(21): Illuminate\\Pipeline\\Pipeline->Illuminate\\Pipeline\\{closure}(Object(Illuminate\\Http\\Request))
#39 C:\\Users\\USER\\Desktop\\BSIT-3A-IPT2\\Restor-Laravel-App\\vendor\\laravel\\framework\\src\\Illuminate\\Foundation\\Http\\Middleware\\TrimStrings.php(51): Illuminate\\Foundation\\Http\\Middleware\\TransformsRequest->handle(Object(Illuminate\\Http\\Request), Object(Closure))
#40 C:\\Users\\USER\\Desktop\\BSIT-3A-IPT2\\Restor-Laravel-App\\vendor\\laravel\\framework\\src\\Illuminate\\Pipeline\\Pipeline.php(219): Illuminate\\Foundation\\Http\\Middleware\\TrimStrings->handle(Object(Illuminate\\Http\\Request), Object(Closure))
#41 C:\\Users\\USER\\Desktop\\BSIT-3A-IPT2\\Restor-Laravel-App\\vendor\\laravel\\framework\\src\\Illuminate\\Http\\Middleware\\ValidatePostSize.php(27): Illuminate\\Pipeline\\Pipeline->Illuminate\\Pipeline\\{closure}(Object(Illuminate\\Http\\Request))
#42 C:\\Users\\USER\\Desktop\\BSIT-3A-IPT2\\Restor-Laravel-App\\vendor\\laravel\\framework\\src\\Illuminate\\Pipeline\\Pipeline.php(219): Illuminate\\Http\\Middleware\\ValidatePostSize->handle(Object(Illuminate\\Http\\Request), Object(Closure))
#43 C:\\Users\\USER\\Desktop\\BSIT-3A-IPT2\\Restor-Laravel-App\\vendor\\laravel\\framework\\src\\Illuminate\\Foundation\\Http\\Middleware\\PreventRequestsDuringMaintenance.php(109): Illuminate\\Pipeline\\Pipeline->Illuminate\\Pipeline\\{closure}(Object(Illuminate\\Http\\Request))
#44 C:\\Users\\USER\\Desktop\\BSIT-3A-IPT2\\Restor-Laravel-App\\vendor\\laravel\\framework\\src\\Illuminate\\Pipeline\\Pipeline.php(219): Illuminate\\Foundation\\Http\\Middleware\\PreventRequestsDuringMaintenance->handle(Object(Illuminate\\Http\\Request), Object(Closure))
#45 C:\\Users\\USER\\Desktop\\BSIT-3A-IPT2\\Restor-Laravel-App\\vendor\\laravel\\framework\\src\\Illuminate\\Http\\Middleware\\HandleCors.php(48): Illuminate\\Pipeline\\Pipeline->Illuminate\\Pipeline\\{closure}(Object(Illuminate\\Http\\Request))
#46 C:\\Users\\USER\\Desktop\\BSIT-3A-IPT2\\Restor-Laravel-App\\vendor\\laravel\\framework\\src\\Illuminate\\Pipeline\\Pipeline.php(219): Illuminate\\Http\\Middleware\\HandleCors->handle(Object(Illuminate\\Http\\Request), Object(Closure))
#47 C:\\Users\\USER\\Desktop\\BSIT-3A-IPT2\\Restor-Laravel-App\\vendor\\laravel\\framework\\src\\Illuminate\\Http\\Middleware\\TrustProxies.php(58): Illuminate\\Pipeline\\Pipeline->Illuminate\\Pipeline\\{closure}(Object(Illuminate\\Http\\Request))
#48 C:\\Users\\USER\\Desktop\\BSIT-3A-IPT2\\Restor-Laravel-App\\vendor\\laravel\\framework\\src\\Illuminate\\Pipeline\\Pipeline.php(219): Illuminate\\Http\\Middleware\\TrustProxies->handle(Object(Illuminate\\Http\\Request), Object(Closure))
#49 C:\\Users\\USER\\Desktop\\BSIT-3A-IPT2\\Restor-Laravel-App\\vendor\\laravel\\framework\\src\\Illuminate\\Foundation\\Http\\Middleware\\InvokeDeferredCallbacks.php(22): Illuminate\\Pipeline\\Pipeline->Illuminate\\Pipeline\\{closure}(Object(Illuminate\\Http\\Request))
#50 C:\\Users\\USER\\Desktop\\BSIT-3A-IPT2\\Restor-Laravel-App\\vendor\\laravel\\framework\\src\\Illuminate\\Pipeline\\Pipeline.php(219): Illuminate\\Foundation\\Http\\Middleware\\InvokeDeferredCallbacks->handle(Object(Illuminate\\Http\\Request), Object(Closure))
#51 C:\\Users\\USER\\Desktop\\BSIT-3A-IPT2\\Restor-Laravel-App\\vendor\\laravel\\framework\\src\\Illuminate\\Http\\Middleware\\ValidatePathEncoding.php(26): Illuminate\\Pipeline\\Pipeline->Illuminate\\Pipeline\\{closure}(Object(Illuminate\\Http\\Request))
#52 C:\\Users\\USER\\Desktop\\BSIT-3A-IPT2\\Restor-Laravel-App\\vendor\\laravel\\framework\\src\\Illuminate\\Pipeline\\Pipeline.php(219): Illuminate\\Http\\Middleware\\ValidatePathEncoding->handle(Object(Illuminate\\Http\\Request), Object(Closure))
#53 C:\\Users\\USER\\Desktop\\BSIT-3A-IPT2\\Restor-Laravel-App\\vendor\\laravel\\framework\\src\\Illuminate\\Pipeline\\Pipeline.php(137): Illuminate\\Pipeline\\Pipeline->Illuminate\\Pipeline\\{closure}(Object(Illuminate\\Http\\Request))
#54 C:\\Users\\USER\\Desktop\\BSIT-3A-IPT2\\Restor-Laravel-App\\vendor\\laravel\\framework\\src\\Illuminate\\Foundation\\Http\\Kernel.php(175): Illuminate\\Pipeline\\Pipeline->then(Object(Closure))
#55 C:\\Users\\USER\\Desktop\\BSIT-3A-IPT2\\Restor-Laravel-App\\vendor\\laravel\\framework\\src\\Illuminate\\Foundation\\Http\\Kernel.php(144): Illuminate\\Foundation\\Http\\Kernel->sendRequestThroughRouter(Object(Illuminate\\Http\\Request))
#56 C:\\Users\\USER\\Desktop\\BSIT-3A-IPT2\\Restor-Laravel-App\\vendor\\laravel\\framework\\src\\Illuminate\\Foundation\\Application.php(1220): Illuminate\\Foundation\\Http\\Kernel->handle(Object(Illuminate\\Http\\Request))
#57 C:\\Users\\USER\\Desktop\\BSIT-3A-IPT2\\Restor-Laravel-App\\public\\index.php(20): Illuminate\\Foundation\\Application->handleRequest(Object(Illuminate\\Http\\Request))
#58 C:\\Users\\USER\\Desktop\\BSIT-3A-IPT2\\Restor-Laravel-App\\vendor\\laravel\\framework\\src\\Illuminate\\Foundation\\resources\\server.php(23): require_once('C:\\\\Users\\\\USER\\\\D...')
#59 {main}

[previous exception] [object] (ParseError(code: 0): syntax error, unexpected token \"endif\", expecting end of file at C:\\Users\\USER\\Desktop\\BSIT-3A-IPT2\\Restor-Laravel-App\\storage\\framework\\views\\3729075a97d0e8e96b61e6e3ca409f26.php:93)
[stacktrace]
#0 C:\\Users\\USER\\Desktop\\BSIT-3A-IPT2\\Restor-Laravel-App\\vendor\\laravel\\framework\\src\\Illuminate\\Filesystem\\Filesystem.php(124): Illuminate\\Filesystem\\Filesystem::Illuminate\\Filesystem\\{closure}()
#1 C:\\Users\\USER\\Desktop\\BSIT-3A-IPT2\\Restor-Laravel-App\\vendor\\laravel\\framework\\src\\Illuminate\\View\\Engines\\PhpEngine.php(57): Illuminate\\Filesystem\\Filesystem->getRequire('C:\\\\Users\\\\USER\\\\D...', Array)
#2 C:\\Users\\USER\\Desktop\\BSIT-3A-IPT2\\Restor-Laravel-App\\vendor\\laravel\\framework\\src\\Illuminate\\View\\Engines\\CompilerEngine.php(76): Illuminate\\View\\Engines\\PhpEngine->evaluatePath('C:\\\\Users\\\\USER\\\\D...', Array)
#3 C:\\Users\\USER\\Desktop\\BSIT-3A-IPT2\\Restor-Laravel-App\\vendor\\laravel\\framework\\src\\Illuminate\\View\\View.php(208): Illuminate\\View\\Engines\\CompilerEngine->get('C:\\\\Users\\\\USER\\\\D...', Array)
#4 C:\\Users\\USER\\Desktop\\BSIT-3A-IPT2\\Restor-Laravel-App\\vendor\\laravel\\framework\\src\\Illuminate\\View\\View.php(191): Illuminate\\View\\View->getContents()
#5 C:\\Users\\USER\\Desktop\\BSIT-3A-IPT2\\Restor-Laravel-App\\vendor\\laravel\\framework\\src\\Illuminate\\View\\View.php(160): Illuminate\\View\\View->renderContents()
#6 C:\\Users\\USER\\Desktop\\BSIT-3A-IPT2\\Restor-Laravel-App\\vendor\\laravel\\framework\\src\\Illuminate\\Http\\Response.php(78): Illuminate\\View\\View->render()
#7 C:\\Users\\USER\\Desktop\\BSIT-3A-IPT2\\Restor-Laravel-App\\vendor\\laravel\\framework\\src\\Illuminate\\Http\\Response.php(34): Illuminate\\Http\\Response->setContent(Object(Illuminate\\View\\View))
#8 C:\\Users\\USER\\Desktop\\BSIT-3A-IPT2\\Restor-Laravel-App\\vendor\\laravel\\framework\\src\\Illuminate\\Routing\\Router.php(939): Illuminate\\Http\\Response->__construct(Object(Illuminate\\View\\View), 200, Array)
#9 C:\\Users\\USER\\Desktop\\BSIT-3A-IPT2\\Restor-Laravel-App\\vendor\\laravel\\framework\\src\\Illuminate\\Routing\\Router.php(906): Illuminate\\Routing\\Router::toResponse(Object(Illuminate\\Http\\Request), Object(Illuminate\\View\\View))
#10 C:\\Users\\USER\\Desktop\\BSIT-3A-IPT2\\Restor-Laravel-App\\vendor\\laravel\\framework\\src\\Illuminate\\Routing\\Router.php(821): Illuminate\\Routing\\Router->prepareResponse(Object(Illuminate\\Http\\Request), Object(Illuminate\\View\\View))
#11 C:\\Users\\USER\\Desktop\\BSIT-3A-IPT2\\Restor-Laravel-App\\vendor\\laravel\\framework\\src\\Illuminate\\Pipeline\\Pipeline.php(180): Illuminate\\Routing\\Router->Illuminate\\Routing\\{closure}(Object(Illuminate\\Http\\Request))
#12 C:\\Users\\USER\\Desktop\\BSIT-3A-IPT2\\Restor-Laravel-App\\vendor\\laravel\\framework\\src\\Illuminate\\Auth\\Middleware\\EnsureEmailIsVerified.php(41): Illuminate\\Pipeline\\Pipeline->Illuminate\\Pipeline\\{closure}(Object(Illuminate\\Http\\Request))
#13 C:\\Users\\USER\\Desktop\\BSIT-3A-IPT2\\Restor-Laravel-App\\vendor\\laravel\\framework\\src\\Illuminate\\Pipeline\\Pipeline.php(219): Illuminate\\Auth\\Middleware\\EnsureEmailIsVerified->handle(Object(Illuminate\\Http\\Request), Object(Closure))
#14 C:\\Users\\USER\\Desktop\\BSIT-3A-IPT2\\Restor-Laravel-App\\vendor\\laravel\\framework\\src\\Illuminate\\Routing\\Middleware\\SubstituteBindings.php(50): Illuminate\\Pipeline\\Pipeline->Illuminate\\Pipeline\\{closure}(Object(Illuminate\\Http\\Request))
#15 C:\\Users\\USER\\Desktop\\BSIT-3A-IPT2\\Restor-Laravel-App\\vendor\\laravel\\framework\\src\\Illuminate\\Pipeline\\Pipeline.php(219): Illuminate\\Routing\\Middleware\\SubstituteBindings->handle(Object(Illuminate\\Http\\Request), Object(Closure))
#16 C:\\Users\\USER\\Desktop\\BSIT-3A-IPT2\\Restor-Laravel-App\\vendor\\laravel\\framework\\src\\Illuminate\\Auth\\Middleware\\Authenticate.php(63): Illuminate\\Pipeline\\Pipeline->Illuminate\\Pipeline\\{closure}(Object(Illuminate\\Http\\Request))
#17 C:\\Users\\USER\\Desktop\\BSIT-3A-IPT2\\Restor-Laravel-App\\vendor\\laravel\\framework\\src\\Illuminate\\Pipeline\\Pipeline.php(219): Illuminate\\Auth\\Middleware\\Authenticate->handle(Object(Illuminate\\Http\\Request), Object(Closure))
#18 C:\\Users\\USER\\Desktop\\BSIT-3A-IPT2\\Restor-Laravel-App\\vendor\\laravel\\framework\\src\\Illuminate\\Foundation\\Http\\Middleware\\VerifyCsrfToken.php(87): Illuminate\\Pipeline\\Pipeline->Illuminate\\Pipeline\\{closure}(Object(Illuminate\\Http\\Request))
#19 C:\\Users\\USER\\Desktop\\BSIT-3A-IPT2\\Restor-Laravel-App\\vendor\\laravel\\framework\\src\\Illuminate\\Pipeline\\Pipeline.php(219): Illuminate\\Foundation\\Http\\Middleware\\VerifyCsrfToken->handle(Object(Illuminate\\Http\\Request), Object(Closure))
#20 C:\\Users\\USER\\Desktop\\BSIT-3A-IPT2\\Restor-Laravel-App\\vendor\\laravel\\framework\\src\\Illuminate\\View\\Middleware\\ShareErrorsFromSession.php(48): Illuminate\\Pipeline\\Pipeline->Illuminate\\Pipeline\\{closure}(Object(Illuminate\\Http\\Request))
#21 C:\\Users\\USER\\Desktop\\BSIT-3A-IPT2\\Restor-Laravel-App\\vendor\\laravel\\framework\\src\\Illuminate\\Pipeline\\Pipeline.php(219): Illuminate\\View\\Middleware\\ShareErrorsFromSession->handle(Object(Illuminate\\Http\\Request), Object(Closure))
#22 C:\\Users\\USER\\Desktop\\BSIT-3A-IPT2\\Restor-Laravel-App\\vendor\\laravel\\framework\\src\\Illuminate\\Session\\Middleware\\StartSession.php(120): Illuminate\\Pipeline\\Pipeline->Illuminate\\Pipeline\\{closure}(Object(Illuminate\\Http\\Request))
#23 C:\\Users\\USER\\Desktop\\BSIT-3A-IPT2\\Restor-Laravel-App\\vendor\\laravel\\framework\\src\\Illuminate\\Session\\Middleware\\StartSession.php(63): Illuminate\\Session\\Middleware\\StartSession->handleStatefulRequest(Object(Illuminate\\Http\\Request), Object(Illuminate\\Session\\Store), Object(Closure))
#24 C:\\Users\\USER\\Desktop\\BSIT-3A-IPT2\\Restor-Laravel-App\\vendor\\laravel\\framework\\src\\Illuminate\\Pipeline\\Pipeline.php(219): Illuminate\\Session\\Middleware\\StartSession->handle(Object(Illuminate\\Http\\Request), Object(Closure))
#25 C:\\Users\\USER\\Desktop\\BSIT-3A-IPT2\\Restor-Laravel-App\\vendor\\laravel\\framework\\src\\Illuminate\\Cookie\\Middleware\\AddQueuedCookiesToResponse.php(36): Illuminate\\Pipeline\\Pipeline->Illuminate\\Pipeline\\{closure}(Object(Illuminate\\Http\\Request))
#26 C:\\Users\\USER\\Desktop\\BSIT-3A-IPT2\\Restor-Laravel-App\\vendor\\laravel\\framework\\src\\Illuminate\\Pipeline\\Pipeline.php(219): Illuminate\\Cookie\\Middleware\\AddQueuedCookiesToResponse->handle(Object(Illuminate\\Http\\Request), Object(Closure))
#27 C:\\Users\\USER\\Desktop\\BSIT-3A-IPT2\\Restor-Laravel-App\\vendor\\laravel\\framework\\src\\Illuminate\\Cookie\\Middleware\\EncryptCookies.php(74): Illuminate\\Pipeline\\Pipeline->Illuminate\\Pipeline\\{closure}(Object(Illuminate\\Http\\Request))
#28 C:\\Users\\USER\\Desktop\\BSIT-3A-IPT2\\Restor-Laravel-App\\vendor\\laravel\\framework\\src\\Illuminate\\Pipeline\\Pipeline.php(219): Illuminate\\Cookie\\Middleware\\EncryptCookies->handle(Object(Illuminate\\Http\\Request), Object(Closure))
#29 C:\\Users\\USER\\Desktop\\BSIT-3A-IPT2\\Restor-Laravel-App\\vendor\\laravel\\framework\\src\\Illuminate\\Pipeline\\Pipeline.php(137): Illuminate\\Pipeline\\Pipeline->Illuminate\\Pipeline\\{closure}(Object(Illuminate\\Http\\Request))
#30 C:\\Users\\USER\\Desktop\\BSIT-3A-IPT2\\Restor-Laravel-App\\vendor\\laravel\\framework\\src\\Illuminate\\Routing\\Router.php(821): Illuminate\\Pipeline\\Pipeline->then(Object(Closure))
#31 C:\\Users\\USER\\Desktop\\BSIT-3A-IPT2\\Restor-Laravel-App\\vendor\\laravel\\framework\\src\\Illuminate\\Routing\\Router.php(800): Illuminate\\Routing\\Router->runRouteWithinStack(Object(Illuminate\\Routing\\Route), Object(Illuminate\\Http\\Request))
#32 C:\\Users\\USER\\Desktop\\BSIT-3A-IPT2\\Restor-Laravel-App\\vendor\\laravel\\framework\\src\\Illuminate\\Routing\\Router.php(764): Illuminate\\Routing\\Router->runRoute(Object(Illuminate\\Http\\Request), Object(Illuminate\\Routing\\Route))
#33 C:\\Users\\USER\\Desktop\\BSIT-3A-IPT2\\Restor-Laravel-App\\vendor\\laravel\\framework\\src\\Illuminate\\Routing\\Router.php(753): Illuminate\\Routing\\Router->dispatchToRoute(Object(Illuminate\\Http\\Request))
#34 C:\\Users\\USER\\Desktop\\BSIT-3A-IPT2\\Restor-Laravel-App\\vendor\\laravel\\framework\\src\\Illuminate\\Foundation\\Http\\Kernel.php(200): Illuminate\\Routing\\Router->dispatch(Object(Illuminate\\Http\\Request))
#35 C:\\Users\\USER\\Desktop\\BSIT-3A-IPT2\\Restor-Laravel-App\\vendor\\laravel\\framework\\src\\Illuminate\\Pipeline\\Pipeline.php(180): Illuminate\\Foundation\\Http\\Kernel->Illuminate\\Foundation\\Http\\{closure}(Object(Illuminate\\Http\\Request))
#36 C:\\Users\\USER\\Desktop\\BSIT-3A-IPT2\\Restor-Laravel-App\\vendor\\laravel\\framework\\src\\Illuminate\\Foundation\\Http\\Middleware\\TransformsRequest.php(21): Illuminate\\Pipeline\\Pipeline->Illuminate\\Pipeline\\{closure}(Object(Illuminate\\Http\\Request))
#37 C:\\Users\\USER\\Desktop\\BSIT-3A-IPT2\\Restor-Laravel-App\\vendor\\laravel\\framework\\src\\Illuminate\\Foundation\\Http\\Middleware\\ConvertEmptyStringsToNull.php(31): Illuminate\\Foundation\\Http\\Middleware\\TransformsRequest->handle(Object(Illuminate\\Http\\Request), Object(Closure))
#38 C:\\Users\\USER\\Desktop\\BSIT-3A-IPT2\\Restor-Laravel-App\\vendor\\laravel\\framework\\src\\Illuminate\\Pipeline\\Pipeline.php(219): Illuminate\\Foundation\\Http\\Middleware\\ConvertEmptyStringsToNull->handle(Object(Illuminate\\Http\\Request), Object(Closure))
#39 C:\\Users\\USER\\Desktop\\BSIT-3A-IPT2\\Restor-Laravel-App\\vendor\\laravel\\framework\\src\\Illuminate\\Foundation\\Http\\Middleware\\TransformsRequest.php(21): Illuminate\\Pipeline\\Pipeline->Illuminate\\Pipeline\\{closure}(Object(Illuminate\\Http\\Request))
#40 C:\\Users\\USER\\Desktop\\BSIT-3A-IPT2\\Restor-Laravel-App\\vendor\\laravel\\framework\\src\\Illuminate\\Foundation\\Http\\Middleware\\TrimStrings.php(51): Illuminate\\Foundation\\Http\\Middleware\\TransformsRequest->handle(Object(Illuminate\\Http\\Request), Object(Closure))
#41 C:\\Users\\USER\\Desktop\\BSIT-3A-IPT2\\Restor-Laravel-App\\vendor\\laravel\\framework\\src\\Illuminate\\Pipeline\\Pipeline.php(219): Illuminate\\Foundation\\Http\\Middleware\\TrimStrings->handle(Object(Illuminate\\Http\\Request), Object(Closure))
#42 C:\\Users\\USER\\Desktop\\BSIT-3A-IPT2\\Restor-Laravel-App\\vendor\\laravel\\framework\\src\\Illuminate\\Http\\Middleware\\ValidatePostSize.php(27): Illuminate\\Pipeline\\Pipeline->Illuminate\\Pipeline\\{closure}(Object(Illuminate\\Http\\Request))
#43 C:\\Users\\USER\\Desktop\\BSIT-3A-IPT2\\Restor-Laravel-App\\vendor\\laravel\\framework\\src\\Illuminate\\Pipeline\\Pipeline.php(219): Illuminate\\Http\\Middleware\\ValidatePostSize->handle(Object(Illuminate\\Http\\Request), Object(Closure))
#44 C:\\Users\\USER\\Desktop\\BSIT-3A-IPT2\\Restor-Laravel-App\\vendor\\laravel\\framework\\src\\Illuminate\\Foundation\\Http\\Middleware\\PreventRequestsDuringMaintenance.php(109): Illuminate\\Pipeline\\Pipeline->Illuminate\\Pipeline\\{closure}(Object(Illuminate\\Http\\Request))
#45 C:\\Users\\USER\\Desktop\\BSIT-3A-IPT2\\Restor-Laravel-App\\vendor\\laravel\\framework\\src\\Illuminate\\Pipeline\\Pipeline.php(219): Illuminate\\Foundation\\Http\\Middleware\\PreventRequestsDuringMaintenance->handle(Object(Illuminate\\Http\\Request), Object(Closure))
#46 C:\\Users\\USER\\Desktop\\BSIT-3A-IPT2\\Restor-Laravel-App\\vendor\\laravel\\framework\\src\\Illuminate\\Http\\Middleware\\HandleCors.php(48): Illuminate\\Pipeline\\Pipeline->Illuminate\\Pipeline\\{closure}(Object(Illuminate\\Http\\Request))
#47 C:\\Users\\USER\\Desktop\\BSIT-3A-IPT2\\Restor-Laravel-App\\vendor\\laravel\\framework\\src\\Illuminate\\Pipeline\\Pipeline.php(219): Illuminate\\Http\\Middleware\\HandleCors->handle(Object(Illuminate\\Http\\Request), Object(Closure))
#48 C:\\Users\\USER\\Desktop\\BSIT-3A-IPT2\\Restor-Laravel-App\\vendor\\laravel\\framework\\src\\Illuminate\\Http\\Middleware\\TrustProxies.php(58): Illuminate\\Pipeline\\Pipeline->Illuminate\\Pipeline\\{closure}(Object(Illuminate\\Http\\Request))
#49 C:\\Users\\USER\\Desktop\\BSIT-3A-IPT2\\Restor-Laravel-App\\vendor\\laravel\\framework\\src\\Illuminate\\Pipeline\\Pipeline.php(219): Illuminate\\Http\\Middleware\\TrustProxies->handle(Object(Illuminate\\Http\\Request), Object(Closure))
#50 C:\\Users\\USER\\Desktop\\BSIT-3A-IPT2\\Restor-Laravel-App\\vendor\\laravel\\framework\\src\\Illuminate\\Foundation\\Http\\Middleware\\InvokeDeferredCallbacks.php(22): Illuminate\\Pipeline\\Pipeline->Illuminate\\Pipeline\\{closure}(Object(Illuminate\\Http\\Request))
#51 C:\\Users\\USER\\Desktop\\BSIT-3A-IPT2\\Restor-Laravel-App\\vendor\\laravel\\framework\\src\\Illuminate\\Pipeline\\Pipeline.php(219): Illuminate\\Foundation\\Http\\Middleware\\InvokeDeferredCallbacks->handle(Object(Illuminate\\Http\\Request), Object(Closure))
#52 C:\\Users\\USER\\Desktop\\BSIT-3A-IPT2\\Restor-Laravel-App\\vendor\\laravel\\framework\\src\\Illuminate\\Http\\Middleware\\ValidatePathEncoding.php(26): Illuminate\\Pipeline\\Pipeline->Illuminate\\Pipeline\\{closure}(Object(Illuminate\\Http\\Request))
#53 C:\\Users\\USER\\Desktop\\BSIT-3A-IPT2\\Restor-Laravel-App\\vendor\\laravel\\framework\\src\\Illuminate\\Pipeline\\Pipeline.php(219): Illuminate\\Http\\Middleware\\ValidatePathEncoding->handle(Object(Illuminate\\Http\\Request), Object(Closure))
#54 C:\\Users\\USER\\Desktop\\BSIT-3A-IPT2\\Restor-Laravel-App\\vendor\\laravel\\framework\\src\\Illuminate\\Pipeline\\Pipeline.php(137): Illuminate\\Pipeline\\Pipeline->Illuminate\\Pipeline\\{closure}(Object(Illuminate\\Http\\Request))
#55 C:\\Users\\USER\\Desktop\\BSIT-3A-IPT2\\Restor-Laravel-App\\vendor\\laravel\\framework\\src\\Illuminate\\Foundation\\Http\\Kernel.php(175): Illuminate\\Pipeline\\Pipeline->then(Object(Closure))
#56 C:\\Users\\USER\\Desktop\\BSIT-3A-IPT2\\Restor-Laravel-App\\vendor\\laravel\\framework\\src\\Illuminate\\Foundation\\Http\\Kernel.php(144): Illuminate\\Foundation\\Http\\Kernel->sendRequestThroughRouter(Object(Illuminate\\Http\\Request))
#57 C:\\Users\\USER\\Desktop\\BSIT-3A-IPT2\\Restor-Laravel-App\\vendor\\laravel\\framework\\src\\Illuminate\\Foundation\\Application.php(1220): Illuminate\\Foundation\\Http\\Kernel->handle(Object(Illuminate\\Http\\Request))
#58 C:\\Users\\USER\\Desktop\\BSIT-3A-IPT2\\Restor-Laravel-App\\public\\index.php(20): Illuminate\\Foundation\\Application->handleRequest(Object(Illuminate\\Http\\Request))
#59 C:\\Users\\USER\\Desktop\\BSIT-3A-IPT2\\Restor-Laravel-App\\vendor\\laravel\\framework\\src\\Illuminate\\Foundation\\resources\\server.php(23): require_once('C:\\\\Users\\\\USER\\\\D...')
#60 {main}
"} 
[2025-11-02 18:28:34] local.ERROR: Target class [admin] does not exist. {"userId":1,"exception":"[object] (Illuminate\\Contracts\\Container\\BindingResolutionException(code: 0): Target class [admin] does not exist. at C:\\Users\\USER\\Desktop\\BSIT-3A-IPT2\\Restor-Laravel-App\\vendor\\laravel\\framework\\src\\Illuminate\\Container\\Container.php:1163)
[stacktrace]
#0 C:\\Users\\USER\\Desktop\\BSIT-3A-IPT2\\Restor-Laravel-App\\vendor\\laravel\\framework\\src\\Illuminate\\Container\\Container.php(972): Illuminate\\Container\\Container->build('admin')
#1 C:\\Users\\USER\\Desktop\\BSIT-3A-IPT2\\Restor-Laravel-App\\vendor\\laravel\\framework\\src\\Illuminate\\Foundation\\Application.php(1078): Illuminate\\Container\\Container->resolve('admin', Array, true)
#2 C:\\Users\\USER\\Desktop\\BSIT-3A-IPT2\\Restor-Laravel-App\\vendor\\laravel\\framework\\src\\Illuminate\\Container\\Container.php(903): Illuminate\\Foundation\\Application->resolve('admin', Array)
#3 C:\\Users\\USER\\Desktop\\BSIT-3A-IPT2\\Restor-Laravel-App\\vendor\\laravel\\framework\\src\\Illuminate\\Foundation\\Application.php(1058): Illuminate\\Container\\Container->make('admin', Array)
#4 C:\\Users\\USER\\Desktop\\BSIT-3A-IPT2\\Restor-Laravel-App\\vendor\\laravel\\framework\\src\\Illuminate\\Pipeline\\Pipeline.php(208): Illuminate\\Foundation\\Application->make('admin')
#5 C:\\Users\\USER\\Desktop\\BSIT-3A-IPT2\\Restor-Laravel-App\\vendor\\laravel\\framework\\src\\Illuminate\\Routing\\Middleware\\SubstituteBindings.php(50): Illuminate\\Pipeline\\Pipeline->Illuminate\\Pipeline\\{closure}(Object(Illuminate\\Http\\Request))
#6 C:\\Users\\USER\\Desktop\\BSIT-3A-IPT2\\Restor-Laravel-App\\vendor\\laravel\\framework\\src\\Illuminate\\Pipeline\\Pipeline.php(219): Illuminate\\Routing\\Middleware\\SubstituteBindings->handle(Object(Illuminate\\Http\\Request), Object(Closure))
#7 C:\\Users\\USER\\Desktop\\BSIT-3A-IPT2\\Restor-Laravel-App\\vendor\\laravel\\framework\\src\\Illuminate\\Foundation\\Http\\Middleware\\VerifyCsrfToken.php(87): Illuminate\\Pipeline\\Pipeline->Illuminate\\Pipeline\\{closure}(Object(Illuminate\\Http\\Request))
#8 C:\\Users\\USER\\Desktop\\BSIT-3A-IPT2\\Restor-Laravel-App\\vendor\\laravel\\framework\\src\\Illuminate\\Pipeline\\Pipeline.php(219): Illuminate\\Foundation\\Http\\Middleware\\VerifyCsrfToken->handle(Object(Illuminate\\Http\\Request), Object(Closure))
#9 C:\\Users\\USER\\Desktop\\BSIT-3A-IPT2\\Restor-Laravel-App\\vendor\\laravel\\framework\\src\\Illuminate\\View\\Middleware\\ShareErrorsFromSession.php(48): Illuminate\\Pipeline\\Pipeline->Illuminate\\Pipeline\\{closure}(Object(Illuminate\\Http\\Request))
#10 C:\\Users\\USER\\Desktop\\BSIT-3A-IPT2\\Restor-Laravel-App\\vendor\\laravel\\framework\\src\\Illuminate\\Pipeline\\Pipeline.php(219): Illuminate\\View\\Middleware\\ShareErrorsFromSession->handle(Object(Illuminate\\Http\\Request), Object(Closure))
#11 C:\\Users\\USER\\Desktop\\BSIT-3A-IPT2\\Restor-Laravel-App\\vendor\\laravel\\framework\\src\\Illuminate\\Session\\Middleware\\StartSession.php(120): Illuminate\\Pipeline\\Pipeline->Illuminate\\Pipeline\\{closure}(Object(Illuminate\\Http\\Request))
#12 C:\\Users\\USER\\Desktop\\BSIT-3A-IPT2\\Restor-Laravel-App\\vendor\\laravel\\framework\\src\\Illuminate\\Session\\Middleware\\StartSession.php(63): Illuminate\\Session\\Middleware\\StartSession->handleStatefulRequest(Object(Illuminate\\Http\\Request), Object(Illuminate\\Session\\Store), Object(Closure))
#13 C:\\Users\\USER\\Desktop\\BSIT-3A-IPT2\\Restor-Laravel-App\\vendor\\laravel\\framework\\src\\Illuminate\\Pipeline\\Pipeline.php(219): Illuminate\\Session\\Middleware\\StartSession->handle(Object(Illuminate\\Http\\Request), Object(Closure))
#14 C:\\Users\\USER\\Desktop\\BSIT-3A-IPT2\\Restor-Laravel-App\\vendor\\laravel\\framework\\src\\Illuminate\\Cookie\\Middleware\\AddQueuedCookiesToResponse.php(36): Illuminate\\Pipeline\\Pipeline->Illuminate\\Pipeline\\{closure}(Object(Illuminate\\Http\\Request))
#15 C:\\Users\\USER\\Desktop\\BSIT-3A-IPT2\\Restor-Laravel-App\\vendor\\laravel\\framework\\src\\Illuminate\\Pipeline\\Pipeline.php(219): Illuminate\\Cookie\\Middleware\\AddQueuedCookiesToResponse->handle(Object(Illuminate\\Http\\Request), Object(Closure))
#16 C:\\Users\\USER\\Desktop\\BSIT-3A-IPT2\\Restor-Laravel-App\\vendor\\laravel\\framework\\src\\Illuminate\\Cookie\\Middleware\\EncryptCookies.php(74): Illuminate\\Pipeline\\Pipeline->Illuminate\\Pipeline\\{closure}(Object(Illuminate\\Http\\Request))
#17 C:\\Users\\USER\\Desktop\\BSIT-3A-IPT2\\Restor-Laravel-App\\vendor\\laravel\\framework\\src\\Illuminate\\Pipeline\\Pipeline.php(219): Illuminate\\Cookie\\Middleware\\EncryptCookies->handle(Object(Illuminate\\Http\\Request), Object(Closure))
#18 C:\\Users\\USER\\Desktop\\BSIT-3A-IPT2\\Restor-Laravel-App\\vendor\\laravel\\framework\\src\\Illuminate\\Pipeline\\Pipeline.php(137): Illuminate\\Pipeline\\Pipeline->Illuminate\\Pipeline\\{closure}(Object(Illuminate\\Http\\Request))
#19 C:\\Users\\USER\\Desktop\\BSIT-3A-IPT2\\Restor-Laravel-App\\vendor\\laravel\\framework\\src\\Illuminate\\Routing\\Router.php(821): Illuminate\\Pipeline\\Pipeline->then(Object(Closure))
#20 C:\\Users\\USER\\Desktop\\BSIT-3A-IPT2\\Restor-Laravel-App\\vendor\\laravel\\framework\\src\\Illuminate\\Routing\\Router.php(800): Illuminate\\Routing\\Router->runRouteWithinStack(Object(Illuminate\\Routing\\Route), Object(Illuminate\\Http\\Request))
#21 C:\\Users\\USER\\Desktop\\BSIT-3A-IPT2\\Restor-Laravel-App\\vendor\\laravel\\framework\\src\\Illuminate\\Routing\\Router.php(764): Illuminate\\Routing\\Router->runRoute(Object(Illuminate\\Http\\Request), Object(Illuminate\\Routing\\Route))
#22 C:\\Users\\USER\\Desktop\\BSIT-3A-IPT2\\Restor-Laravel-App\\vendor\\laravel\\framework\\src\\Illuminate\\Routing\\Router.php(753): Illuminate\\Routing\\Router->dispatchToRoute(Object(Illuminate\\Http\\Request))
#23 C:\\Users\\USER\\Desktop\\BSIT-3A-IPT2\\Restor-Laravel-App\\vendor\\laravel\\framework\\src\\Illuminate\\Foundation\\Http\\Kernel.php(200): Illuminate\\Routing\\Router->dispatch(Object(Illuminate\\Http\\Request))
#24 C:\\Users\\USER\\Desktop\\BSIT-3A-IPT2\\Restor-Laravel-App\\vendor\\laravel\\framework\\src\\Illuminate\\Pipeline\\Pipeline.php(180): Illuminate\\Foundation\\Http\\Kernel->Illuminate\\Foundation\\Http\\{closure}(Object(Illuminate\\Http\\Request))
#25 C:\\Users\\USER\\Desktop\\BSIT-3A-IPT2\\Restor-Laravel-App\\vendor\\laravel\\framework\\src\\Illuminate\\Foundation\\Http\\Middleware\\TransformsRequest.php(21): Illuminate\\Pipeline\\Pipeline->Illuminate\\Pipeline\\{closure}(Object(Illuminate\\Http\\Request))
#26 C:\\Users\\USER\\Desktop\\BSIT-3A-IPT2\\Restor-Laravel-App\\vendor\\laravel\\framework\\src\\Illuminate\\Foundation\\Http\\Middleware\\ConvertEmptyStringsToNull.php(31): Illuminate\\Foundation\\Http\\Middleware\\TransformsRequest->handle(Object(Illuminate\\Http\\Request), Object(Closure))
#27 C:\\Users\\USER\\Desktop\\BSIT-3A-IPT2\\Restor-Laravel-App\\vendor\\laravel\\framework\\src\\Illuminate\\Pipeline\\Pipeline.php(219): Illuminate\\Foundation\\Http\\Middleware\\ConvertEmptyStringsToNull->handle(Object(Illuminate\\Http\\Request), Object(Closure))
#28 C:\\Users\\USER\\Desktop\\BSIT-3A-IPT2\\Restor-Laravel-App\\vendor\\laravel\\framework\\src\\Illuminate\\Foundation\\Http\\Middleware\\TransformsRequest.php(21): Illuminate\\Pipeline\\Pipeline->Illuminate\\Pipeline\\{closure}(Object(Illuminate\\Http\\Request))
#29 C:\\Users\\USER\\Desktop\\BSIT-3A-IPT2\\Restor-Laravel-App\\vendor\\laravel\\framework\\src\\Illuminate\\Foundation\\Http\\Middleware\\TrimStrings.php(51): Illuminate\\Foundation\\Http\\Middleware\\TransformsRequest->handle(Object(Illuminate\\Http\\Request), Object(Closure))
#30 C:\\Users\\USER\\Desktop\\BSIT-3A-IPT2\\Restor-Laravel-App\\vendor\\laravel\\framework\\src\\Illuminate\\Pipeline\\Pipeline.php(219): Illuminate\\Foundation\\Http\\Middleware\\TrimStrings->handle(Object(Illuminate\\Http\\Request), Object(Closure))
#31 C:\\Users\\USER\\Desktop\\BSIT-3A-IPT2\\Restor-Laravel-App\\vendor\\laravel\\framework\\src\\Illuminate\\Http\\Middleware\\ValidatePostSize.php(27): Illuminate\\Pipeline\\Pipeline->Illuminate\\Pipeline\\{closure}(Object(Illuminate\\Http\\Request))
#32 C:\\Users\\USER\\Desktop\\BSIT-3A-IPT2\\Restor-Laravel-App\\vendor\\laravel\\framework\\src\\Illuminate\\Pipeline\\Pipeline.php(219): Illuminate\\Http\\Middleware\\ValidatePostSize->handle(Object(Illuminate\\Http\\Request), Object(Closure))
#33 C:\\Users\\USER\\Desktop\\BSIT-3A-IPT2\\Restor-Laravel-App\\vendor\\laravel\\framework\\src\\Illuminate\\Foundation\\Http\\Middleware\\PreventRequestsDuringMaintenance.php(109): Illuminate\\Pipeline\\Pipeline->Illuminate\\Pipeline\\{closure}(Object(Illuminate\\Http\\Request))
#34 C:\\Users\\USER\\Desktop\\BSIT-3A-IPT2\\Restor-Laravel-App\\vendor\\laravel\\framework\\src\\Illuminate\\Pipeline\\Pipeline.php(219): Illuminate\\Foundation\\Http\\Middleware\\PreventRequestsDuringMaintenance->handle(Object(Illuminate\\Http\\Request), Object(Closure))
#35 C:\\Users\\USER\\Desktop\\BSIT-3A-IPT2\\Restor-Laravel-App\\vendor\\laravel\\framework\\src\\Illuminate\\Http\\Middleware\\HandleCors.php(48): Illuminate\\Pipeline\\Pipeline->Illuminate\\Pipeline\\{closure}(Object(Illuminate\\Http\\Request))
#36 C:\\Users\\USER\\Desktop\\BSIT-3A-IPT2\\Restor-Laravel-App\\vendor\\laravel\\framework\\src\\Illuminate\\Pipeline\\Pipeline.php(219): Illuminate\\Http\\Middleware\\HandleCors->handle(Object(Illuminate\\Http\\Request), Object(Closure))
#37 C:\\Users\\USER\\Desktop\\BSIT-3A-IPT2\\Restor-Laravel-App\\vendor\\laravel\\framework\\src\\Illuminate\\Http\\Middleware\\TrustProxies.php(58): Illuminate\\Pipeline\\Pipeline->Illuminate\\Pipeline\\{closure}(Object(Illuminate\\Http\\Request))
#38 C:\\Users\\USER\\Desktop\\BSIT-3A-IPT2\\Restor-Laravel-App\\vendor\\laravel\\framework\\src\\Illuminate\\Pipeline\\Pipeline.php(219): Illuminate\\Http\\Middleware\\TrustProxies->handle(Object(Illuminate\\Http\\Request), Object(Closure))
#39 C:\\Users\\USER\\Desktop\\BSIT-3A-IPT2\\Restor-Laravel-App\\vendor\\laravel\\framework\\src\\Illuminate\\Foundation\\Http\\Middleware\\InvokeDeferredCallbacks.php(22): Illuminate\\Pipeline\\Pipeline->Illuminate\\Pipeline\\{closure}(Object(Illuminate\\Http\\Request))
#40 C:\\Users\\USER\\Desktop\\BSIT-3A-IPT2\\Restor-Laravel-App\\vendor\\laravel\\framework\\src\\Illuminate\\Pipeline\\Pipeline.php(219): Illuminate\\Foundation\\Http\\Middleware\\InvokeDeferredCallbacks->handle(Object(Illuminate\\Http\\Request), Object(Closure))
#41 C:\\Users\\USER\\Desktop\\BSIT-3A-IPT2\\Restor-Laravel-App\\vendor\\laravel\\framework\\src\\Illuminate\\Http\\Middleware\\ValidatePathEncoding.php(26): Illuminate\\Pipeline\\Pipeline->Illuminate\\Pipeline\\{closure}(Object(Illuminate\\Http\\Request))
#42 C:\\Users\\USER\\Desktop\\BSIT-3A-IPT2\\Restor-Laravel-App\\vendor\\laravel\\framework\\src\\Illuminate\\Pipeline\\Pipeline.php(219): Illuminate\\Http\\Middleware\\ValidatePathEncoding->handle(Object(Illuminate\\Http\\Request), Object(Closure))
#43 C:\\Users\\USER\\Desktop\\BSIT-3A-IPT2\\Restor-Laravel-App\\vendor\\laravel\\framework\\src\\Illuminate\\Pipeline\\Pipeline.php(137): Illuminate\\Pipeline\\Pipeline->Illuminate\\Pipeline\\{closure}(Object(Illuminate\\Http\\Request))
#44 C:\\Users\\USER\\Desktop\\BSIT-3A-IPT2\\Restor-Laravel-App\\vendor\\laravel\\framework\\src\\Illuminate\\Foundation\\Http\\Kernel.php(175): Illuminate\\Pipeline\\Pipeline->then(Object(Closure))
#45 C:\\Users\\USER\\Desktop\\BSIT-3A-IPT2\\Restor-Laravel-App\\vendor\\laravel\\framework\\src\\Illuminate\\Foundation\\Http\\Kernel.php(144): Illuminate\\Foundation\\Http\\Kernel->sendRequestThroughRouter(Object(Illuminate\\Http\\Request))
#46 C:\\Users\\USER\\Desktop\\BSIT-3A-IPT2\\Restor-Laravel-App\\vendor\\laravel\\framework\\src\\Illuminate\\Foundation\\Application.php(1220): Illuminate\\Foundation\\Http\\Kernel->handle(Object(Illuminate\\Http\\Request))
#47 C:\\Users\\USER\\Desktop\\BSIT-3A-IPT2\\Restor-Laravel-App\\public\\index.php(20): Illuminate\\Foundation\\Application->handleRequest(Object(Illuminate\\Http\\Request))
#48 C:\\Users\\USER\\Desktop\\BSIT-3A-IPT2\\Restor-Laravel-App\\vendor\\laravel\\framework\\src\\Illuminate\\Foundation\\resources\\server.php(23): require_once('C:\\\\Users\\\\USER\\\\D...')
#49 {main}

[previous exception] [object] (ReflectionException(code: -1): Class \"admin\" does not exist at C:\\Users\\USER\\Desktop\\BSIT-3A-IPT2\\Restor-Laravel-App\\vendor\\laravel\\framework\\src\\Illuminate\\Container\\Container.php:1161)
[stacktrace]
#0 C:\\Users\\USER\\Desktop\\BSIT-3A-IPT2\\Restor-Laravel-App\\vendor\\laravel\\framework\\src\\Illuminate\\Container\\Container.php(1161): ReflectionClass->__construct('admin')
#1 C:\\Users\\USER\\Desktop\\BSIT-3A-IPT2\\Restor-Laravel-App\\vendor\\laravel\\framework\\src\\Illuminate\\Container\\Container.php(972): Illuminate\\Container\\Container->build('admin')
#2 C:\\Users\\USER\\Desktop\\BSIT-3A-IPT2\\Restor-Laravel-App\\vendor\\laravel\\framework\\src\\Illuminate\\Foundation\\Application.php(1078): Illuminate\\Container\\Container->resolve('admin', Array, true)
#3 C:\\Users\\USER\\Desktop\\BSIT-3A-IPT2\\Restor-Laravel-App\\vendor\\laravel\\framework\\src\\Illuminate\\Container\\Container.php(903): Illuminate\\Foundation\\Application->resolve('admin', Array)
#4 C:\\Users\\USER\\Desktop\\BSIT-3A-IPT2\\Restor-Laravel-App\\vendor\\laravel\\framework\\src\\Illuminate\\Foundation\\Application.php(1058): Illuminate\\Container\\Container->make('admin', Array)
#5 C:\\Users\\USER\\Desktop\\BSIT-3A-IPT2\\Restor-Laravel-App\\vendor\\laravel\\framework\\src\\Illuminate\\Pipeline\\Pipeline.php(208): Illuminate\\Foundation\\Application->make('admin')
#6 C:\\Users\\USER\\Desktop\\BSIT-3A-IPT2\\Restor-Laravel-App\\vendor\\laravel\\framework\\src\\Illuminate\\Routing\\Middleware\\SubstituteBindings.php(50): Illuminate\\Pipeline\\Pipeline->Illuminate\\Pipeline\\{closure}(Object(Illuminate\\Http\\Request))
#7 C:\\Users\\USER\\Desktop\\BSIT-3A-IPT2\\Restor-Laravel-App\\vendor\\laravel\\framework\\src\\Illuminate\\Pipeline\\Pipeline.php(219): Illuminate\\Routing\\Middleware\\SubstituteBindings->handle(Object(Illuminate\\Http\\Request), Object(Closure))
#8 C:\\Users\\USER\\Desktop\\BSIT-3A-IPT2\\Restor-Laravel-App\\vendor\\laravel\\framework\\src\\Illuminate\\Foundation\\Http\\Middleware\\VerifyCsrfToken.php(87): Illuminate\\Pipeline\\Pipeline->Illuminate\\Pipeline\\{closure}(Object(Illuminate\\Http\\Request))
#9 C:\\Users\\USER\\Desktop\\BSIT-3A-IPT2\\Restor-Laravel-App\\vendor\\laravel\\framework\\src\\Illuminate\\Pipeline\\Pipeline.php(219): Illuminate\\Foundation\\Http\\Middleware\\VerifyCsrfToken->handle(Object(Illuminate\\Http\\Request), Object(Closure))
#10 C:\\Users\\USER\\Desktop\\BSIT-3A-IPT2\\Restor-Laravel-App\\vendor\\laravel\\framework\\src\\Illuminate\\View\\Middleware\\ShareErrorsFromSession.php(48): Illuminate\\Pipeline\\Pipeline->Illuminate\\Pipeline\\{closure}(Object(Illuminate\\Http\\Request))
#11 C:\\Users\\USER\\Desktop\\BSIT-3A-IPT2\\Restor-Laravel-App\\vendor\\laravel\\framework\\src\\Illuminate\\Pipeline\\Pipeline.php(219): Illuminate\\View\\Middleware\\ShareErrorsFromSession->handle(Object(Illuminate\\Http\\Request), Object(Closure))
#12 C:\\Users\\USER\\Desktop\\BSIT-3A-IPT2\\Restor-Laravel-App\\vendor\\laravel\\framework\\src\\Illuminate\\Session\\Middleware\\StartSession.php(120): Illuminate\\Pipeline\\Pipeline->Illuminate\\Pipeline\\{closure}(Object(Illuminate\\Http\\Request))
#13 C:\\Users\\USER\\Desktop\\BSIT-3A-IPT2\\Restor-Laravel-App\\vendor\\laravel\\framework\\src\\Illuminate\\Session\\Middleware\\StartSession.php(63): Illuminate\\Session\\Middleware\\StartSession->handleStatefulRequest(Object(Illuminate\\Http\\Request), Object(Illuminate\\Session\\Store), Object(Closure))
#14 C:\\Users\\USER\\Desktop\\BSIT-3A-IPT2\\Restor-Laravel-App\\vendor\\laravel\\framework\\src\\Illuminate\\Pipeline\\Pipeline.php(219): Illuminate\\Session\\Middleware\\StartSession->handle(Object(Illuminate\\Http\\Request), Object(Closure))
#15 C:\\Users\\USER\\Desktop\\BSIT-3A-IPT2\\Restor-Laravel-App\\vendor\\laravel\\framework\\src\\Illuminate\\Cookie\\Middleware\\AddQueuedCookiesToResponse.php(36): Illuminate\\Pipeline\\Pipeline->Illuminate\\Pipeline\\{closure}(Object(Illuminate\\Http\\Request))
#16 C:\\Users\\USER\\Desktop\\BSIT-3A-IPT2\\Restor-Laravel-App\\vendor\\laravel\\framework\\src\\Illuminate\\Pipeline\\Pipeline.php(219): Illuminate\\Cookie\\Middleware\\AddQueuedCookiesToResponse->handle(Object(Illuminate\\Http\\Request), Object(Closure))
#17 C:\\Users\\USER\\Desktop\\BSIT-3A-IPT2\\Restor-Laravel-App\\vendor\\laravel\\framework\\src\\Illuminate\\Cookie\\Middleware\\EncryptCookies.php(74): Illuminate\\Pipeline\\Pipeline->Illuminate\\Pipeline\\{closure}(Object(Illuminate\\Http\\Request))
#18 C:\\Users\\USER\\Desktop\\BSIT-3A-IPT2\\Restor-Laravel-App\\vendor\\laravel\\framework\\src\\Illuminate\\Pipeline\\Pipeline.php(219): Illuminate\\Cookie\\Middleware\\EncryptCookies->handle(Object(Illuminate\\Http\\Request), Object(Closure))
#19 C:\\Users\\USER\\Desktop\\BSIT-3A-IPT2\\Restor-Laravel-App\\vendor\\laravel\\framework\\src\\Illuminate\\Pipeline\\Pipeline.php(137): Illuminate\\Pipeline\\Pipeline->Illuminate\\Pipeline\\{closure}(Object(Illuminate\\Http\\Request))
#20 C:\\Users\\USER\\Desktop\\BSIT-3A-IPT2\\Restor-Laravel-App\\vendor\\laravel\\framework\\src\\Illuminate\\Routing\\Router.php(821): Illuminate\\Pipeline\\Pipeline->then(Object(Closure))
#21 C:\\Users\\USER\\Desktop\\BSIT-3A-IPT2\\Restor-Laravel-App\\vendor\\laravel\\framework\\src\\Illuminate\\Routing\\Router.php(800): Illuminate\\Routing\\Router->runRouteWithinStack(Object(Illuminate\\Routing\\Route), Object(Illuminate\\Http\\Request))
#22 C:\\Users\\USER\\Desktop\\BSIT-3A-IPT2\\Restor-Laravel-App\\vendor\\laravel\\framework\\src\\Illuminate\\Routing\\Router.php(764): Illuminate\\Routing\\Router->runRoute(Object(Illuminate\\Http\\Request), Object(Illuminate\\Routing\\Route))
#23 C:\\Users\\USER\\Desktop\\BSIT-3A-IPT2\\Restor-Laravel-App\\vendor\\laravel\\framework\\src\\Illuminate\\Routing\\Router.php(753): Illuminate\\Routing\\Router->dispatchToRoute(Object(Illuminate\\Http\\Request))
#24 C:\\Users\\USER\\Desktop\\BSIT-3A-IPT2\\Restor-Laravel-App\\vendor\\laravel\\framework\\src\\Illuminate\\Foundation\\Http\\Kernel.php(200): Illuminate\\Routing\\Router->dispatch(Object(Illuminate\\Http\\Request))
#25 C:\\Users\\USER\\Desktop\\BSIT-3A-IPT2\\Restor-Laravel-App\\vendor\\laravel\\framework\\src\\Illuminate\\Pipeline\\Pipeline.php(180): Illuminate\\Foundation\\Http\\Kernel->Illuminate\\Foundation\\Http\\{closure}(Object(Illuminate\\Http\\Request))
#26 C:\\Users\\USER\\Desktop\\BSIT-3A-IPT2\\Restor-Laravel-App\\vendor\\laravel\\framework\\src\\Illuminate\\Foundation\\Http\\Middleware\\TransformsRequest.php(21): Illuminate\\Pipeline\\Pipeline->Illuminate\\Pipeline\\{closure}(Object(Illuminate\\Http\\Request))
#27 C:\\Users\\USER\\Desktop\\BSIT-3A-IPT2\\Restor-Laravel-App\\vendor\\laravel\\framework\\src\\Illuminate\\Foundation\\Http\\Middleware\\ConvertEmptyStringsToNull.php(31): Illuminate\\Foundation\\Http\\Middleware\\TransformsRequest->handle(Object(Illuminate\\Http\\Request), Object(Closure))
#28 C:\\Users\\USER\\Desktop\\BSIT-3A-IPT2\\Restor-Laravel-App\\vendor\\laravel\\framework\\src\\Illuminate\\Pipeline\\Pipeline.php(219): Illuminate\\Foundation\\Http\\Middleware\\ConvertEmptyStringsToNull->handle(Object(Illuminate\\Http\\Request), Object(Closure))
#29 C:\\Users\\USER\\Desktop\\BSIT-3A-IPT2\\Restor-Laravel-App\\vendor\\laravel\\framework\\src\\Illuminate\\Foundation\\Http\\Middleware\\TransformsRequest.php(21): Illuminate\\Pipeline\\Pipeline->Illuminate\\Pipeline\\{closure}(Object(Illuminate\\Http\\Request))
#30 C:\\Users\\USER\\Desktop\\BSIT-3A-IPT2\\Restor-Laravel-App\\vendor\\laravel\\framework\\src\\Illuminate\\Foundation\\Http\\Middleware\\TrimStrings.php(51): Illuminate\\Foundation\\Http\\Middleware\\TransformsRequest->handle(Object(Illuminate\\Http\\Request), Object(Closure))
#31 C:\\Users\\USER\\Desktop\\BSIT-3A-IPT2\\Restor-Laravel-App\\vendor\\laravel\\framework\\src\\Illuminate\\Pipeline\\Pipeline.php(219): Illuminate\\Foundation\\Http\\Middleware\\TrimStrings->handle(Object(Illuminate\\Http\\Request), Object(Closure))
#32 C:\\Users\\USER\\Desktop\\BSIT-3A-IPT2\\Restor-Laravel-App\\vendor\\laravel\\framework\\src\\Illuminate\\Http\\Middleware\\ValidatePostSize.php(27): Illuminate\\Pipeline\\Pipeline->Illuminate\\Pipeline\\{closure}(Object(Illuminate\\Http\\Request))
#33 C:\\Users\\USER\\Desktop\\BSIT-3A-IPT2\\Restor-Laravel-App\\vendor\\laravel\\framework\\src\\Illuminate\\Pipeline\\Pipeline.php(219): Illuminate\\Http\\Middleware\\ValidatePostSize->handle(Object(Illuminate\\Http\\Request), Object(Closure))
#34 C:\\Users\\USER\\Desktop\\BSIT-3A-IPT2\\Restor-Laravel-App\\vendor\\laravel\\framework\\src\\Illuminate\\Foundation\\Http\\Middleware\\PreventRequestsDuringMaintenance.php(109): Illuminate\\Pipeline\\Pipeline->Illuminate\\Pipeline\\{closure}(Object(Illuminate\\Http\\Request))
#35 C:\\Users\\USER\\Desktop\\BSIT-3A-IPT2\\Restor-Laravel-App\\vendor\\laravel\\framework\\src\\Illuminate\\Pipeline\\Pipeline.php(219): Illuminate\\Foundation\\Http\\Middleware\\PreventRequestsDuringMaintenance->handle(Object(Illuminate\\Http\\Request), Object(Closure))
#36 C:\\Users\\USER\\Desktop\\BSIT-3A-IPT2\\Restor-Laravel-App\\vendor\\laravel\\framework\\src\\Illuminate\\Http\\Middleware\\HandleCors.php(48): Illuminate\\Pipeline\\Pipeline->Illuminate\\Pipeline\\{closure}(Object(Illuminate\\Http\\Request))
#37 C:\\Users\\USER\\Desktop\\BSIT-3A-IPT2\\Restor-Laravel-App\\vendor\\laravel\\framework\\src\\Illuminate\\Pipeline\\Pipeline.php(219): Illuminate\\Http\\Middleware\\HandleCors->handle(Object(Illuminate\\Http\\Request), Object(Closure))
#38 C:\\Users\\USER\\Desktop\\BSIT-3A-IPT2\\Restor-Laravel-App\\vendor\\laravel\\framework\\src\\Illuminate\\Http\\Middleware\\TrustProxies.php(58): Illuminate\\Pipeline\\Pipeline->Illuminate\\Pipeline\\{closure}(Object(Illuminate\\Http\\Request))
#39 C:\\Users\\USER\\Desktop\\BSIT-3A-IPT2\\Restor-Laravel-App\\vendor\\laravel\\framework\\src\\Illuminate\\Pipeline\\Pipeline.php(219): Illuminate\\Http\\Middleware\\TrustProxies->handle(Object(Illuminate\\Http\\Request), Object(Closure))
#40 C:\\Users\\USER\\Desktop\\BSIT-3A-IPT2\\Restor-Laravel-App\\vendor\\laravel\\framework\\src\\Illuminate\\Foundation\\Http\\Middleware\\InvokeDeferredCallbacks.php(22): Illuminate\\Pipeline\\Pipeline->Illuminate\\Pipeline\\{closure}(Object(Illuminate\\Http\\Request))
#41 C:\\Users\\USER\\Desktop\\BSIT-3A-IPT2\\Restor-Laravel-App\\vendor\\laravel\\framework\\src\\Illuminate\\Pipeline\\Pipeline.php(219): Illuminate\\Foundation\\Http\\Middleware\\InvokeDeferredCallbacks->handle(Object(Illuminate\\Http\\Request), Object(Closure))
#42 C:\\Users\\USER\\Desktop\\BSIT-3A-IPT2\\Restor-Laravel-App\\vendor\\laravel\\framework\\src\\Illuminate\\Http\\Middleware\\ValidatePathEncoding.php(26): Illuminate\\Pipeline\\Pipeline->Illuminate\\Pipeline\\{closure}(Object(Illuminate\\Http\\Request))
#43 C:\\Users\\USER\\Desktop\\BSIT-3A-IPT2\\Restor-Laravel-App\\vendor\\laravel\\framework\\src\\Illuminate\\Pipeline\\Pipeline.php(219): Illuminate\\Http\\Middleware\\ValidatePathEncoding->handle(Object(Illuminate\\Http\\Request), Object(Closure))
#44 C:\\Users\\USER\\Desktop\\BSIT-3A-IPT2\\Restor-Laravel-App\\vendor\\laravel\\framework\\src\\Illuminate\\Pipeline\\Pipeline.php(137): Illuminate\\Pipeline\\Pipeline->Illuminate\\Pipeline\\{closure}(Object(Illuminate\\Http\\Request))
#45 C:\\Users\\USER\\Desktop\\BSIT-3A-IPT2\\Restor-Laravel-App\\vendor\\laravel\\framework\\src\\Illuminate\\Foundation\\Http\\Kernel.php(175): Illuminate\\Pipeline\\Pipeline->then(Object(Closure))
#46 C:\\Users\\USER\\Desktop\\BSIT-3A-IPT2\\Restor-Laravel-App\\vendor\\laravel\\framework\\src\\Illuminate\\Foundation\\Http\\Kernel.php(144): Illuminate\\Foundation\\Http\\Kernel->sendRequestThroughRouter(Object(Illuminate\\Http\\Request))
#47 C:\\Users\\USER\\Desktop\\BSIT-3A-IPT2\\Restor-Laravel-App\\vendor\\laravel\\framework\\src\\Illuminate\\Foundation\\Application.php(1220): Illuminate\\Foundation\\Http\\Kernel->handle(Object(Illuminate\\Http\\Request))
#48 C:\\Users\\USER\\Desktop\\BSIT-3A-IPT2\\Restor-Laravel-App\\public\\index.php(20): Illuminate\\Foundation\\Application->handleRequest(Object(Illuminate\\Http\\Request))
#49 C:\\Users\\USER\\Desktop\\BSIT-3A-IPT2\\Restor-Laravel-App\\vendor\\laravel\\framework\\src\\Illuminate\\Foundation\\resources\\server.php(23): require_once('C:\\\\Users\\\\USER\\\\D...')
#50 {main}
"} 
[2025-11-02 18:28:37] local.ERROR: Target class [admin] does not exist. {"userId":1,"exception":"[object] (Illuminate\\Contracts\\Container\\BindingResolutionException(code: 0): Target class [admin] does not exist. at C:\\Users\\USER\\Desktop\\BSIT-3A-IPT2\\Restor-Laravel-App\\vendor\\laravel\\framework\\src\\Illuminate\\Container\\Container.php:1163)
[stacktrace]
#0 C:\\Users\\USER\\Desktop\\BSIT-3A-IPT2\\Restor-Laravel-App\\vendor\\laravel\\framework\\src\\Illuminate\\Container\\Container.php(972): Illuminate\\Container\\Container->build('admin')
#1 C:\\Users\\USER\\Desktop\\BSIT-3A-IPT2\\Restor-Laravel-App\\vendor\\laravel\\framework\\src\\Illuminate\\Foundation\\Application.php(1078): Illuminate\\Container\\Container->resolve('admin', Array, true)
#2 C:\\Users\\USER\\Desktop\\BSIT-3A-IPT2\\Restor-Laravel-App\\vendor\\laravel\\framework\\src\\Illuminate\\Container\\Container.php(903): Illuminate\\Foundation\\Application->resolve('admin', Array)
#3 C:\\Users\\USER\\Desktop\\BSIT-3A-IPT2\\Restor-Laravel-App\\vendor\\laravel\\framework\\src\\Illuminate\\Foundation\\Application.php(1058): Illuminate\\Container\\Container->make('admin', Array)
#4 C:\\Users\\USER\\Desktop\\BSIT-3A-IPT2\\Restor-Laravel-App\\vendor\\laravel\\framework\\src\\Illuminate\\Foundation\\Http\\Kernel.php(257): Illuminate\\Foundation\\Application->make('admin')
#5 C:\\Users\\USER\\Desktop\\BSIT-3A-IPT2\\Restor-Laravel-App\\vendor\\laravel\\framework\\src\\Illuminate\\Foundation\\Http\\Kernel.php(215): Illuminate\\Foundation\\Http\\Kernel->terminateMiddleware(Object(Illuminate\\Http\\Request), Object(Illuminate\\Http\\Response))
#6 C:\\Users\\USER\\Desktop\\BSIT-3A-IPT2\\Restor-Laravel-App\\vendor\\laravel\\framework\\src\\Illuminate\\Foundation\\Application.php(1222): Illuminate\\Foundation\\Http\\Kernel->terminate(Object(Illuminate\\Http\\Request), Object(Illuminate\\Http\\Response))
#7 C:\\Users\\USER\\Desktop\\BSIT-3A-IPT2\\Restor-Laravel-App\\public\\index.php(20): Illuminate\\Foundation\\Application->handleRequest(Object(Illuminate\\Http\\Request))
#8 C:\\Users\\USER\\Desktop\\BSIT-3A-IPT2\\Restor-Laravel-App\\vendor\\laravel\\framework\\src\\Illuminate\\Foundation\\resources\\server.php(23): require_once('C:\\\\Users\\\\USER\\\\D...')
#9 {main}

[previous exception] [object] (ReflectionException(code: -1): Class \"admin\" does not exist at C:\\Users\\USER\\Desktop\\BSIT-3A-IPT2\\Restor-Laravel-App\\vendor\\laravel\\framework\\src\\Illuminate\\Container\\Container.php:1161)
[stacktrace]
#0 C:\\Users\\USER\\Desktop\\BSIT-3A-IPT2\\Restor-Laravel-App\\vendor\\laravel\\framework\\src\\Illuminate\\Container\\Container.php(1161): ReflectionClass->__construct('admin')
#1 C:\\Users\\USER\\Desktop\\BSIT-3A-IPT2\\Restor-Laravel-App\\vendor\\laravel\\framework\\src\\Illuminate\\Container\\Container.php(972): Illuminate\\Container\\Container->build('admin')
#2 C:\\Users\\USER\\Desktop\\BSIT-3A-IPT2\\Restor-Laravel-App\\vendor\\laravel\\framework\\src\\Illuminate\\Foundation\\Application.php(1078): Illuminate\\Container\\Container->resolve('admin', Array, true)
#3 C:\\Users\\USER\\Desktop\\BSIT-3A-IPT2\\Restor-Laravel-App\\vendor\\laravel\\framework\\src\\Illuminate\\Container\\Container.php(903): Illuminate\\Foundation\\Application->resolve('admin', Array)
#4 C:\\Users\\USER\\Desktop\\BSIT-3A-IPT2\\Restor-Laravel-App\\vendor\\laravel\\framework\\src\\Illuminate\\Foundation\\Application.php(1058): Illuminate\\Container\\Container->make('admin', Array)
#5 C:\\Users\\USER\\Desktop\\BSIT-3A-IPT2\\Restor-Laravel-App\\vendor\\laravel\\framework\\src\\Illuminate\\Foundation\\Http\\Kernel.php(257): Illuminate\\Foundation\\Application->make('admin')
#6 C:\\Users\\USER\\Desktop\\BSIT-3A-IPT2\\Restor-Laravel-App\\vendor\\laravel\\framework\\src\\Illuminate\\Foundation\\Http\\Kernel.php(215): Illuminate\\Foundation\\Http\\Kernel->terminateMiddleware(Object(Illuminate\\Http\\Request), Object(Illuminate\\Http\\Response))
#7 C:\\Users\\USER\\Desktop\\BSIT-3A-IPT2\\Restor-Laravel-App\\vendor\\laravel\\framework\\src\\Illuminate\\Foundation\\Application.php(1222): Illuminate\\Foundation\\Http\\Kernel->terminate(Object(Illuminate\\Http\\Request), Object(Illuminate\\Http\\Response))
#8 C:\\Users\\USER\\Desktop\\BSIT-3A-IPT2\\Restor-Laravel-App\\public\\index.php(20): Illuminate\\Foundation\\Application->handleRequest(Object(Illuminate\\Http\\Request))
#9 C:\\Users\\USER\\Desktop\\BSIT-3A-IPT2\\Restor-Laravel-App\\vendor\\laravel\\framework\\src\\Illuminate\\Foundation\\resources\\server.php(23): require_once('C:\\\\Users\\\\USER\\\\D...')
#10 {main}
"} 
[2025-11-02 18:39:49] local.ERROR: Expected response code "354" but got code "550", with message "550 5.7.0 Too many emails per second. Please upgrade your plan https://mailtrap.io/billing/plans/testing". {"userId":3,"exception":"[object] (Symfony\\Component\\Mailer\\Exception\\UnexpectedResponseException(code: 550): Expected response code \"354\" but got code \"550\", with message \"550 5.7.0 Too many emails per second. Please upgrade your plan https://mailtrap.io/billing/plans/testing\". at C:\\Users\\USER\\Desktop\\BSIT-3A-IPT2\\Restor-Laravel-App\\vendor\\symfony\\mailer\\Transport\\Smtp\\SmtpTransport.php:342)
[stacktrace]
#0 C:\\Users\\USER\\Desktop\\BSIT-3A-IPT2\\Restor-Laravel-App\\vendor\\symfony\\mailer\\Transport\\Smtp\\SmtpTransport.php(198): Symfony\\Component\\Mailer\\Transport\\Smtp\\SmtpTransport->assertResponseCode('550 5.7.0 Too m...', Array)
#1 C:\\Users\\USER\\Desktop\\BSIT-3A-IPT2\\Restor-Laravel-App\\vendor\\symfony\\mailer\\Transport\\Smtp\\EsmtpTransport.php(150): Symfony\\Component\\Mailer\\Transport\\Smtp\\SmtpTransport->executeCommand('DATA\\r\\n', Array)
#2 C:\\Users\\USER\\Desktop\\BSIT-3A-IPT2\\Restor-Laravel-App\\vendor\\symfony\\mailer\\Transport\\Smtp\\SmtpTransport.php(220): Symfony\\Component\\Mailer\\Transport\\Smtp\\EsmtpTransport->executeCommand('DATA\\r\\n', Array)
#3 C:\\Users\\USER\\Desktop\\BSIT-3A-IPT2\\Restor-Laravel-App\\vendor\\symfony\\mailer\\Transport\\AbstractTransport.php(69): Symfony\\Component\\Mailer\\Transport\\Smtp\\SmtpTransport->doSend(Object(Symfony\\Component\\Mailer\\SentMessage))
#4 C:\\Users\\USER\\Desktop\\BSIT-3A-IPT2\\Restor-Laravel-App\\vendor\\symfony\\mailer\\Transport\\Smtp\\SmtpTransport.php(138): Symfony\\Component\\Mailer\\Transport\\AbstractTransport->send(Object(Symfony\\Component\\Mime\\Email), Object(Symfony\\Component\\Mailer\\DelayedEnvelope))
#5 C:\\Users\\USER\\Desktop\\BSIT-3A-IPT2\\Restor-Laravel-App\\vendor\\laravel\\framework\\src\\Illuminate\\Mail\\Mailer.php(584): Symfony\\Component\\Mailer\\Transport\\Smtp\\SmtpTransport->send(Object(Symfony\\Component\\Mime\\Email), Object(Symfony\\Component\\Mailer\\DelayedEnvelope))
#6 C:\\Users\\USER\\Desktop\\BSIT-3A-IPT2\\Restor-Laravel-App\\vendor\\laravel\\framework\\src\\Illuminate\\Mail\\Mailer.php(331): Illuminate\\Mail\\Mailer->sendSymfonyMessage(Object(Symfony\\Component\\Mime\\Email))
#7 C:\\Users\\USER\\Desktop\\BSIT-3A-IPT2\\Restor-Laravel-App\\vendor\\laravel\\framework\\src\\Illuminate\\Notifications\\Channels\\MailChannel.php(66): Illuminate\\Mail\\Mailer->send(Object(Closure), Array, Object(Closure))
#8 C:\\Users\\USER\\Desktop\\BSIT-3A-IPT2\\Restor-Laravel-App\\vendor\\laravel\\framework\\src\\Illuminate\\Notifications\\NotificationSender.php(163): Illuminate\\Notifications\\Channels\\MailChannel->send(Object(App\\Models\\User), Object(Illuminate\\Auth\\Notifications\\VerifyEmail))
#9 C:\\Users\\USER\\Desktop\\BSIT-3A-IPT2\\Restor-Laravel-App\\vendor\\laravel\\framework\\src\\Illuminate\\Notifications\\NotificationSender.php(118): Illuminate\\Notifications\\NotificationSender->sendToNotifiable(Object(App\\Models\\User), '6675d44e-d8e5-4...', Object(Illuminate\\Auth\\Notifications\\VerifyEmail), 'mail')
#10 C:\\Users\\USER\\Desktop\\BSIT-3A-IPT2\\Restor-Laravel-App\\vendor\\laravel\\framework\\src\\Illuminate\\Support\\Traits\\Localizable.php(19): Illuminate\\Notifications\\NotificationSender->Illuminate\\Notifications\\{closure}()
#11 C:\\Users\\USER\\Desktop\\BSIT-3A-IPT2\\Restor-Laravel-App\\vendor\\laravel\\framework\\src\\Illuminate\\Notifications\\NotificationSender.php(113): Illuminate\\Notifications\\NotificationSender->withLocale(NULL, Object(Closure))
#12 C:\\Users\\USER\\Desktop\\BSIT-3A-IPT2\\Restor-Laravel-App\\vendor\\laravel\\framework\\src\\Illuminate\\Notifications\\NotificationSender.php(91): Illuminate\\Notifications\\NotificationSender->sendNow(Object(Illuminate\\Database\\Eloquent\\Collection), Object(Illuminate\\Auth\\Notifications\\VerifyEmail))
#13 C:\\Users\\USER\\Desktop\\BSIT-3A-IPT2\\Restor-Laravel-App\\vendor\\laravel\\framework\\src\\Illuminate\\Notifications\\ChannelManager.php(39): Illuminate\\Notifications\\NotificationSender->send(Object(Illuminate\\Database\\Eloquent\\Collection), Object(Illuminate\\Auth\\Notifications\\VerifyEmail))
#14 C:\\Users\\USER\\Desktop\\BSIT-3A-IPT2\\Restor-Laravel-App\\vendor\\laravel\\framework\\src\\Illuminate\\Notifications\\RoutesNotifications.php(18): Illuminate\\Notifications\\ChannelManager->send(Object(App\\Models\\User), Object(Illuminate\\Auth\\Notifications\\VerifyEmail))
#15 C:\\Users\\USER\\Desktop\\BSIT-3A-IPT2\\Restor-Laravel-App\\vendor\\laravel\\framework\\src\\Illuminate\\Auth\\MustVerifyEmail.php(38): App\\Models\\User->notify(Object(Illuminate\\Auth\\Notifications\\VerifyEmail))
#16 C:\\Users\\USER\\Desktop\\BSIT-3A-IPT2\\Restor-Laravel-App\\app\\Http\\Controllers\\Auth\\EmailVerificationNotificationController.php(20): Illuminate\\Foundation\\Auth\\User->sendEmailVerificationNotification()
#17 C:\\Users\\USER\\Desktop\\BSIT-3A-IPT2\\Restor-Laravel-App\\vendor\\laravel\\framework\\src\\Illuminate\\Routing\\Controller.php(54): App\\Http\\Controllers\\Auth\\EmailVerificationNotificationController->store(Object(Illuminate\\Http\\Request))
#18 C:\\Users\\USER\\Desktop\\BSIT-3A-IPT2\\Restor-Laravel-App\\vendor\\laravel\\framework\\src\\Illuminate\\Routing\\ControllerDispatcher.php(43): Illuminate\\Routing\\Controller->callAction('store', Array)
#19 C:\\Users\\USER\\Desktop\\BSIT-3A-IPT2\\Restor-Laravel-App\\vendor\\laravel\\framework\\src\\Illuminate\\Routing\\Route.php(265): Illuminate\\Routing\\ControllerDispatcher->dispatch(Object(Illuminate\\Routing\\Route), Object(App\\Http\\Controllers\\Auth\\EmailVerificationNotificationController), 'store')
#20 C:\\Users\\USER\\Desktop\\BSIT-3A-IPT2\\Restor-Laravel-App\\vendor\\laravel\\framework\\src\\Illuminate\\Routing\\Route.php(211): Illuminate\\Routing\\Route->runController()
#21 C:\\Users\\USER\\Desktop\\BSIT-3A-IPT2\\Restor-Laravel-App\\vendor\\laravel\\framework\\src\\Illuminate\\Routing\\Router.php(822): Illuminate\\Routing\\Route->run()
#22 C:\\Users\\USER\\Desktop\\BSIT-3A-IPT2\\Restor-Laravel-App\\vendor\\laravel\\framework\\src\\Illuminate\\Pipeline\\Pipeline.php(180): Illuminate\\Routing\\Router->Illuminate\\Routing\\{closure}(Object(Illuminate\\Http\\Request))
#23 C:\\Users\\USER\\Desktop\\BSIT-3A-IPT2\\Restor-Laravel-App\\vendor\\laravel\\framework\\src\\Illuminate\\Routing\\Middleware\\SubstituteBindings.php(50): Illuminate\\Pipeline\\Pipeline->Illuminate\\Pipeline\\{closure}(Object(Illuminate\\Http\\Request))
#24 C:\\Users\\USER\\Desktop\\BSIT-3A-IPT2\\Restor-Laravel-App\\vendor\\laravel\\framework\\src\\Illuminate\\Pipeline\\Pipeline.php(219): Illuminate\\Routing\\Middleware\\SubstituteBindings->handle(Object(Illuminate\\Http\\Request), Object(Closure))
#25 C:\\Users\\USER\\Desktop\\BSIT-3A-IPT2\\Restor-Laravel-App\\vendor\\laravel\\framework\\src\\Illuminate\\Routing\\Middleware\\ThrottleRequests.php(166): Illuminate\\Pipeline\\Pipeline->Illuminate\\Pipeline\\{closure}(Object(Illuminate\\Http\\Request))
#26 C:\\Users\\USER\\Desktop\\BSIT-3A-IPT2\\Restor-Laravel-App\\vendor\\laravel\\framework\\src\\Illuminate\\Routing\\Middleware\\ThrottleRequests.php(93): Illuminate\\Routing\\Middleware\\ThrottleRequests->handleRequest(Object(Illuminate\\Http\\Request), Object(Closure), Array)
#27 C:\\Users\\USER\\Desktop\\BSIT-3A-IPT2\\Restor-Laravel-App\\vendor\\laravel\\framework\\src\\Illuminate\\Pipeline\\Pipeline.php(219): Illuminate\\Routing\\Middleware\\ThrottleRequests->handle(Object(Illuminate\\Http\\Request), Object(Closure), '6', '1')
#28 C:\\Users\\USER\\Desktop\\BSIT-3A-IPT2\\Restor-Laravel-App\\vendor\\laravel\\framework\\src\\Illuminate\\Auth\\Middleware\\Authenticate.php(63): Illuminate\\Pipeline\\Pipeline->Illuminate\\Pipeline\\{closure}(Object(Illuminate\\Http\\Request))
#29 C:\\Users\\USER\\Desktop\\BSIT-3A-IPT2\\Restor-Laravel-App\\vendor\\laravel\\framework\\src\\Illuminate\\Pipeline\\Pipeline.php(219): Illuminate\\Auth\\Middleware\\Authenticate->handle(Object(Illuminate\\Http\\Request), Object(Closure))
#30 C:\\Users\\USER\\Desktop\\BSIT-3A-IPT2\\Restor-Laravel-App\\vendor\\laravel\\framework\\src\\Illuminate\\Foundation\\Http\\Middleware\\VerifyCsrfToken.php(87): Illuminate\\Pipeline\\Pipeline->Illuminate\\Pipeline\\{closure}(Object(Illuminate\\Http\\Request))
#31 C:\\Users\\USER\\Desktop\\BSIT-3A-IPT2\\Restor-Laravel-App\\vendor\\laravel\\framework\\src\\Illuminate\\Pipeline\\Pipeline.php(219): Illuminate\\Foundation\\Http\\Middleware\\VerifyCsrfToken->handle(Object(Illuminate\\Http\\Request), Object(Closure))
#32 C:\\Users\\USER\\Desktop\\BSIT-3A-IPT2\\Restor-Laravel-App\\vendor\\laravel\\framework\\src\\Illuminate\\View\\Middleware\\ShareErrorsFromSession.php(48): Illuminate\\Pipeline\\Pipeline->Illuminate\\Pipeline\\{closure}(Object(Illuminate\\Http\\Request))
#33 C:\\Users\\USER\\Desktop\\BSIT-3A-IPT2\\Restor-Laravel-App\\vendor\\laravel\\framework\\src\\Illuminate\\Pipeline\\Pipeline.php(219): Illuminate\\View\\Middleware\\ShareErrorsFromSession->handle(Object(Illuminate\\Http\\Request), Object(Closure))
#34 C:\\Users\\USER\\Desktop\\BSIT-3A-IPT2\\Restor-Laravel-App\\vendor\\laravel\\framework\\src\\Illuminate\\Session\\Middleware\\StartSession.php(120): Illuminate\\Pipeline\\Pipeline->Illuminate\\Pipeline\\{closure}(Object(Illuminate\\Http\\Request))
#35 C:\\Users\\USER\\Desktop\\BSIT-3A-IPT2\\Restor-Laravel-App\\vendor\\laravel\\framework\\src\\Illuminate\\Session\\Middleware\\StartSession.php(63): Illuminate\\Session\\Middleware\\StartSession->handleStatefulRequest(Object(Illuminate\\Http\\Request), Object(Illuminate\\Session\\Store), Object(Closure))
#36 C:\\Users\\USER\\Desktop\\BSIT-3A-IPT2\\Restor-Laravel-App\\vendor\\laravel\\framework\\src\\Illuminate\\Pipeline\\Pipeline.php(219): Illuminate\\Session\\Middleware\\StartSession->handle(Object(Illuminate\\Http\\Request), Object(Closure))
#37 C:\\Users\\USER\\Desktop\\BSIT-3A-IPT2\\Restor-Laravel-App\\vendor\\laravel\\framework\\src\\Illuminate\\Cookie\\Middleware\\AddQueuedCookiesToResponse.php(36): Illuminate\\Pipeline\\Pipeline->Illuminate\\Pipeline\\{closure}(Object(Illuminate\\Http\\Request))
#38 C:\\Users\\USER\\Desktop\\BSIT-3A-IPT2\\Restor-Laravel-App\\vendor\\laravel\\framework\\src\\Illuminate\\Pipeline\\Pipeline.php(219): Illuminate\\Cookie\\Middleware\\AddQueuedCookiesToResponse->handle(Object(Illuminate\\Http\\Request), Object(Closure))
#39 C:\\Users\\USER\\Desktop\\BSIT-3A-IPT2\\Restor-Laravel-App\\vendor\\laravel\\framework\\src\\Illuminate\\Cookie\\Middleware\\EncryptCookies.php(74): Illuminate\\Pipeline\\Pipeline->Illuminate\\Pipeline\\{closure}(Object(Illuminate\\Http\\Request))
#40 C:\\Users\\USER\\Desktop\\BSIT-3A-IPT2\\Restor-Laravel-App\\vendor\\laravel\\framework\\src\\Illuminate\\Pipeline\\Pipeline.php(219): Illuminate\\Cookie\\Middleware\\EncryptCookies->handle(Object(Illuminate\\Http\\Request), Object(Closure))
#41 C:\\Users\\USER\\Desktop\\BSIT-3A-IPT2\\Restor-Laravel-App\\vendor\\laravel\\framework\\src\\Illuminate\\Pipeline\\Pipeline.php(137): Illuminate\\Pipeline\\Pipeline->Illuminate\\Pipeline\\{closure}(Object(Illuminate\\Http\\Request))
#42 C:\\Users\\USER\\Desktop\\BSIT-3A-IPT2\\Restor-Laravel-App\\vendor\\laravel\\framework\\src\\Illuminate\\Routing\\Router.php(821): Illuminate\\Pipeline\\Pipeline->then(Object(Closure))
#43 C:\\Users\\USER\\Desktop\\BSIT-3A-IPT2\\Restor-Laravel-App\\vendor\\laravel\\framework\\src\\Illuminate\\Routing\\Router.php(800): Illuminate\\Routing\\Router->runRouteWithinStack(Object(Illuminate\\Routing\\Route), Object(Illuminate\\Http\\Request))
#44 C:\\Users\\USER\\Desktop\\BSIT-3A-IPT2\\Restor-Laravel-App\\vendor\\laravel\\framework\\src\\Illuminate\\Routing\\Router.php(764): Illuminate\\Routing\\Router->runRoute(Object(Illuminate\\Http\\Request), Object(Illuminate\\Routing\\Route))
#45 C:\\Users\\USER\\Desktop\\BSIT-3A-IPT2\\Restor-Laravel-App\\vendor\\laravel\\framework\\src\\Illuminate\\Routing\\Router.php(753): Illuminate\\Routing\\Router->dispatchToRoute(Object(Illuminate\\Http\\Request))
#46 C:\\Users\\USER\\Desktop\\BSIT-3A-IPT2\\Restor-Laravel-App\\vendor\\laravel\\framework\\src\\Illuminate\\Foundation\\Http\\Kernel.php(200): Illuminate\\Routing\\Router->dispatch(Object(Illuminate\\Http\\Request))
#47 C:\\Users\\USER\\Desktop\\BSIT-3A-IPT2\\Restor-Laravel-App\\vendor\\laravel\\framework\\src\\Illuminate\\Pipeline\\Pipeline.php(180): Illuminate\\Foundation\\Http\\Kernel->Illuminate\\Foundation\\Http\\{closure}(Object(Illuminate\\Http\\Request))
#48 C:\\Users\\USER\\Desktop\\BSIT-3A-IPT2\\Restor-Laravel-App\\vendor\\laravel\\framework\\src\\Illuminate\\Foundation\\Http\\Middleware\\TransformsRequest.php(21): Illuminate\\Pipeline\\Pipeline->Illuminate\\Pipeline\\{closure}(Object(Illuminate\\Http\\Request))
#49 C:\\Users\\USER\\Desktop\\BSIT-3A-IPT2\\Restor-Laravel-App\\vendor\\laravel\\framework\\src\\Illuminate\\Foundation\\Http\\Middleware\\ConvertEmptyStringsToNull.php(31): Illuminate\\Foundation\\Http\\Middleware\\TransformsRequest->handle(Object(Illuminate\\Http\\Request), Object(Closure))
#50 C:\\Users\\USER\\Desktop\\BSIT-3A-IPT2\\Restor-Laravel-App\\vendor\\laravel\\framework\\src\\Illuminate\\Pipeline\\Pipeline.php(219): Illuminate\\Foundation\\Http\\Middleware\\ConvertEmptyStringsToNull->handle(Object(Illuminate\\Http\\Request), Object(Closure))
#51 C:\\Users\\USER\\Desktop\\BSIT-3A-IPT2\\Restor-Laravel-App\\vendor\\laravel\\framework\\src\\Illuminate\\Foundation\\Http\\Middleware\\TransformsRequest.php(21): Illuminate\\Pipeline\\Pipeline->Illuminate\\Pipeline\\{closure}(Object(Illuminate\\Http\\Request))
#52 C:\\Users\\USER\\Desktop\\BSIT-3A-IPT2\\Restor-Laravel-App\\vendor\\laravel\\framework\\src\\Illuminate\\Foundation\\Http\\Middleware\\TrimStrings.php(51): Illuminate\\Foundation\\Http\\Middleware\\TransformsRequest->handle(Object(Illuminate\\Http\\Request), Object(Closure))
#53 C:\\Users\\USER\\Desktop\\BSIT-3A-IPT2\\Restor-Laravel-App\\vendor\\laravel\\framework\\src\\Illuminate\\Pipeline\\Pipeline.php(219): Illuminate\\Foundation\\Http\\Middleware\\TrimStrings->handle(Object(Illuminate\\Http\\Request), Object(Closure))
#54 C:\\Users\\USER\\Desktop\\BSIT-3A-IPT2\\Restor-Laravel-App\\vendor\\laravel\\framework\\src\\Illuminate\\Http\\Middleware\\ValidatePostSize.php(27): Illuminate\\Pipeline\\Pipeline->Illuminate\\Pipeline\\{closure}(Object(Illuminate\\Http\\Request))
#55 C:\\Users\\USER\\Desktop\\BSIT-3A-IPT2\\Restor-Laravel-App\\vendor\\laravel\\framework\\src\\Illuminate\\Pipeline\\Pipeline.php(219): Illuminate\\Http\\Middleware\\ValidatePostSize->handle(Object(Illuminate\\Http\\Request), Object(Closure))
#56 C:\\Users\\USER\\Desktop\\BSIT-3A-IPT2\\Restor-Laravel-App\\vendor\\laravel\\framework\\src\\Illuminate\\Foundation\\Http\\Middleware\\PreventRequestsDuringMaintenance.php(109): Illuminate\\Pipeline\\Pipeline->Illuminate\\Pipeline\\{closure}(Object(Illuminate\\Http\\Request))
#57 C:\\Users\\USER\\Desktop\\BSIT-3A-IPT2\\Restor-Laravel-App\\vendor\\laravel\\framework\\src\\Illuminate\\Pipeline\\Pipeline.php(219): Illuminate\\Foundation\\Http\\Middleware\\PreventRequestsDuringMaintenance->handle(Object(Illuminate\\Http\\Request), Object(Closure))
#58 C:\\Users\\USER\\Desktop\\BSIT-3A-IPT2\\Restor-Laravel-App\\vendor\\laravel\\framework\\src\\Illuminate\\Http\\Middleware\\HandleCors.php(48): Illuminate\\Pipeline\\Pipeline->Illuminate\\Pipeline\\{closure}(Object(Illuminate\\Http\\Request))
#59 C:\\Users\\USER\\Desktop\\BSIT-3A-IPT2\\Restor-Laravel-App\\vendor\\laravel\\framework\\src\\Illuminate\\Pipeline\\Pipeline.php(219): Illuminate\\Http\\Middleware\\HandleCors->handle(Object(Illuminate\\Http\\Request), Object(Closure))
#60 C:\\Users\\USER\\Desktop\\BSIT-3A-IPT2\\Restor-Laravel-App\\vendor\\laravel\\framework\\src\\Illuminate\\Http\\Middleware\\TrustProxies.php(58): Illuminate\\Pipeline\\Pipeline->Illuminate\\Pipeline\\{closure}(Object(Illuminate\\Http\\Request))
#61 C:\\Users\\USER\\Desktop\\BSIT-3A-IPT2\\Restor-Laravel-App\\vendor\\laravel\\framework\\src\\Illuminate\\Pipeline\\Pipeline.php(219): Illuminate\\Http\\Middleware\\TrustProxies->handle(Object(Illuminate\\Http\\Request), Object(Closure))
#62 C:\\Users\\USER\\Desktop\\BSIT-3A-IPT2\\Restor-Laravel-App\\vendor\\laravel\\framework\\src\\Illuminate\\Foundation\\Http\\Middleware\\InvokeDeferredCallbacks.php(22): Illuminate\\Pipeline\\Pipeline->Illuminate\\Pipeline\\{closure}(Object(Illuminate\\Http\\Request))
#63 C:\\Users\\USER\\Desktop\\BSIT-3A-IPT2\\Restor-Laravel-App\\vendor\\laravel\\framework\\src\\Illuminate\\Pipeline\\Pipeline.php(219): Illuminate\\Foundation\\Http\\Middleware\\InvokeDeferredCallbacks->handle(Object(Illuminate\\Http\\Request), Object(Closure))
#64 C:\\Users\\USER\\Desktop\\BSIT-3A-IPT2\\Restor-Laravel-App\\vendor\\laravel\\framework\\src\\Illuminate\\Http\\Middleware\\ValidatePathEncoding.php(26): Illuminate\\Pipeline\\Pipeline->Illuminate\\Pipeline\\{closure}(Object(Illuminate\\Http\\Request))
#65 C:\\Users\\USER\\Desktop\\BSIT-3A-IPT2\\Restor-Laravel-App\\vendor\\laravel\\framework\\src\\Illuminate\\Pipeline\\Pipeline.php(219): Illuminate\\Http\\Middleware\\ValidatePathEncoding->handle(Object(Illuminate\\Http\\Request), Object(Closure))
#66 C:\\Users\\USER\\Desktop\\BSIT-3A-IPT2\\Restor-Laravel-App\\vendor\\laravel\\framework\\src\\Illuminate\\Pipeline\\Pipeline.php(137): Illuminate\\Pipeline\\Pipeline->Illuminate\\Pipeline\\{closure}(Object(Illuminate\\Http\\Request))
#67 C:\\Users\\USER\\Desktop\\BSIT-3A-IPT2\\Restor-Laravel-App\\vendor\\laravel\\framework\\src\\Illuminate\\Foundation\\Http\\Kernel.php(175): Illuminate\\Pipeline\\Pipeline->then(Object(Closure))
#68 C:\\Users\\USER\\Desktop\\BSIT-3A-IPT2\\Restor-Laravel-App\\vendor\\laravel\\framework\\src\\Illuminate\\Foundation\\Http\\Kernel.php(144): Illuminate\\Foundation\\Http\\Kernel->sendRequestThroughRouter(Object(Illuminate\\Http\\Request))
#69 C:\\Users\\USER\\Desktop\\BSIT-3A-IPT2\\Restor-Laravel-App\\vendor\\laravel\\framework\\src\\Illuminate\\Foundation\\Application.php(1220): Illuminate\\Foundation\\Http\\Kernel->handle(Object(Illuminate\\Http\\Request))
#70 C:\\Users\\USER\\Desktop\\BSIT-3A-IPT2\\Restor-Laravel-App\\public\\index.php(20): Illuminate\\Foundation\\Application->handleRequest(Object(Illuminate\\Http\\Request))
#71 C:\\Users\\USER\\Desktop\\BSIT-3A-IPT2\\Restor-Laravel-App\\vendor\\laravel\\framework\\src\\Illuminate\\Foundation\\resources\\server.php(23): require_once('C:\\\\Users\\\\USER\\\\D...')
#72 {main}
"} 
[2025-11-02 19:01:25] local.ERROR: This password does not use the Bcrypt algorithm. {"exception":"[object] (RuntimeException(code: 0): This password does not use the Bcrypt algorithm. at C:\\Users\\USER\\Desktop\\BSIT-3A-IPT2\\Restor-Laravel-App\\vendor\\laravel\\framework\\src\\Illuminate\\Hashing\\BcryptHasher.php:88)
[stacktrace]
#0 C:\\Users\\USER\\Desktop\\BSIT-3A-IPT2\\Restor-Laravel-App\\vendor\\laravel\\framework\\src\\Illuminate\\Hashing\\HashManager.php(76): Illuminate\\Hashing\\BcryptHasher->check(Object(SensitiveParameterValue), 'password', Array)
#1 C:\\Users\\USER\\Desktop\\BSIT-3A-IPT2\\Restor-Laravel-App\\vendor\\laravel\\framework\\src\\Illuminate\\Auth\\EloquentUserProvider.php(158): Illuminate\\Hashing\\HashManager->check(Object(SensitiveParameterValue), 'password')
#2 C:\\Users\\USER\\Desktop\\BSIT-3A-IPT2\\Restor-Laravel-App\\vendor\\laravel\\framework\\src\\Illuminate\\Auth\\SessionGuard.php(481): Illuminate\\Auth\\EloquentUserProvider->validateCredentials(Object(App\\Models\\User), Object(SensitiveParameterValue))
#3 C:\\Users\\USER\\Desktop\\BSIT-3A-IPT2\\Restor-Laravel-App\\vendor\\laravel\\framework\\src\\Illuminate\\Auth\\SessionGuard.php(419): Illuminate\\Auth\\SessionGuard->hasValidCredentials(Object(App\\Models\\User), Array)
#4 C:\\Users\\USER\\Desktop\\BSIT-3A-IPT2\\Restor-Laravel-App\\vendor\\laravel\\framework\\src\\Illuminate\\Support\\Timebox.php(34): Illuminate\\Auth\\SessionGuard->Illuminate\\Auth\\{closure}(Object(Illuminate\\Support\\Timebox))
#5 C:\\Users\\USER\\Desktop\\BSIT-3A-IPT2\\Restor-Laravel-App\\vendor\\laravel\\framework\\src\\Illuminate\\Auth\\SessionGuard.php(411): Illuminate\\Support\\Timebox->call(Object(Closure), 200000)
#6 C:\\Users\\USER\\Desktop\\BSIT-3A-IPT2\\Restor-Laravel-App\\vendor\\laravel\\framework\\src\\Illuminate\\Auth\\AuthManager.php(333): Illuminate\\Auth\\SessionGuard->attempt(Array, false)
#7 C:\\Users\\USER\\Desktop\\BSIT-3A-IPT2\\Restor-Laravel-App\\vendor\\laravel\\framework\\src\\Illuminate\\Support\\Facades\\Facade.php(363): Illuminate\\Auth\\AuthManager->__call('attempt', Array)
#8 C:\\Users\\USER\\Desktop\\BSIT-3A-IPT2\\Restor-Laravel-App\\app\\Http\\Requests\\Auth\\LoginRequest.php(44): Illuminate\\Support\\Facades\\Facade::__callStatic('attempt', Array)
#9 C:\\Users\\USER\\Desktop\\BSIT-3A-IPT2\\Restor-Laravel-App\\app\\Http\\Controllers\\Auth\\AuthenticatedSessionController.php(27): App\\Http\\Requests\\Auth\\LoginRequest->authenticate()
#10 C:\\Users\\USER\\Desktop\\BSIT-3A-IPT2\\Restor-Laravel-App\\vendor\\laravel\\framework\\src\\Illuminate\\Routing\\Controller.php(54): App\\Http\\Controllers\\Auth\\AuthenticatedSessionController->store(Object(App\\Http\\Requests\\Auth\\LoginRequest))
#11 C:\\Users\\USER\\Desktop\\BSIT-3A-IPT2\\Restor-Laravel-App\\vendor\\laravel\\framework\\src\\Illuminate\\Routing\\ControllerDispatcher.php(43): Illuminate\\Routing\\Controller->callAction('store', Array)
#12 C:\\Users\\USER\\Desktop\\BSIT-3A-IPT2\\Restor-Laravel-App\\vendor\\laravel\\framework\\src\\Illuminate\\Routing\\Route.php(265): Illuminate\\Routing\\ControllerDispatcher->dispatch(Object(Illuminate\\Routing\\Route), Object(App\\Http\\Controllers\\Auth\\AuthenticatedSessionController), 'store')
#13 C:\\Users\\USER\\Desktop\\BSIT-3A-IPT2\\Restor-Laravel-App\\vendor\\laravel\\framework\\src\\Illuminate\\Routing\\Route.php(211): Illuminate\\Routing\\Route->runController()
#14 C:\\Users\\USER\\Desktop\\BSIT-3A-IPT2\\Restor-Laravel-App\\vendor\\laravel\\framework\\src\\Illuminate\\Routing\\Router.php(822): Illuminate\\Routing\\Route->run()
#15 C:\\Users\\USER\\Desktop\\BSIT-3A-IPT2\\Restor-Laravel-App\\vendor\\laravel\\framework\\src\\Illuminate\\Pipeline\\Pipeline.php(180): Illuminate\\Routing\\Router->Illuminate\\Routing\\{closure}(Object(Illuminate\\Http\\Request))
#16 C:\\Users\\USER\\Desktop\\BSIT-3A-IPT2\\Restor-Laravel-App\\vendor\\laravel\\framework\\src\\Illuminate\\Auth\\Middleware\\RedirectIfAuthenticated.php(35): Illuminate\\Pipeline\\Pipeline->Illuminate\\Pipeline\\{closure}(Object(Illuminate\\Http\\Request))
#17 C:\\Users\\USER\\Desktop\\BSIT-3A-IPT2\\Restor-Laravel-App\\vendor\\laravel\\framework\\src\\Illuminate\\Pipeline\\Pipeline.php(219): Illuminate\\Auth\\Middleware\\RedirectIfAuthenticated->handle(Object(Illuminate\\Http\\Request), Object(Closure))
#18 C:\\Users\\USER\\Desktop\\BSIT-3A-IPT2\\Restor-Laravel-App\\vendor\\laravel\\framework\\src\\Illuminate\\Routing\\Middleware\\SubstituteBindings.php(50): Illuminate\\Pipeline\\Pipeline->Illuminate\\Pipeline\\{closure}(Object(Illuminate\\Http\\Request))
#19 C:\\Users\\USER\\Desktop\\BSIT-3A-IPT2\\Restor-Laravel-App\\vendor\\laravel\\framework\\src\\Illuminate\\Pipeline\\Pipeline.php(219): Illuminate\\Routing\\Middleware\\SubstituteBindings->handle(Object(Illuminate\\Http\\Request), Object(Closure))
#20 C:\\Users\\USER\\Desktop\\BSIT-3A-IPT2\\Restor-Laravel-App\\vendor\\laravel\\framework\\src\\Illuminate\\Foundation\\Http\\Middleware\\VerifyCsrfToken.php(87): Illuminate\\Pipeline\\Pipeline->Illuminate\\Pipeline\\{closure}(Object(Illuminate\\Http\\Request))
#21 C:\\Users\\USER\\Desktop\\BSIT-3A-IPT2\\Restor-Laravel-App\\vendor\\laravel\\framework\\src\\Illuminate\\Pipeline\\Pipeline.php(219): Illuminate\\Foundation\\Http\\Middleware\\VerifyCsrfToken->handle(Object(Illuminate\\Http\\Request), Object(Closure))
#22 C:\\Users\\USER\\Desktop\\BSIT-3A-IPT2\\Restor-Laravel-App\\vendor\\laravel\\framework\\src\\Illuminate\\View\\Middleware\\ShareErrorsFromSession.php(48): Illuminate\\Pipeline\\Pipeline->Illuminate\\Pipeline\\{closure}(Object(Illuminate\\Http\\Request))
#23 C:\\Users\\USER\\Desktop\\BSIT-3A-IPT2\\Restor-Laravel-App\\vendor\\laravel\\framework\\src\\Illuminate\\Pipeline\\Pipeline.php(219): Illuminate\\View\\Middleware\\ShareErrorsFromSession->handle(Object(Illuminate\\Http\\Request), Object(Closure))
#24 C:\\Users\\USER\\Desktop\\BSIT-3A-IPT2\\Restor-Laravel-App\\vendor\\laravel\\framework\\src\\Illuminate\\Session\\Middleware\\StartSession.php(120): Illuminate\\Pipeline\\Pipeline->Illuminate\\Pipeline\\{closure}(Object(Illuminate\\Http\\Request))
#25 C:\\Users\\USER\\Desktop\\BSIT-3A-IPT2\\Restor-Laravel-App\\vendor\\laravel\\framework\\src\\Illuminate\\Session\\Middleware\\StartSession.php(63): Illuminate\\Session\\Middleware\\StartSession->handleStatefulRequest(Object(Illuminate\\Http\\Request), Object(Illuminate\\Session\\Store), Object(Closure))
#26 C:\\Users\\USER\\Desktop\\BSIT-3A-IPT2\\Restor-Laravel-App\\vendor\\laravel\\framework\\src\\Illuminate\\Pipeline\\Pipeline.php(219): Illuminate\\Session\\Middleware\\StartSession->handle(Object(Illuminate\\Http\\Request), Object(Closure))
#27 C:\\Users\\USER\\Desktop\\BSIT-3A-IPT2\\Restor-Laravel-App\\vendor\\laravel\\framework\\src\\Illuminate\\Cookie\\Middleware\\AddQueuedCookiesToResponse.php(36): Illuminate\\Pipeline\\Pipeline->Illuminate\\Pipeline\\{closure}(Object(Illuminate\\Http\\Request))
#28 C:\\Users\\USER\\Desktop\\BSIT-3A-IPT2\\Restor-Laravel-App\\vendor\\laravel\\framework\\src\\Illuminate\\Pipeline\\Pipeline.php(219): Illuminate\\Cookie\\Middleware\\AddQueuedCookiesToResponse->handle(Object(Illuminate\\Http\\Request), Object(Closure))
#29 C:\\Users\\USER\\Desktop\\BSIT-3A-IPT2\\Restor-Laravel-App\\vendor\\laravel\\framework\\src\\Illuminate\\Cookie\\Middleware\\EncryptCookies.php(74): Illuminate\\Pipeline\\Pipeline->Illuminate\\Pipeline\\{closure}(Object(Illuminate\\Http\\Request))
#30 C:\\Users\\USER\\Desktop\\BSIT-3A-IPT2\\Restor-Laravel-App\\vendor\\laravel\\framework\\src\\Illuminate\\Pipeline\\Pipeline.php(219): Illuminate\\Cookie\\Middleware\\EncryptCookies->handle(Object(Illuminate\\Http\\Request), Object(Closure))
#31 C:\\Users\\USER\\Desktop\\BSIT-3A-IPT2\\Restor-Laravel-App\\vendor\\laravel\\framework\\src\\Illuminate\\Pipeline\\Pipeline.php(137): Illuminate\\Pipeline\\Pipeline->Illuminate\\Pipeline\\{closure}(Object(Illuminate\\Http\\Request))
#32 C:\\Users\\USER\\Desktop\\BSIT-3A-IPT2\\Restor-Laravel-App\\vendor\\laravel\\framework\\src\\Illuminate\\Routing\\Router.php(821): Illuminate\\Pipeline\\Pipeline->then(Object(Closure))
#33 C:\\Users\\USER\\Desktop\\BSIT-3A-IPT2\\Restor-Laravel-App\\vendor\\laravel\\framework\\src\\Illuminate\\Routing\\Router.php(800): Illuminate\\Routing\\Router->runRouteWithinStack(Object(Illuminate\\Routing\\Route), Object(Illuminate\\Http\\Request))
#34 C:\\Users\\USER\\Desktop\\BSIT-3A-IPT2\\Restor-Laravel-App\\vendor\\laravel\\framework\\src\\Illuminate\\Routing\\Router.php(764): Illuminate\\Routing\\Router->runRoute(Object(Illuminate\\Http\\Request), Object(Illuminate\\Routing\\Route))
#35 C:\\Users\\USER\\Desktop\\BSIT-3A-IPT2\\Restor-Laravel-App\\vendor\\laravel\\framework\\src\\Illuminate\\Routing\\Router.php(753): Illuminate\\Routing\\Router->dispatchToRoute(Object(Illuminate\\Http\\Request))
#36 C:\\Users\\USER\\Desktop\\BSIT-3A-IPT2\\Restor-Laravel-App\\vendor\\laravel\\framework\\src\\Illuminate\\Foundation\\Http\\Kernel.php(200): Illuminate\\Routing\\Router->dispatch(Object(Illuminate\\Http\\Request))
#37 C:\\Users\\USER\\Desktop\\BSIT-3A-IPT2\\Restor-Laravel-App\\vendor\\laravel\\framework\\src\\Illuminate\\Pipeline\\Pipeline.php(180): Illuminate\\Foundation\\Http\\Kernel->Illuminate\\Foundation\\Http\\{closure}(Object(Illuminate\\Http\\Request))
#38 C:\\Users\\USER\\Desktop\\BSIT-3A-IPT2\\Restor-Laravel-App\\vendor\\laravel\\framework\\src\\Illuminate\\Foundation\\Http\\Middleware\\TransformsRequest.php(21): Illuminate\\Pipeline\\Pipeline->Illuminate\\Pipeline\\{closure}(Object(Illuminate\\Http\\Request))
#39 C:\\Users\\USER\\Desktop\\BSIT-3A-IPT2\\Restor-Laravel-App\\vendor\\laravel\\framework\\src\\Illuminate\\Foundation\\Http\\Middleware\\ConvertEmptyStringsToNull.php(31): Illuminate\\Foundation\\Http\\Middleware\\TransformsRequest->handle(Object(Illuminate\\Http\\Request), Object(Closure))
#40 C:\\Users\\USER\\Desktop\\BSIT-3A-IPT2\\Restor-Laravel-App\\vendor\\laravel\\framework\\src\\Illuminate\\Pipeline\\Pipeline.php(219): Illuminate\\Foundation\\Http\\Middleware\\ConvertEmptyStringsToNull->handle(Object(Illuminate\\Http\\Request), Object(Closure))
#41 C:\\Users\\USER\\Desktop\\BSIT-3A-IPT2\\Restor-Laravel-App\\vendor\\laravel\\framework\\src\\Illuminate\\Foundation\\Http\\Middleware\\TransformsRequest.php(21): Illuminate\\Pipeline\\Pipeline->Illuminate\\Pipeline\\{closure}(Object(Illuminate\\Http\\Request))
#42 C:\\Users\\USER\\Desktop\\BSIT-3A-IPT2\\Restor-Laravel-App\\vendor\\laravel\\framework\\src\\Illuminate\\Foundation\\Http\\Middleware\\TrimStrings.php(51): Illuminate\\Foundation\\Http\\Middleware\\TransformsRequest->handle(Object(Illuminate\\Http\\Request), Object(Closure))
#43 C:\\Users\\USER\\Desktop\\BSIT-3A-IPT2\\Restor-Laravel-App\\vendor\\laravel\\framework\\src\\Illuminate\\Pipeline\\Pipeline.php(219): Illuminate\\Foundation\\Http\\Middleware\\TrimStrings->handle(Object(Illuminate\\Http\\Request), Object(Closure))
#44 C:\\Users\\USER\\Desktop\\BSIT-3A-IPT2\\Restor-Laravel-App\\vendor\\laravel\\framework\\src\\Illuminate\\Http\\Middleware\\ValidatePostSize.php(27): Illuminate\\Pipeline\\Pipeline->Illuminate\\Pipeline\\{closure}(Object(Illuminate\\Http\\Request))
#45 C:\\Users\\USER\\Desktop\\BSIT-3A-IPT2\\Restor-Laravel-App\\vendor\\laravel\\framework\\src\\Illuminate\\Pipeline\\Pipeline.php(219): Illuminate\\Http\\Middleware\\ValidatePostSize->handle(Object(Illuminate\\Http\\Request), Object(Closure))
#46 C:\\Users\\USER\\Desktop\\BSIT-3A-IPT2\\Restor-Laravel-App\\vendor\\laravel\\framework\\src\\Illuminate\\Foundation\\Http\\Middleware\\PreventRequestsDuringMaintenance.php(109): Illuminate\\Pipeline\\Pipeline->Illuminate\\Pipeline\\{closure}(Object(Illuminate\\Http\\Request))
#47 C:\\Users\\USER\\Desktop\\BSIT-3A-IPT2\\Restor-Laravel-App\\vendor\\laravel\\framework\\src\\Illuminate\\Pipeline\\Pipeline.php(219): Illuminate\\Foundation\\Http\\Middleware\\PreventRequestsDuringMaintenance->handle(Object(Illuminate\\Http\\Request), Object(Closure))
#48 C:\\Users\\USER\\Desktop\\BSIT-3A-IPT2\\Restor-Laravel-App\\vendor\\laravel\\framework\\src\\Illuminate\\Http\\Middleware\\HandleCors.php(48): Illuminate\\Pipeline\\Pipeline->Illuminate\\Pipeline\\{closure}(Object(Illuminate\\Http\\Request))
#49 C:\\Users\\USER\\Desktop\\BSIT-3A-IPT2\\Restor-Laravel-App\\vendor\\laravel\\framework\\src\\Illuminate\\Pipeline\\Pipeline.php(219): Illuminate\\Http\\Middleware\\HandleCors->handle(Object(Illuminate\\Http\\Request), Object(Closure))
#50 C:\\Users\\USER\\Desktop\\BSIT-3A-IPT2\\Restor-Laravel-App\\vendor\\laravel\\framework\\src\\Illuminate\\Http\\Middleware\\TrustProxies.php(58): Illuminate\\Pipeline\\Pipeline->Illuminate\\Pipeline\\{closure}(Object(Illuminate\\Http\\Request))
#51 C:\\Users\\USER\\Desktop\\BSIT-3A-IPT2\\Restor-Laravel-App\\vendor\\laravel\\framework\\src\\Illuminate\\Pipeline\\Pipeline.php(219): Illuminate\\Http\\Middleware\\TrustProxies->handle(Object(Illuminate\\Http\\Request), Object(Closure))
#52 C:\\Users\\USER\\Desktop\\BSIT-3A-IPT2\\Restor-Laravel-App\\vendor\\laravel\\framework\\src\\Illuminate\\Foundation\\Http\\Middleware\\InvokeDeferredCallbacks.php(22): Illuminate\\Pipeline\\Pipeline->Illuminate\\Pipeline\\{closure}(Object(Illuminate\\Http\\Request))
#53 C:\\Users\\USER\\Desktop\\BSIT-3A-IPT2\\Restor-Laravel-App\\vendor\\laravel\\framework\\src\\Illuminate\\Pipeline\\Pipeline.php(219): Illuminate\\Foundation\\Http\\Middleware\\InvokeDeferredCallbacks->handle(Object(Illuminate\\Http\\Request), Object(Closure))
#54 C:\\Users\\USER\\Desktop\\BSIT-3A-IPT2\\Restor-Laravel-App\\vendor\\laravel\\framework\\src\\Illuminate\\Http\\Middleware\\ValidatePathEncoding.php(26): Illuminate\\Pipeline\\Pipeline->Illuminate\\Pipeline\\{closure}(Object(Illuminate\\Http\\Request))
#55 C:\\Users\\USER\\Desktop\\BSIT-3A-IPT2\\Restor-Laravel-App\\vendor\\laravel\\framework\\src\\Illuminate\\Pipeline\\Pipeline.php(219): Illuminate\\Http\\Middleware\\ValidatePathEncoding->handle(Object(Illuminate\\Http\\Request), Object(Closure))
#56 C:\\Users\\USER\\Desktop\\BSIT-3A-IPT2\\Restor-Laravel-App\\vendor\\laravel\\framework\\src\\Illuminate\\Pipeline\\Pipeline.php(137): Illuminate\\Pipeline\\Pipeline->Illuminate\\Pipeline\\{closure}(Object(Illuminate\\Http\\Request))
#57 C:\\Users\\USER\\Desktop\\BSIT-3A-IPT2\\Restor-Laravel-App\\vendor\\laravel\\framework\\src\\Illuminate\\Foundation\\Http\\Kernel.php(175): Illuminate\\Pipeline\\Pipeline->then(Object(Closure))
#58 C:\\Users\\USER\\Desktop\\BSIT-3A-IPT2\\Restor-Laravel-App\\vendor\\laravel\\framework\\src\\Illuminate\\Foundation\\Http\\Kernel.php(144): Illuminate\\Foundation\\Http\\Kernel->sendRequestThroughRouter(Object(Illuminate\\Http\\Request))
#59 C:\\Users\\USER\\Desktop\\BSIT-3A-IPT2\\Restor-Laravel-App\\vendor\\laravel\\framework\\src\\Illuminate\\Foundation\\Application.php(1220): Illuminate\\Foundation\\Http\\Kernel->handle(Object(Illuminate\\Http\\Request))
#60 C:\\Users\\USER\\Desktop\\BSIT-3A-IPT2\\Restor-Laravel-App\\public\\index.php(20): Illuminate\\Foundation\\Application->handleRequest(Object(Illuminate\\Http\\Request))
#61 C:\\Users\\USER\\Desktop\\BSIT-3A-IPT2\\Restor-Laravel-App\\vendor\\laravel\\framework\\src\\Illuminate\\Foundation\\resources\\server.php(23): require_once('C:\\\\Users\\\\USER\\\\D...')
#62 {main}
"} 
[2025-11-02 19:17:19] local.ERROR: Cannot declare class App\Http\Controllers\Admin\ProfilePhotoController, because the name is already in use {"exception":"[object] (Symfony\\Component\\ErrorHandler\\Error\\FatalError(code: 0): Cannot declare class App\\Http\\Controllers\\Admin\\ProfilePhotoController, because the name is already in use at C:\\Users\\USER\\Desktop\\BSIT-3A-IPT2\\Restor-Laravel-App\\app\\Http\\Controllers\\ProfilePhotoController.php:10)
[stacktrace]
#0 {main}
"} 
[2025-11-02 19:17:33] local.ERROR: Cannot declare class App\Http\Controllers\Admin\ProfilePhotoController, because the name is already in use {"exception":"[object] (Symfony\\Component\\ErrorHandler\\Error\\FatalError(code: 0): Cannot declare class App\\Http\\Controllers\\Admin\\ProfilePhotoController, because the name is already in use at C:\\Users\\USER\\Desktop\\BSIT-3A-IPT2\\Restor-Laravel-App\\app\\Http\\Controllers\\ProfilePhotoController.php:10)
[stacktrace]
#0 {main}
"} 
[2025-11-02 19:25:55] local.ERROR: Target class [admin] does not exist. {"userId":3,"exception":"[object] (Illuminate\\Contracts\\Container\\BindingResolutionException(code: 0): Target class [admin] does not exist. at C:\\Users\\USER\\Desktop\\BSIT-3A-IPT2\\Restor-Laravel-App\\vendor\\laravel\\framework\\src\\Illuminate\\Container\\Container.php:1163)
[stacktrace]
#0 C:\\Users\\USER\\Desktop\\BSIT-3A-IPT2\\Restor-Laravel-App\\vendor\\laravel\\framework\\src\\Illuminate\\Container\\Container.php(972): Illuminate\\Container\\Container->build('admin')
#1 C:\\Users\\USER\\Desktop\\BSIT-3A-IPT2\\Restor-Laravel-App\\vendor\\laravel\\framework\\src\\Illuminate\\Foundation\\Application.php(1078): Illuminate\\Container\\Container->resolve('admin', Array, true)
#2 C:\\Users\\USER\\Desktop\\BSIT-3A-IPT2\\Restor-Laravel-App\\vendor\\laravel\\framework\\src\\Illuminate\\Container\\Container.php(903): Illuminate\\Foundation\\Application->resolve('admin', Array)
#3 C:\\Users\\USER\\Desktop\\BSIT-3A-IPT2\\Restor-Laravel-App\\vendor\\laravel\\framework\\src\\Illuminate\\Foundation\\Application.php(1058): Illuminate\\Container\\Container->make('admin', Array)
#4 C:\\Users\\USER\\Desktop\\BSIT-3A-IPT2\\Restor-Laravel-App\\vendor\\laravel\\framework\\src\\Illuminate\\Pipeline\\Pipeline.php(208): Illuminate\\Foundation\\Application->make('admin')
#5 C:\\Users\\USER\\Desktop\\BSIT-3A-IPT2\\Restor-Laravel-App\\vendor\\laravel\\framework\\src\\Illuminate\\Routing\\Middleware\\SubstituteBindings.php(50): Illuminate\\Pipeline\\Pipeline->Illuminate\\Pipeline\\{closure}(Object(Illuminate\\Http\\Request))
#6 C:\\Users\\USER\\Desktop\\BSIT-3A-IPT2\\Restor-Laravel-App\\vendor\\laravel\\framework\\src\\Illuminate\\Pipeline\\Pipeline.php(219): Illuminate\\Routing\\Middleware\\SubstituteBindings->handle(Object(Illuminate\\Http\\Request), Object(Closure))
#7 C:\\Users\\USER\\Desktop\\BSIT-3A-IPT2\\Restor-Laravel-App\\vendor\\laravel\\framework\\src\\Illuminate\\Foundation\\Http\\Middleware\\VerifyCsrfToken.php(87): Illuminate\\Pipeline\\Pipeline->Illuminate\\Pipeline\\{closure}(Object(Illuminate\\Http\\Request))
#8 C:\\Users\\USER\\Desktop\\BSIT-3A-IPT2\\Restor-Laravel-App\\vendor\\laravel\\framework\\src\\Illuminate\\Pipeline\\Pipeline.php(219): Illuminate\\Foundation\\Http\\Middleware\\VerifyCsrfToken->handle(Object(Illuminate\\Http\\Request), Object(Closure))
#9 C:\\Users\\USER\\Desktop\\BSIT-3A-IPT2\\Restor-Laravel-App\\vendor\\laravel\\framework\\src\\Illuminate\\View\\Middleware\\ShareErrorsFromSession.php(48): Illuminate\\Pipeline\\Pipeline->Illuminate\\Pipeline\\{closure}(Object(Illuminate\\Http\\Request))
#10 C:\\Users\\USER\\Desktop\\BSIT-3A-IPT2\\Restor-Laravel-App\\vendor\\laravel\\framework\\src\\Illuminate\\Pipeline\\Pipeline.php(219): Illuminate\\View\\Middleware\\ShareErrorsFromSession->handle(Object(Illuminate\\Http\\Request), Object(Closure))
#11 C:\\Users\\USER\\Desktop\\BSIT-3A-IPT2\\Restor-Laravel-App\\vendor\\laravel\\framework\\src\\Illuminate\\Session\\Middleware\\StartSession.php(120): Illuminate\\Pipeline\\Pipeline->Illuminate\\Pipeline\\{closure}(Object(Illuminate\\Http\\Request))
#12 C:\\Users\\USER\\Desktop\\BSIT-3A-IPT2\\Restor-Laravel-App\\vendor\\laravel\\framework\\src\\Illuminate\\Session\\Middleware\\StartSession.php(63): Illuminate\\Session\\Middleware\\StartSession->handleStatefulRequest(Object(Illuminate\\Http\\Request), Object(Illuminate\\Session\\Store), Object(Closure))
#13 C:\\Users\\USER\\Desktop\\BSIT-3A-IPT2\\Restor-Laravel-App\\vendor\\laravel\\framework\\src\\Illuminate\\Pipeline\\Pipeline.php(219): Illuminate\\Session\\Middleware\\StartSession->handle(Object(Illuminate\\Http\\Request), Object(Closure))
#14 C:\\Users\\USER\\Desktop\\BSIT-3A-IPT2\\Restor-Laravel-App\\vendor\\laravel\\framework\\src\\Illuminate\\Cookie\\Middleware\\AddQueuedCookiesToResponse.php(36): Illuminate\\Pipeline\\Pipeline->Illuminate\\Pipeline\\{closure}(Object(Illuminate\\Http\\Request))
#15 C:\\Users\\USER\\Desktop\\BSIT-3A-IPT2\\Restor-Laravel-App\\vendor\\laravel\\framework\\src\\Illuminate\\Pipeline\\Pipeline.php(219): Illuminate\\Cookie\\Middleware\\AddQueuedCookiesToResponse->handle(Object(Illuminate\\Http\\Request), Object(Closure))
#16 C:\\Users\\USER\\Desktop\\BSIT-3A-IPT2\\Restor-Laravel-App\\vendor\\laravel\\framework\\src\\Illuminate\\Cookie\\Middleware\\EncryptCookies.php(74): Illuminate\\Pipeline\\Pipeline->Illuminate\\Pipeline\\{closure}(Object(Illuminate\\Http\\Request))
#17 C:\\Users\\USER\\Desktop\\BSIT-3A-IPT2\\Restor-Laravel-App\\vendor\\laravel\\framework\\src\\Illuminate\\Pipeline\\Pipeline.php(219): Illuminate\\Cookie\\Middleware\\EncryptCookies->handle(Object(Illuminate\\Http\\Request), Object(Closure))
#18 C:\\Users\\USER\\Desktop\\BSIT-3A-IPT2\\Restor-Laravel-App\\vendor\\laravel\\framework\\src\\Illuminate\\Pipeline\\Pipeline.php(137): Illuminate\\Pipeline\\Pipeline->Illuminate\\Pipeline\\{closure}(Object(Illuminate\\Http\\Request))
#19 C:\\Users\\USER\\Desktop\\BSIT-3A-IPT2\\Restor-Laravel-App\\vendor\\laravel\\framework\\src\\Illuminate\\Routing\\Router.php(821): Illuminate\\Pipeline\\Pipeline->then(Object(Closure))
#20 C:\\Users\\USER\\Desktop\\BSIT-3A-IPT2\\Restor-Laravel-App\\vendor\\laravel\\framework\\src\\Illuminate\\Routing\\Router.php(800): Illuminate\\Routing\\Router->runRouteWithinStack(Object(Illuminate\\Routing\\Route), Object(Illuminate\\Http\\Request))
#21 C:\\Users\\USER\\Desktop\\BSIT-3A-IPT2\\Restor-Laravel-App\\vendor\\laravel\\framework\\src\\Illuminate\\Routing\\Router.php(764): Illuminate\\Routing\\Router->runRoute(Object(Illuminate\\Http\\Request), Object(Illuminate\\Routing\\Route))
#22 C:\\Users\\USER\\Desktop\\BSIT-3A-IPT2\\Restor-Laravel-App\\vendor\\laravel\\framework\\src\\Illuminate\\Routing\\Router.php(753): Illuminate\\Routing\\Router->dispatchToRoute(Object(Illuminate\\Http\\Request))
#23 C:\\Users\\USER\\Desktop\\BSIT-3A-IPT2\\Restor-Laravel-App\\vendor\\laravel\\framework\\src\\Illuminate\\Foundation\\Http\\Kernel.php(200): Illuminate\\Routing\\Router->dispatch(Object(Illuminate\\Http\\Request))
#24 C:\\Users\\USER\\Desktop\\BSIT-3A-IPT2\\Restor-Laravel-App\\vendor\\laravel\\framework\\src\\Illuminate\\Pipeline\\Pipeline.php(180): Illuminate\\Foundation\\Http\\Kernel->Illuminate\\Foundation\\Http\\{closure}(Object(Illuminate\\Http\\Request))
#25 C:\\Users\\USER\\Desktop\\BSIT-3A-IPT2\\Restor-Laravel-App\\vendor\\laravel\\framework\\src\\Illuminate\\Foundation\\Http\\Middleware\\TransformsRequest.php(21): Illuminate\\Pipeline\\Pipeline->Illuminate\\Pipeline\\{closure}(Object(Illuminate\\Http\\Request))
#26 C:\\Users\\USER\\Desktop\\BSIT-3A-IPT2\\Restor-Laravel-App\\vendor\\laravel\\framework\\src\\Illuminate\\Foundation\\Http\\Middleware\\ConvertEmptyStringsToNull.php(31): Illuminate\\Foundation\\Http\\Middleware\\TransformsRequest->handle(Object(Illuminate\\Http\\Request), Object(Closure))
#27 C:\\Users\\USER\\Desktop\\BSIT-3A-IPT2\\Restor-Laravel-App\\vendor\\laravel\\framework\\src\\Illuminate\\Pipeline\\Pipeline.php(219): Illuminate\\Foundation\\Http\\Middleware\\ConvertEmptyStringsToNull->handle(Object(Illuminate\\Http\\Request), Object(Closure))
#28 C:\\Users\\USER\\Desktop\\BSIT-3A-IPT2\\Restor-Laravel-App\\vendor\\laravel\\framework\\src\\Illuminate\\Foundation\\Http\\Middleware\\TransformsRequest.php(21): Illuminate\\Pipeline\\Pipeline->Illuminate\\Pipeline\\{closure}(Object(Illuminate\\Http\\Request))
#29 C:\\Users\\USER\\Desktop\\BSIT-3A-IPT2\\Restor-Laravel-App\\vendor\\laravel\\framework\\src\\Illuminate\\Foundation\\Http\\Middleware\\TrimStrings.php(51): Illuminate\\Foundation\\Http\\Middleware\\TransformsRequest->handle(Object(Illuminate\\Http\\Request), Object(Closure))
#30 C:\\Users\\USER\\Desktop\\BSIT-3A-IPT2\\Restor-Laravel-App\\vendor\\laravel\\framework\\src\\Illuminate\\Pipeline\\Pipeline.php(219): Illuminate\\Foundation\\Http\\Middleware\\TrimStrings->handle(Object(Illuminate\\Http\\Request), Object(Closure))
#31 C:\\Users\\USER\\Desktop\\BSIT-3A-IPT2\\Restor-Laravel-App\\vendor\\laravel\\framework\\src\\Illuminate\\Http\\Middleware\\ValidatePostSize.php(27): Illuminate\\Pipeline\\Pipeline->Illuminate\\Pipeline\\{closure}(Object(Illuminate\\Http\\Request))
#32 C:\\Users\\USER\\Desktop\\BSIT-3A-IPT2\\Restor-Laravel-App\\vendor\\laravel\\framework\\src\\Illuminate\\Pipeline\\Pipeline.php(219): Illuminate\\Http\\Middleware\\ValidatePostSize->handle(Object(Illuminate\\Http\\Request), Object(Closure))
#33 C:\\Users\\USER\\Desktop\\BSIT-3A-IPT2\\Restor-Laravel-App\\vendor\\laravel\\framework\\src\\Illuminate\\Foundation\\Http\\Middleware\\PreventRequestsDuringMaintenance.php(109): Illuminate\\Pipeline\\Pipeline->Illuminate\\Pipeline\\{closure}(Object(Illuminate\\Http\\Request))
#34 C:\\Users\\USER\\Desktop\\BSIT-3A-IPT2\\Restor-Laravel-App\\vendor\\laravel\\framework\\src\\Illuminate\\Pipeline\\Pipeline.php(219): Illuminate\\Foundation\\Http\\Middleware\\PreventRequestsDuringMaintenance->handle(Object(Illuminate\\Http\\Request), Object(Closure))
#35 C:\\Users\\USER\\Desktop\\BSIT-3A-IPT2\\Restor-Laravel-App\\vendor\\laravel\\framework\\src\\Illuminate\\Http\\Middleware\\HandleCors.php(48): Illuminate\\Pipeline\\Pipeline->Illuminate\\Pipeline\\{closure}(Object(Illuminate\\Http\\Request))
#36 C:\\Users\\USER\\Desktop\\BSIT-3A-IPT2\\Restor-Laravel-App\\vendor\\laravel\\framework\\src\\Illuminate\\Pipeline\\Pipeline.php(219): Illuminate\\Http\\Middleware\\HandleCors->handle(Object(Illuminate\\Http\\Request), Object(Closure))
#37 C:\\Users\\USER\\Desktop\\BSIT-3A-IPT2\\Restor-Laravel-App\\vendor\\laravel\\framework\\src\\Illuminate\\Http\\Middleware\\TrustProxies.php(58): Illuminate\\Pipeline\\Pipeline->Illuminate\\Pipeline\\{closure}(Object(Illuminate\\Http\\Request))
#38 C:\\Users\\USER\\Desktop\\BSIT-3A-IPT2\\Restor-Laravel-App\\vendor\\laravel\\framework\\src\\Illuminate\\Pipeline\\Pipeline.php(219): Illuminate\\Http\\Middleware\\TrustProxies->handle(Object(Illuminate\\Http\\Request), Object(Closure))
#39 C:\\Users\\USER\\Desktop\\BSIT-3A-IPT2\\Restor-Laravel-App\\vendor\\laravel\\framework\\src\\Illuminate\\Foundation\\Http\\Middleware\\InvokeDeferredCallbacks.php(22): Illuminate\\Pipeline\\Pipeline->Illuminate\\Pipeline\\{closure}(Object(Illuminate\\Http\\Request))
#40 C:\\Users\\USER\\Desktop\\BSIT-3A-IPT2\\Restor-Laravel-App\\vendor\\laravel\\framework\\src\\Illuminate\\Pipeline\\Pipeline.php(219): Illuminate\\Foundation\\Http\\Middleware\\InvokeDeferredCallbacks->handle(Object(Illuminate\\Http\\Request), Object(Closure))
#41 C:\\Users\\USER\\Desktop\\BSIT-3A-IPT2\\Restor-Laravel-App\\vendor\\laravel\\framework\\src\\Illuminate\\Http\\Middleware\\ValidatePathEncoding.php(26): Illuminate\\Pipeline\\Pipeline->Illuminate\\Pipeline\\{closure}(Object(Illuminate\\Http\\Request))
#42 C:\\Users\\USER\\Desktop\\BSIT-3A-IPT2\\Restor-Laravel-App\\vendor\\laravel\\framework\\src\\Illuminate\\Pipeline\\Pipeline.php(219): Illuminate\\Http\\Middleware\\ValidatePathEncoding->handle(Object(Illuminate\\Http\\Request), Object(Closure))
#43 C:\\Users\\USER\\Desktop\\BSIT-3A-IPT2\\Restor-Laravel-App\\vendor\\laravel\\framework\\src\\Illuminate\\Pipeline\\Pipeline.php(137): Illuminate\\Pipeline\\Pipeline->Illuminate\\Pipeline\\{closure}(Object(Illuminate\\Http\\Request))
#44 C:\\Users\\USER\\Desktop\\BSIT-3A-IPT2\\Restor-Laravel-App\\vendor\\laravel\\framework\\src\\Illuminate\\Foundation\\Http\\Kernel.php(175): Illuminate\\Pipeline\\Pipeline->then(Object(Closure))
#45 C:\\Users\\USER\\Desktop\\BSIT-3A-IPT2\\Restor-Laravel-App\\vendor\\laravel\\framework\\src\\Illuminate\\Foundation\\Http\\Kernel.php(144): Illuminate\\Foundation\\Http\\Kernel->sendRequestThroughRouter(Object(Illuminate\\Http\\Request))
#46 C:\\Users\\USER\\Desktop\\BSIT-3A-IPT2\\Restor-Laravel-App\\vendor\\laravel\\framework\\src\\Illuminate\\Foundation\\Application.php(1220): Illuminate\\Foundation\\Http\\Kernel->handle(Object(Illuminate\\Http\\Request))
#47 C:\\Users\\USER\\Desktop\\BSIT-3A-IPT2\\Restor-Laravel-App\\public\\index.php(20): Illuminate\\Foundation\\Application->handleRequest(Object(Illuminate\\Http\\Request))
#48 C:\\Users\\USER\\Desktop\\BSIT-3A-IPT2\\Restor-Laravel-App\\vendor\\laravel\\framework\\src\\Illuminate\\Foundation\\resources\\server.php(23): require_once('C:\\\\Users\\\\USER\\\\D...')
#49 {main}

[previous exception] [object] (ReflectionException(code: -1): Class \"admin\" does not exist at C:\\Users\\USER\\Desktop\\BSIT-3A-IPT2\\Restor-Laravel-App\\vendor\\laravel\\framework\\src\\Illuminate\\Container\\Container.php:1161)
[stacktrace]
#0 C:\\Users\\USER\\Desktop\\BSIT-3A-IPT2\\Restor-Laravel-App\\vendor\\laravel\\framework\\src\\Illuminate\\Container\\Container.php(1161): ReflectionClass->__construct('admin')
#1 C:\\Users\\USER\\Desktop\\BSIT-3A-IPT2\\Restor-Laravel-App\\vendor\\laravel\\framework\\src\\Illuminate\\Container\\Container.php(972): Illuminate\\Container\\Container->build('admin')
#2 C:\\Users\\USER\\Desktop\\BSIT-3A-IPT2\\Restor-Laravel-App\\vendor\\laravel\\framework\\src\\Illuminate\\Foundation\\Application.php(1078): Illuminate\\Container\\Container->resolve('admin', Array, true)
#3 C:\\Users\\USER\\Desktop\\BSIT-3A-IPT2\\Restor-Laravel-App\\vendor\\laravel\\framework\\src\\Illuminate\\Container\\Container.php(903): Illuminate\\Foundation\\Application->resolve('admin', Array)
#4 C:\\Users\\USER\\Desktop\\BSIT-3A-IPT2\\Restor-Laravel-App\\vendor\\laravel\\framework\\src\\Illuminate\\Foundation\\Application.php(1058): Illuminate\\Container\\Container->make('admin', Array)
#5 C:\\Users\\USER\\Desktop\\BSIT-3A-IPT2\\Restor-Laravel-App\\vendor\\laravel\\framework\\src\\Illuminate\\Pipeline\\Pipeline.php(208): Illuminate\\Foundation\\Application->make('admin')
#6 C:\\Users\\USER\\Desktop\\BSIT-3A-IPT2\\Restor-Laravel-App\\vendor\\laravel\\framework\\src\\Illuminate\\Routing\\Middleware\\SubstituteBindings.php(50): Illuminate\\Pipeline\\Pipeline->Illuminate\\Pipeline\\{closure}(Object(Illuminate\\Http\\Request))
#7 C:\\Users\\USER\\Desktop\\BSIT-3A-IPT2\\Restor-Laravel-App\\vendor\\laravel\\framework\\src\\Illuminate\\Pipeline\\Pipeline.php(219): Illuminate\\Routing\\Middleware\\SubstituteBindings->handle(Object(Illuminate\\Http\\Request), Object(Closure))
#8 C:\\Users\\USER\\Desktop\\BSIT-3A-IPT2\\Restor-Laravel-App\\vendor\\laravel\\framework\\src\\Illuminate\\Foundation\\Http\\Middleware\\VerifyCsrfToken.php(87): Illuminate\\Pipeline\\Pipeline->Illuminate\\Pipeline\\{closure}(Object(Illuminate\\Http\\Request))
#9 C:\\Users\\USER\\Desktop\\BSIT-3A-IPT2\\Restor-Laravel-App\\vendor\\laravel\\framework\\src\\Illuminate\\Pipeline\\Pipeline.php(219): Illuminate\\Foundation\\Http\\Middleware\\VerifyCsrfToken->handle(Object(Illuminate\\Http\\Request), Object(Closure))
#10 C:\\Users\\USER\\Desktop\\BSIT-3A-IPT2\\Restor-Laravel-App\\vendor\\laravel\\framework\\src\\Illuminate\\View\\Middleware\\ShareErrorsFromSession.php(48): Illuminate\\Pipeline\\Pipeline->Illuminate\\Pipeline\\{closure}(Object(Illuminate\\Http\\Request))
#11 C:\\Users\\USER\\Desktop\\BSIT-3A-IPT2\\Restor-Laravel-App\\vendor\\laravel\\framework\\src\\Illuminate\\Pipeline\\Pipeline.php(219): Illuminate\\View\\Middleware\\ShareErrorsFromSession->handle(Object(Illuminate\\Http\\Request), Object(Closure))
#12 C:\\Users\\USER\\Desktop\\BSIT-3A-IPT2\\Restor-Laravel-App\\vendor\\laravel\\framework\\src\\Illuminate\\Session\\Middleware\\StartSession.php(120): Illuminate\\Pipeline\\Pipeline->Illuminate\\Pipeline\\{closure}(Object(Illuminate\\Http\\Request))
#13 C:\\Users\\USER\\Desktop\\BSIT-3A-IPT2\\Restor-Laravel-App\\vendor\\laravel\\framework\\src\\Illuminate\\Session\\Middleware\\StartSession.php(63): Illuminate\\Session\\Middleware\\StartSession->handleStatefulRequest(Object(Illuminate\\Http\\Request), Object(Illuminate\\Session\\Store), Object(Closure))
#14 C:\\Users\\USER\\Desktop\\BSIT-3A-IPT2\\Restor-Laravel-App\\vendor\\laravel\\framework\\src\\Illuminate\\Pipeline\\Pipeline.php(219): Illuminate\\Session\\Middleware\\StartSession->handle(Object(Illuminate\\Http\\Request), Object(Closure))
#15 C:\\Users\\USER\\Desktop\\BSIT-3A-IPT2\\Restor-Laravel-App\\vendor\\laravel\\framework\\src\\Illuminate\\Cookie\\Middleware\\AddQueuedCookiesToResponse.php(36): Illuminate\\Pipeline\\Pipeline->Illuminate\\Pipeline\\{closure}(Object(Illuminate\\Http\\Request))
#16 C:\\Users\\USER\\Desktop\\BSIT-3A-IPT2\\Restor-Laravel-App\\vendor\\laravel\\framework\\src\\Illuminate\\Pipeline\\Pipeline.php(219): Illuminate\\Cookie\\Middleware\\AddQueuedCookiesToResponse->handle(Object(Illuminate\\Http\\Request), Object(Closure))
#17 C:\\Users\\USER\\Desktop\\BSIT-3A-IPT2\\Restor-Laravel-App\\vendor\\laravel\\framework\\src\\Illuminate\\Cookie\\Middleware\\EncryptCookies.php(74): Illuminate\\Pipeline\\Pipeline->Illuminate\\Pipeline\\{closure}(Object(Illuminate\\Http\\Request))
#18 C:\\Users\\USER\\Desktop\\BSIT-3A-IPT2\\Restor-Laravel-App\\vendor\\laravel\\framework\\src\\Illuminate\\Pipeline\\Pipeline.php(219): Illuminate\\Cookie\\Middleware\\EncryptCookies->handle(Object(Illuminate\\Http\\Request), Object(Closure))
#19 C:\\Users\\USER\\Desktop\\BSIT-3A-IPT2\\Restor-Laravel-App\\vendor\\laravel\\framework\\src\\Illuminate\\Pipeline\\Pipeline.php(137): Illuminate\\Pipeline\\Pipeline->Illuminate\\Pipeline\\{closure}(Object(Illuminate\\Http\\Request))
#20 C:\\Users\\USER\\Desktop\\BSIT-3A-IPT2\\Restor-Laravel-App\\vendor\\laravel\\framework\\src\\Illuminate\\Routing\\Router.php(821): Illuminate\\Pipeline\\Pipeline->then(Object(Closure))
#21 C:\\Users\\USER\\Desktop\\BSIT-3A-IPT2\\Restor-Laravel-App\\vendor\\laravel\\framework\\src\\Illuminate\\Routing\\Router.php(800): Illuminate\\Routing\\Router->runRouteWithinStack(Object(Illuminate\\Routing\\Route), Object(Illuminate\\Http\\Request))
#22 C:\\Users\\USER\\Desktop\\BSIT-3A-IPT2\\Restor-Laravel-App\\vendor\\laravel\\framework\\src\\Illuminate\\Routing\\Router.php(764): Illuminate\\Routing\\Router->runRoute(Object(Illuminate\\Http\\Request), Object(Illuminate\\Routing\\Route))
#23 C:\\Users\\USER\\Desktop\\BSIT-3A-IPT2\\Restor-Laravel-App\\vendor\\laravel\\framework\\src\\Illuminate\\Routing\\Router.php(753): Illuminate\\Routing\\Router->dispatchToRoute(Object(Illuminate\\Http\\Request))
#24 C:\\Users\\USER\\Desktop\\BSIT-3A-IPT2\\Restor-Laravel-App\\vendor\\laravel\\framework\\src\\Illuminate\\Foundation\\Http\\Kernel.php(200): Illuminate\\Routing\\Router->dispatch(Object(Illuminate\\Http\\Request))
#25 C:\\Users\\USER\\Desktop\\BSIT-3A-IPT2\\Restor-Laravel-App\\vendor\\laravel\\framework\\src\\Illuminate\\Pipeline\\Pipeline.php(180): Illuminate\\Foundation\\Http\\Kernel->Illuminate\\Foundation\\Http\\{closure}(Object(Illuminate\\Http\\Request))
#26 C:\\Users\\USER\\Desktop\\BSIT-3A-IPT2\\Restor-Laravel-App\\vendor\\laravel\\framework\\src\\Illuminate\\Foundation\\Http\\Middleware\\TransformsRequest.php(21): Illuminate\\Pipeline\\Pipeline->Illuminate\\Pipeline\\{closure}(Object(Illuminate\\Http\\Request))
#27 C:\\Users\\USER\\Desktop\\BSIT-3A-IPT2\\Restor-Laravel-App\\vendor\\laravel\\framework\\src\\Illuminate\\Foundation\\Http\\Middleware\\ConvertEmptyStringsToNull.php(31): Illuminate\\Foundation\\Http\\Middleware\\TransformsRequest->handle(Object(Illuminate\\Http\\Request), Object(Closure))
#28 C:\\Users\\USER\\Desktop\\BSIT-3A-IPT2\\Restor-Laravel-App\\vendor\\laravel\\framework\\src\\Illuminate\\Pipeline\\Pipeline.php(219): Illuminate\\Foundation\\Http\\Middleware\\ConvertEmptyStringsToNull->handle(Object(Illuminate\\Http\\Request), Object(Closure))
#29 C:\\Users\\USER\\Desktop\\BSIT-3A-IPT2\\Restor-Laravel-App\\vendor\\laravel\\framework\\src\\Illuminate\\Foundation\\Http\\Middleware\\TransformsRequest.php(21): Illuminate\\Pipeline\\Pipeline->Illuminate\\Pipeline\\{closure}(Object(Illuminate\\Http\\Request))
#30 C:\\Users\\USER\\Desktop\\BSIT-3A-IPT2\\Restor-Laravel-App\\vendor\\laravel\\framework\\src\\Illuminate\\Foundation\\Http\\Middleware\\TrimStrings.php(51): Illuminate\\Foundation\\Http\\Middleware\\TransformsRequest->handle(Object(Illuminate\\Http\\Request), Object(Closure))
#31 C:\\Users\\USER\\Desktop\\BSIT-3A-IPT2\\Restor-Laravel-App\\vendor\\laravel\\framework\\src\\Illuminate\\Pipeline\\Pipeline.php(219): Illuminate\\Foundation\\Http\\Middleware\\TrimStrings->handle(Object(Illuminate\\Http\\Request), Object(Closure))
#32 C:\\Users\\USER\\Desktop\\BSIT-3A-IPT2\\Restor-Laravel-App\\vendor\\laravel\\framework\\src\\Illuminate\\Http\\Middleware\\ValidatePostSize.php(27): Illuminate\\Pipeline\\Pipeline->Illuminate\\Pipeline\\{closure}(Object(Illuminate\\Http\\Request))
#33 C:\\Users\\USER\\Desktop\\BSIT-3A-IPT2\\Restor-Laravel-App\\vendor\\laravel\\framework\\src\\Illuminate\\Pipeline\\Pipeline.php(219): Illuminate\\Http\\Middleware\\ValidatePostSize->handle(Object(Illuminate\\Http\\Request), Object(Closure))
#34 C:\\Users\\USER\\Desktop\\BSIT-3A-IPT2\\Restor-Laravel-App\\vendor\\laravel\\framework\\src\\Illuminate\\Foundation\\Http\\Middleware\\PreventRequestsDuringMaintenance.php(109): Illuminate\\Pipeline\\Pipeline->Illuminate\\Pipeline\\{closure}(Object(Illuminate\\Http\\Request))
#35 C:\\Users\\USER\\Desktop\\BSIT-3A-IPT2\\Restor-Laravel-App\\vendor\\laravel\\framework\\src\\Illuminate\\Pipeline\\Pipeline.php(219): Illuminate\\Foundation\\Http\\Middleware\\PreventRequestsDuringMaintenance->handle(Object(Illuminate\\Http\\Request), Object(Closure))
#36 C:\\Users\\USER\\Desktop\\BSIT-3A-IPT2\\Restor-Laravel-App\\vendor\\laravel\\framework\\src\\Illuminate\\Http\\Middleware\\HandleCors.php(48): Illuminate\\Pipeline\\Pipeline->Illuminate\\Pipeline\\{closure}(Object(Illuminate\\Http\\Request))
#37 C:\\Users\\USER\\Desktop\\BSIT-3A-IPT2\\Restor-Laravel-App\\vendor\\laravel\\framework\\src\\Illuminate\\Pipeline\\Pipeline.php(219): Illuminate\\Http\\Middleware\\HandleCors->handle(Object(Illuminate\\Http\\Request), Object(Closure))
#38 C:\\Users\\USER\\Desktop\\BSIT-3A-IPT2\\Restor-Laravel-App\\vendor\\laravel\\framework\\src\\Illuminate\\Http\\Middleware\\TrustProxies.php(58): Illuminate\\Pipeline\\Pipeline->Illuminate\\Pipeline\\{closure}(Object(Illuminate\\Http\\Request))
#39 C:\\Users\\USER\\Desktop\\BSIT-3A-IPT2\\Restor-Laravel-App\\vendor\\laravel\\framework\\src\\Illuminate\\Pipeline\\Pipeline.php(219): Illuminate\\Http\\Middleware\\TrustProxies->handle(Object(Illuminate\\Http\\Request), Object(Closure))
#40 C:\\Users\\USER\\Desktop\\BSIT-3A-IPT2\\Restor-Laravel-App\\vendor\\laravel\\framework\\src\\Illuminate\\Foundation\\Http\\Middleware\\InvokeDeferredCallbacks.php(22): Illuminate\\Pipeline\\Pipeline->Illuminate\\Pipeline\\{closure}(Object(Illuminate\\Http\\Request))
#41 C:\\Users\\USER\\Desktop\\BSIT-3A-IPT2\\Restor-Laravel-App\\vendor\\laravel\\framework\\src\\Illuminate\\Pipeline\\Pipeline.php(219): Illuminate\\Foundation\\Http\\Middleware\\InvokeDeferredCallbacks->handle(Object(Illuminate\\Http\\Request), Object(Closure))
#42 C:\\Users\\USER\\Desktop\\BSIT-3A-IPT2\\Restor-Laravel-App\\vendor\\laravel\\framework\\src\\Illuminate\\Http\\Middleware\\ValidatePathEncoding.php(26): Illuminate\\Pipeline\\Pipeline->Illuminate\\Pipeline\\{closure}(Object(Illuminate\\Http\\Request))
#43 C:\\Users\\USER\\Desktop\\BSIT-3A-IPT2\\Restor-Laravel-App\\vendor\\laravel\\framework\\src\\Illuminate\\Pipeline\\Pipeline.php(219): Illuminate\\Http\\Middleware\\ValidatePathEncoding->handle(Object(Illuminate\\Http\\Request), Object(Closure))
#44 C:\\Users\\USER\\Desktop\\BSIT-3A-IPT2\\Restor-Laravel-App\\vendor\\laravel\\framework\\src\\Illuminate\\Pipeline\\Pipeline.php(137): Illuminate\\Pipeline\\Pipeline->Illuminate\\Pipeline\\{closure}(Object(Illuminate\\Http\\Request))
#45 C:\\Users\\USER\\Desktop\\BSIT-3A-IPT2\\Restor-Laravel-App\\vendor\\laravel\\framework\\src\\Illuminate\\Foundation\\Http\\Kernel.php(175): Illuminate\\Pipeline\\Pipeline->then(Object(Closure))
#46 C:\\Users\\USER\\Desktop\\BSIT-3A-IPT2\\Restor-Laravel-App\\vendor\\laravel\\framework\\src\\Illuminate\\Foundation\\Http\\Kernel.php(144): Illuminate\\Foundation\\Http\\Kernel->sendRequestThroughRouter(Object(Illuminate\\Http\\Request))
#47 C:\\Users\\USER\\Desktop\\BSIT-3A-IPT2\\Restor-Laravel-App\\vendor\\laravel\\framework\\src\\Illuminate\\Foundation\\Application.php(1220): Illuminate\\Foundation\\Http\\Kernel->handle(Object(Illuminate\\Http\\Request))
#48 C:\\Users\\USER\\Desktop\\BSIT-3A-IPT2\\Restor-Laravel-App\\public\\index.php(20): Illuminate\\Foundation\\Application->handleRequest(Object(Illuminate\\Http\\Request))
#49 C:\\Users\\USER\\Desktop\\BSIT-3A-IPT2\\Restor-Laravel-App\\vendor\\laravel\\framework\\src\\Illuminate\\Foundation\\resources\\server.php(23): require_once('C:\\\\Users\\\\USER\\\\D...')
#50 {main}
"} 
[2025-11-02 19:25:56] local.ERROR: Target class [admin] does not exist. {"userId":3,"exception":"[object] (Illuminate\\Contracts\\Container\\BindingResolutionException(code: 0): Target class [admin] does not exist. at C:\\Users\\USER\\Desktop\\BSIT-3A-IPT2\\Restor-Laravel-App\\vendor\\laravel\\framework\\src\\Illuminate\\Container\\Container.php:1163)
[stacktrace]
#0 C:\\Users\\USER\\Desktop\\BSIT-3A-IPT2\\Restor-Laravel-App\\vendor\\laravel\\framework\\src\\Illuminate\\Container\\Container.php(972): Illuminate\\Container\\Container->build('admin')
#1 C:\\Users\\USER\\Desktop\\BSIT-3A-IPT2\\Restor-Laravel-App\\vendor\\laravel\\framework\\src\\Illuminate\\Foundation\\Application.php(1078): Illuminate\\Container\\Container->resolve('admin', Array, true)
#2 C:\\Users\\USER\\Desktop\\BSIT-3A-IPT2\\Restor-Laravel-App\\vendor\\laravel\\framework\\src\\Illuminate\\Container\\Container.php(903): Illuminate\\Foundation\\Application->resolve('admin', Array)
#3 C:\\Users\\USER\\Desktop\\BSIT-3A-IPT2\\Restor-Laravel-App\\vendor\\laravel\\framework\\src\\Illuminate\\Foundation\\Application.php(1058): Illuminate\\Container\\Container->make('admin', Array)
#4 C:\\Users\\USER\\Desktop\\BSIT-3A-IPT2\\Restor-Laravel-App\\vendor\\laravel\\framework\\src\\Illuminate\\Foundation\\Http\\Kernel.php(257): Illuminate\\Foundation\\Application->make('admin')
#5 C:\\Users\\USER\\Desktop\\BSIT-3A-IPT2\\Restor-Laravel-App\\vendor\\laravel\\framework\\src\\Illuminate\\Foundation\\Http\\Kernel.php(215): Illuminate\\Foundation\\Http\\Kernel->terminateMiddleware(Object(Illuminate\\Http\\Request), Object(Illuminate\\Http\\Response))
#6 C:\\Users\\USER\\Desktop\\BSIT-3A-IPT2\\Restor-Laravel-App\\vendor\\laravel\\framework\\src\\Illuminate\\Foundation\\Application.php(1222): Illuminate\\Foundation\\Http\\Kernel->terminate(Object(Illuminate\\Http\\Request), Object(Illuminate\\Http\\Response))
#7 C:\\Users\\USER\\Desktop\\BSIT-3A-IPT2\\Restor-Laravel-App\\public\\index.php(20): Illuminate\\Foundation\\Application->handleRequest(Object(Illuminate\\Http\\Request))
#8 C:\\Users\\USER\\Desktop\\BSIT-3A-IPT2\\Restor-Laravel-App\\vendor\\laravel\\framework\\src\\Illuminate\\Foundation\\resources\\server.php(23): require_once('C:\\\\Users\\\\USER\\\\D...')
#9 {main}

[previous exception] [object] (ReflectionException(code: -1): Class \"admin\" does not exist at C:\\Users\\USER\\Desktop\\BSIT-3A-IPT2\\Restor-Laravel-App\\vendor\\laravel\\framework\\src\\Illuminate\\Container\\Container.php:1161)
[stacktrace]
#0 C:\\Users\\USER\\Desktop\\BSIT-3A-IPT2\\Restor-Laravel-App\\vendor\\laravel\\framework\\src\\Illuminate\\Container\\Container.php(1161): ReflectionClass->__construct('admin')
#1 C:\\Users\\USER\\Desktop\\BSIT-3A-IPT2\\Restor-Laravel-App\\vendor\\laravel\\framework\\src\\Illuminate\\Container\\Container.php(972): Illuminate\\Container\\Container->build('admin')
#2 C:\\Users\\USER\\Desktop\\BSIT-3A-IPT2\\Restor-Laravel-App\\vendor\\laravel\\framework\\src\\Illuminate\\Foundation\\Application.php(1078): Illuminate\\Container\\Container->resolve('admin', Array, true)
#3 C:\\Users\\USER\\Desktop\\BSIT-3A-IPT2\\Restor-Laravel-App\\vendor\\laravel\\framework\\src\\Illuminate\\Container\\Container.php(903): Illuminate\\Foundation\\Application->resolve('admin', Array)
#4 C:\\Users\\USER\\Desktop\\BSIT-3A-IPT2\\Restor-Laravel-App\\vendor\\laravel\\framework\\src\\Illuminate\\Foundation\\Application.php(1058): Illuminate\\Container\\Container->make('admin', Array)
#5 C:\\Users\\USER\\Desktop\\BSIT-3A-IPT2\\Restor-Laravel-App\\vendor\\laravel\\framework\\src\\Illuminate\\Foundation\\Http\\Kernel.php(257): Illuminate\\Foundation\\Application->make('admin')
#6 C:\\Users\\USER\\Desktop\\BSIT-3A-IPT2\\Restor-Laravel-App\\vendor\\laravel\\framework\\src\\Illuminate\\Foundation\\Http\\Kernel.php(215): Illuminate\\Foundation\\Http\\Kernel->terminateMiddleware(Object(Illuminate\\Http\\Request), Object(Illuminate\\Http\\Response))
#7 C:\\Users\\USER\\Desktop\\BSIT-3A-IPT2\\Restor-Laravel-App\\vendor\\laravel\\framework\\src\\Illuminate\\Foundation\\Application.php(1222): Illuminate\\Foundation\\Http\\Kernel->terminate(Object(Illuminate\\Http\\Request), Object(Illuminate\\Http\\Response))
#8 C:\\Users\\USER\\Desktop\\BSIT-3A-IPT2\\Restor-Laravel-App\\public\\index.php(20): Illuminate\\Foundation\\Application->handleRequest(Object(Illuminate\\Http\\Request))
#9 C:\\Users\\USER\\Desktop\\BSIT-3A-IPT2\\Restor-Laravel-App\\vendor\\laravel\\framework\\src\\Illuminate\\Foundation\\resources\\server.php(23): require_once('C:\\\\Users\\\\USER\\\\D...')
#10 {main}
"} 
[2025-11-02 19:26:17] local.ERROR: Target class [admin] does not exist. {"userId":3,"exception":"[object] (Illuminate\\Contracts\\Container\\BindingResolutionException(code: 0): Target class [admin] does not exist. at C:\\Users\\USER\\Desktop\\BSIT-3A-IPT2\\Restor-Laravel-App\\vendor\\laravel\\framework\\src\\Illuminate\\Container\\Container.php:1163)
[stacktrace]
#0 C:\\Users\\USER\\Desktop\\BSIT-3A-IPT2\\Restor-Laravel-App\\vendor\\laravel\\framework\\src\\Illuminate\\Container\\Container.php(972): Illuminate\\Container\\Container->build('admin')
#1 C:\\Users\\USER\\Desktop\\BSIT-3A-IPT2\\Restor-Laravel-App\\vendor\\laravel\\framework\\src\\Illuminate\\Foundation\\Application.php(1078): Illuminate\\Container\\Container->resolve('admin', Array, true)
#2 C:\\Users\\USER\\Desktop\\BSIT-3A-IPT2\\Restor-Laravel-App\\vendor\\laravel\\framework\\src\\Illuminate\\Container\\Container.php(903): Illuminate\\Foundation\\Application->resolve('admin', Array)
#3 C:\\Users\\USER\\Desktop\\BSIT-3A-IPT2\\Restor-Laravel-App\\vendor\\laravel\\framework\\src\\Illuminate\\Foundation\\Application.php(1058): Illuminate\\Container\\Container->make('admin', Array)
#4 C:\\Users\\USER\\Desktop\\BSIT-3A-IPT2\\Restor-Laravel-App\\vendor\\laravel\\framework\\src\\Illuminate\\Pipeline\\Pipeline.php(208): Illuminate\\Foundation\\Application->make('admin')
#5 C:\\Users\\USER\\Desktop\\BSIT-3A-IPT2\\Restor-Laravel-App\\vendor\\laravel\\framework\\src\\Illuminate\\Routing\\Middleware\\SubstituteBindings.php(50): Illuminate\\Pipeline\\Pipeline->Illuminate\\Pipeline\\{closure}(Object(Illuminate\\Http\\Request))
#6 C:\\Users\\USER\\Desktop\\BSIT-3A-IPT2\\Restor-Laravel-App\\vendor\\laravel\\framework\\src\\Illuminate\\Pipeline\\Pipeline.php(219): Illuminate\\Routing\\Middleware\\SubstituteBindings->handle(Object(Illuminate\\Http\\Request), Object(Closure))
#7 C:\\Users\\USER\\Desktop\\BSIT-3A-IPT2\\Restor-Laravel-App\\vendor\\laravel\\framework\\src\\Illuminate\\Foundation\\Http\\Middleware\\VerifyCsrfToken.php(87): Illuminate\\Pipeline\\Pipeline->Illuminate\\Pipeline\\{closure}(Object(Illuminate\\Http\\Request))
#8 C:\\Users\\USER\\Desktop\\BSIT-3A-IPT2\\Restor-Laravel-App\\vendor\\laravel\\framework\\src\\Illuminate\\Pipeline\\Pipeline.php(219): Illuminate\\Foundation\\Http\\Middleware\\VerifyCsrfToken->handle(Object(Illuminate\\Http\\Request), Object(Closure))
#9 C:\\Users\\USER\\Desktop\\BSIT-3A-IPT2\\Restor-Laravel-App\\vendor\\laravel\\framework\\src\\Illuminate\\View\\Middleware\\ShareErrorsFromSession.php(48): Illuminate\\Pipeline\\Pipeline->Illuminate\\Pipeline\\{closure}(Object(Illuminate\\Http\\Request))
#10 C:\\Users\\USER\\Desktop\\BSIT-3A-IPT2\\Restor-Laravel-App\\vendor\\laravel\\framework\\src\\Illuminate\\Pipeline\\Pipeline.php(219): Illuminate\\View\\Middleware\\ShareErrorsFromSession->handle(Object(Illuminate\\Http\\Request), Object(Closure))
#11 C:\\Users\\USER\\Desktop\\BSIT-3A-IPT2\\Restor-Laravel-App\\vendor\\laravel\\framework\\src\\Illuminate\\Session\\Middleware\\StartSession.php(120): Illuminate\\Pipeline\\Pipeline->Illuminate\\Pipeline\\{closure}(Object(Illuminate\\Http\\Request))
#12 C:\\Users\\USER\\Desktop\\BSIT-3A-IPT2\\Restor-Laravel-App\\vendor\\laravel\\framework\\src\\Illuminate\\Session\\Middleware\\StartSession.php(63): Illuminate\\Session\\Middleware\\StartSession->handleStatefulRequest(Object(Illuminate\\Http\\Request), Object(Illuminate\\Session\\Store), Object(Closure))
#13 C:\\Users\\USER\\Desktop\\BSIT-3A-IPT2\\Restor-Laravel-App\\vendor\\laravel\\framework\\src\\Illuminate\\Pipeline\\Pipeline.php(219): Illuminate\\Session\\Middleware\\StartSession->handle(Object(Illuminate\\Http\\Request), Object(Closure))
#14 C:\\Users\\USER\\Desktop\\BSIT-3A-IPT2\\Restor-Laravel-App\\vendor\\laravel\\framework\\src\\Illuminate\\Cookie\\Middleware\\AddQueuedCookiesToResponse.php(36): Illuminate\\Pipeline\\Pipeline->Illuminate\\Pipeline\\{closure}(Object(Illuminate\\Http\\Request))
#15 C:\\Users\\USER\\Desktop\\BSIT-3A-IPT2\\Restor-Laravel-App\\vendor\\laravel\\framework\\src\\Illuminate\\Pipeline\\Pipeline.php(219): Illuminate\\Cookie\\Middleware\\AddQueuedCookiesToResponse->handle(Object(Illuminate\\Http\\Request), Object(Closure))
#16 C:\\Users\\USER\\Desktop\\BSIT-3A-IPT2\\Restor-Laravel-App\\vendor\\laravel\\framework\\src\\Illuminate\\Cookie\\Middleware\\EncryptCookies.php(74): Illuminate\\Pipeline\\Pipeline->Illuminate\\Pipeline\\{closure}(Object(Illuminate\\Http\\Request))
#17 C:\\Users\\USER\\Desktop\\BSIT-3A-IPT2\\Restor-Laravel-App\\vendor\\laravel\\framework\\src\\Illuminate\\Pipeline\\Pipeline.php(219): Illuminate\\Cookie\\Middleware\\EncryptCookies->handle(Object(Illuminate\\Http\\Request), Object(Closure))
#18 C:\\Users\\USER\\Desktop\\BSIT-3A-IPT2\\Restor-Laravel-App\\vendor\\laravel\\framework\\src\\Illuminate\\Pipeline\\Pipeline.php(137): Illuminate\\Pipeline\\Pipeline->Illuminate\\Pipeline\\{closure}(Object(Illuminate\\Http\\Request))
#19 C:\\Users\\USER\\Desktop\\BSIT-3A-IPT2\\Restor-Laravel-App\\vendor\\laravel\\framework\\src\\Illuminate\\Routing\\Router.php(821): Illuminate\\Pipeline\\Pipeline->then(Object(Closure))
#20 C:\\Users\\USER\\Desktop\\BSIT-3A-IPT2\\Restor-Laravel-App\\vendor\\laravel\\framework\\src\\Illuminate\\Routing\\Router.php(800): Illuminate\\Routing\\Router->runRouteWithinStack(Object(Illuminate\\Routing\\Route), Object(Illuminate\\Http\\Request))
#21 C:\\Users\\USER\\Desktop\\BSIT-3A-IPT2\\Restor-Laravel-App\\vendor\\laravel\\framework\\src\\Illuminate\\Routing\\Router.php(764): Illuminate\\Routing\\Router->runRoute(Object(Illuminate\\Http\\Request), Object(Illuminate\\Routing\\Route))
#22 C:\\Users\\USER\\Desktop\\BSIT-3A-IPT2\\Restor-Laravel-App\\vendor\\laravel\\framework\\src\\Illuminate\\Routing\\Router.php(753): Illuminate\\Routing\\Router->dispatchToRoute(Object(Illuminate\\Http\\Request))
#23 C:\\Users\\USER\\Desktop\\BSIT-3A-IPT2\\Restor-Laravel-App\\vendor\\laravel\\framework\\src\\Illuminate\\Foundation\\Http\\Kernel.php(200): Illuminate\\Routing\\Router->dispatch(Object(Illuminate\\Http\\Request))
#24 C:\\Users\\USER\\Desktop\\BSIT-3A-IPT2\\Restor-Laravel-App\\vendor\\laravel\\framework\\src\\Illuminate\\Pipeline\\Pipeline.php(180): Illuminate\\Foundation\\Http\\Kernel->Illuminate\\Foundation\\Http\\{closure}(Object(Illuminate\\Http\\Request))
#25 C:\\Users\\USER\\Desktop\\BSIT-3A-IPT2\\Restor-Laravel-App\\vendor\\laravel\\framework\\src\\Illuminate\\Foundation\\Http\\Middleware\\TransformsRequest.php(21): Illuminate\\Pipeline\\Pipeline->Illuminate\\Pipeline\\{closure}(Object(Illuminate\\Http\\Request))
#26 C:\\Users\\USER\\Desktop\\BSIT-3A-IPT2\\Restor-Laravel-App\\vendor\\laravel\\framework\\src\\Illuminate\\Foundation\\Http\\Middleware\\ConvertEmptyStringsToNull.php(31): Illuminate\\Foundation\\Http\\Middleware\\TransformsRequest->handle(Object(Illuminate\\Http\\Request), Object(Closure))
#27 C:\\Users\\USER\\Desktop\\BSIT-3A-IPT2\\Restor-Laravel-App\\vendor\\laravel\\framework\\src\\Illuminate\\Pipeline\\Pipeline.php(219): Illuminate\\Foundation\\Http\\Middleware\\ConvertEmptyStringsToNull->handle(Object(Illuminate\\Http\\Request), Object(Closure))
#28 C:\\Users\\USER\\Desktop\\BSIT-3A-IPT2\\Restor-Laravel-App\\vendor\\laravel\\framework\\src\\Illuminate\\Foundation\\Http\\Middleware\\TransformsRequest.php(21): Illuminate\\Pipeline\\Pipeline->Illuminate\\Pipeline\\{closure}(Object(Illuminate\\Http\\Request))
#29 C:\\Users\\USER\\Desktop\\BSIT-3A-IPT2\\Restor-Laravel-App\\vendor\\laravel\\framework\\src\\Illuminate\\Foundation\\Http\\Middleware\\TrimStrings.php(51): Illuminate\\Foundation\\Http\\Middleware\\TransformsRequest->handle(Object(Illuminate\\Http\\Request), Object(Closure))
#30 C:\\Users\\USER\\Desktop\\BSIT-3A-IPT2\\Restor-Laravel-App\\vendor\\laravel\\framework\\src\\Illuminate\\Pipeline\\Pipeline.php(219): Illuminate\\Foundation\\Http\\Middleware\\TrimStrings->handle(Object(Illuminate\\Http\\Request), Object(Closure))
#31 C:\\Users\\USER\\Desktop\\BSIT-3A-IPT2\\Restor-Laravel-App\\vendor\\laravel\\framework\\src\\Illuminate\\Http\\Middleware\\ValidatePostSize.php(27): Illuminate\\Pipeline\\Pipeline->Illuminate\\Pipeline\\{closure}(Object(Illuminate\\Http\\Request))
#32 C:\\Users\\USER\\Desktop\\BSIT-3A-IPT2\\Restor-Laravel-App\\vendor\\laravel\\framework\\src\\Illuminate\\Pipeline\\Pipeline.php(219): Illuminate\\Http\\Middleware\\ValidatePostSize->handle(Object(Illuminate\\Http\\Request), Object(Closure))
#33 C:\\Users\\USER\\Desktop\\BSIT-3A-IPT2\\Restor-Laravel-App\\vendor\\laravel\\framework\\src\\Illuminate\\Foundation\\Http\\Middleware\\PreventRequestsDuringMaintenance.php(109): Illuminate\\Pipeline\\Pipeline->Illuminate\\Pipeline\\{closure}(Object(Illuminate\\Http\\Request))
#34 C:\\Users\\USER\\Desktop\\BSIT-3A-IPT2\\Restor-Laravel-App\\vendor\\laravel\\framework\\src\\Illuminate\\Pipeline\\Pipeline.php(219): Illuminate\\Foundation\\Http\\Middleware\\PreventRequestsDuringMaintenance->handle(Object(Illuminate\\Http\\Request), Object(Closure))
#35 C:\\Users\\USER\\Desktop\\BSIT-3A-IPT2\\Restor-Laravel-App\\vendor\\laravel\\framework\\src\\Illuminate\\Http\\Middleware\\HandleCors.php(48): Illuminate\\Pipeline\\Pipeline->Illuminate\\Pipeline\\{closure}(Object(Illuminate\\Http\\Request))
#36 C:\\Users\\USER\\Desktop\\BSIT-3A-IPT2\\Restor-Laravel-App\\vendor\\laravel\\framework\\src\\Illuminate\\Pipeline\\Pipeline.php(219): Illuminate\\Http\\Middleware\\HandleCors->handle(Object(Illuminate\\Http\\Request), Object(Closure))
#37 C:\\Users\\USER\\Desktop\\BSIT-3A-IPT2\\Restor-Laravel-App\\vendor\\laravel\\framework\\src\\Illuminate\\Http\\Middleware\\TrustProxies.php(58): Illuminate\\Pipeline\\Pipeline->Illuminate\\Pipeline\\{closure}(Object(Illuminate\\Http\\Request))
#38 C:\\Users\\USER\\Desktop\\BSIT-3A-IPT2\\Restor-Laravel-App\\vendor\\laravel\\framework\\src\\Illuminate\\Pipeline\\Pipeline.php(219): Illuminate\\Http\\Middleware\\TrustProxies->handle(Object(Illuminate\\Http\\Request), Object(Closure))
#39 C:\\Users\\USER\\Desktop\\BSIT-3A-IPT2\\Restor-Laravel-App\\vendor\\laravel\\framework\\src\\Illuminate\\Foundation\\Http\\Middleware\\InvokeDeferredCallbacks.php(22): Illuminate\\Pipeline\\Pipeline->Illuminate\\Pipeline\\{closure}(Object(Illuminate\\Http\\Request))
#40 C:\\Users\\USER\\Desktop\\BSIT-3A-IPT2\\Restor-Laravel-App\\vendor\\laravel\\framework\\src\\Illuminate\\Pipeline\\Pipeline.php(219): Illuminate\\Foundation\\Http\\Middleware\\InvokeDeferredCallbacks->handle(Object(Illuminate\\Http\\Request), Object(Closure))
#41 C:\\Users\\USER\\Desktop\\BSIT-3A-IPT2\\Restor-Laravel-App\\vendor\\laravel\\framework\\src\\Illuminate\\Http\\Middleware\\ValidatePathEncoding.php(26): Illuminate\\Pipeline\\Pipeline->Illuminate\\Pipeline\\{closure}(Object(Illuminate\\Http\\Request))
#42 C:\\Users\\USER\\Desktop\\BSIT-3A-IPT2\\Restor-Laravel-App\\vendor\\laravel\\framework\\src\\Illuminate\\Pipeline\\Pipeline.php(219): Illuminate\\Http\\Middleware\\ValidatePathEncoding->handle(Object(Illuminate\\Http\\Request), Object(Closure))
#43 C:\\Users\\USER\\Desktop\\BSIT-3A-IPT2\\Restor-Laravel-App\\vendor\\laravel\\framework\\src\\Illuminate\\Pipeline\\Pipeline.php(137): Illuminate\\Pipeline\\Pipeline->Illuminate\\Pipeline\\{closure}(Object(Illuminate\\Http\\Request))
#44 C:\\Users\\USER\\Desktop\\BSIT-3A-IPT2\\Restor-Laravel-App\\vendor\\laravel\\framework\\src\\Illuminate\\Foundation\\Http\\Kernel.php(175): Illuminate\\Pipeline\\Pipeline->then(Object(Closure))
#45 C:\\Users\\USER\\Desktop\\BSIT-3A-IPT2\\Restor-Laravel-App\\vendor\\laravel\\framework\\src\\Illuminate\\Foundation\\Http\\Kernel.php(144): Illuminate\\Foundation\\Http\\Kernel->sendRequestThroughRouter(Object(Illuminate\\Http\\Request))
#46 C:\\Users\\USER\\Desktop\\BSIT-3A-IPT2\\Restor-Laravel-App\\vendor\\laravel\\framework\\src\\Illuminate\\Foundation\\Application.php(1220): Illuminate\\Foundation\\Http\\Kernel->handle(Object(Illuminate\\Http\\Request))
#47 C:\\Users\\USER\\Desktop\\BSIT-3A-IPT2\\Restor-Laravel-App\\public\\index.php(20): Illuminate\\Foundation\\Application->handleRequest(Object(Illuminate\\Http\\Request))
#48 C:\\Users\\USER\\Desktop\\BSIT-3A-IPT2\\Restor-Laravel-App\\vendor\\laravel\\framework\\src\\Illuminate\\Foundation\\resources\\server.php(23): require_once('C:\\\\Users\\\\USER\\\\D...')
#49 {main}

[previous exception] [object] (ReflectionException(code: -1): Class \"admin\" does not exist at C:\\Users\\USER\\Desktop\\BSIT-3A-IPT2\\Restor-Laravel-App\\vendor\\laravel\\framework\\src\\Illuminate\\Container\\Container.php:1161)
[stacktrace]
#0 C:\\Users\\USER\\Desktop\\BSIT-3A-IPT2\\Restor-Laravel-App\\vendor\\laravel\\framework\\src\\Illuminate\\Container\\Container.php(1161): ReflectionClass->__construct('admin')
#1 C:\\Users\\USER\\Desktop\\BSIT-3A-IPT2\\Restor-Laravel-App\\vendor\\laravel\\framework\\src\\Illuminate\\Container\\Container.php(972): Illuminate\\Container\\Container->build('admin')
#2 C:\\Users\\USER\\Desktop\\BSIT-3A-IPT2\\Restor-Laravel-App\\vendor\\laravel\\framework\\src\\Illuminate\\Foundation\\Application.php(1078): Illuminate\\Container\\Container->resolve('admin', Array, true)
#3 C:\\Users\\USER\\Desktop\\BSIT-3A-IPT2\\Restor-Laravel-App\\vendor\\laravel\\framework\\src\\Illuminate\\Container\\Container.php(903): Illuminate\\Foundation\\Application->resolve('admin', Array)
#4 C:\\Users\\USER\\Desktop\\BSIT-3A-IPT2\\Restor-Laravel-App\\vendor\\laravel\\framework\\src\\Illuminate\\Foundation\\Application.php(1058): Illuminate\\Container\\Container->make('admin', Array)
#5 C:\\Users\\USER\\Desktop\\BSIT-3A-IPT2\\Restor-Laravel-App\\vendor\\laravel\\framework\\src\\Illuminate\\Pipeline\\Pipeline.php(208): Illuminate\\Foundation\\Application->make('admin')
#6 C:\\Users\\USER\\Desktop\\BSIT-3A-IPT2\\Restor-Laravel-App\\vendor\\laravel\\framework\\src\\Illuminate\\Routing\\Middleware\\SubstituteBindings.php(50): Illuminate\\Pipeline\\Pipeline->Illuminate\\Pipeline\\{closure}(Object(Illuminate\\Http\\Request))
#7 C:\\Users\\USER\\Desktop\\BSIT-3A-IPT2\\Restor-Laravel-App\\vendor\\laravel\\framework\\src\\Illuminate\\Pipeline\\Pipeline.php(219): Illuminate\\Routing\\Middleware\\SubstituteBindings->handle(Object(Illuminate\\Http\\Request), Object(Closure))
#8 C:\\Users\\USER\\Desktop\\BSIT-3A-IPT2\\Restor-Laravel-App\\vendor\\laravel\\framework\\src\\Illuminate\\Foundation\\Http\\Middleware\\VerifyCsrfToken.php(87): Illuminate\\Pipeline\\Pipeline->Illuminate\\Pipeline\\{closure}(Object(Illuminate\\Http\\Request))
#9 C:\\Users\\USER\\Desktop\\BSIT-3A-IPT2\\Restor-Laravel-App\\vendor\\laravel\\framework\\src\\Illuminate\\Pipeline\\Pipeline.php(219): Illuminate\\Foundation\\Http\\Middleware\\VerifyCsrfToken->handle(Object(Illuminate\\Http\\Request), Object(Closure))
#10 C:\\Users\\USER\\Desktop\\BSIT-3A-IPT2\\Restor-Laravel-App\\vendor\\laravel\\framework\\src\\Illuminate\\View\\Middleware\\ShareErrorsFromSession.php(48): Illuminate\\Pipeline\\Pipeline->Illuminate\\Pipeline\\{closure}(Object(Illuminate\\Http\\Request))
#11 C:\\Users\\USER\\Desktop\\BSIT-3A-IPT2\\Restor-Laravel-App\\vendor\\laravel\\framework\\src\\Illuminate\\Pipeline\\Pipeline.php(219): Illuminate\\View\\Middleware\\ShareErrorsFromSession->handle(Object(Illuminate\\Http\\Request), Object(Closure))
#12 C:\\Users\\USER\\Desktop\\BSIT-3A-IPT2\\Restor-Laravel-App\\vendor\\laravel\\framework\\src\\Illuminate\\Session\\Middleware\\StartSession.php(120): Illuminate\\Pipeline\\Pipeline->Illuminate\\Pipeline\\{closure}(Object(Illuminate\\Http\\Request))
#13 C:\\Users\\USER\\Desktop\\BSIT-3A-IPT2\\Restor-Laravel-App\\vendor\\laravel\\framework\\src\\Illuminate\\Session\\Middleware\\StartSession.php(63): Illuminate\\Session\\Middleware\\StartSession->handleStatefulRequest(Object(Illuminate\\Http\\Request), Object(Illuminate\\Session\\Store), Object(Closure))
#14 C:\\Users\\USER\\Desktop\\BSIT-3A-IPT2\\Restor-Laravel-App\\vendor\\laravel\\framework\\src\\Illuminate\\Pipeline\\Pipeline.php(219): Illuminate\\Session\\Middleware\\StartSession->handle(Object(Illuminate\\Http\\Request), Object(Closure))
#15 C:\\Users\\USER\\Desktop\\BSIT-3A-IPT2\\Restor-Laravel-App\\vendor\\laravel\\framework\\src\\Illuminate\\Cookie\\Middleware\\AddQueuedCookiesToResponse.php(36): Illuminate\\Pipeline\\Pipeline->Illuminate\\Pipeline\\{closure}(Object(Illuminate\\Http\\Request))
#16 C:\\Users\\USER\\Desktop\\BSIT-3A-IPT2\\Restor-Laravel-App\\vendor\\laravel\\framework\\src\\Illuminate\\Pipeline\\Pipeline.php(219): Illuminate\\Cookie\\Middleware\\AddQueuedCookiesToResponse->handle(Object(Illuminate\\Http\\Request), Object(Closure))
#17 C:\\Users\\USER\\Desktop\\BSIT-3A-IPT2\\Restor-Laravel-App\\vendor\\laravel\\framework\\src\\Illuminate\\Cookie\\Middleware\\EncryptCookies.php(74): Illuminate\\Pipeline\\Pipeline->Illuminate\\Pipeline\\{closure}(Object(Illuminate\\Http\\Request))
#18 C:\\Users\\USER\\Desktop\\BSIT-3A-IPT2\\Restor-Laravel-App\\vendor\\laravel\\framework\\src\\Illuminate\\Pipeline\\Pipeline.php(219): Illuminate\\Cookie\\Middleware\\EncryptCookies->handle(Object(Illuminate\\Http\\Request), Object(Closure))
#19 C:\\Users\\USER\\Desktop\\BSIT-3A-IPT2\\Restor-Laravel-App\\vendor\\laravel\\framework\\src\\Illuminate\\Pipeline\\Pipeline.php(137): Illuminate\\Pipeline\\Pipeline->Illuminate\\Pipeline\\{closure}(Object(Illuminate\\Http\\Request))
#20 C:\\Users\\USER\\Desktop\\BSIT-3A-IPT2\\Restor-Laravel-App\\vendor\\laravel\\framework\\src\\Illuminate\\Routing\\Router.php(821): Illuminate\\Pipeline\\Pipeline->then(Object(Closure))
#21 C:\\Users\\USER\\Desktop\\BSIT-3A-IPT2\\Restor-Laravel-App\\vendor\\laravel\\framework\\src\\Illuminate\\Routing\\Router.php(800): Illuminate\\Routing\\Router->runRouteWithinStack(Object(Illuminate\\Routing\\Route), Object(Illuminate\\Http\\Request))
#22 C:\\Users\\USER\\Desktop\\BSIT-3A-IPT2\\Restor-Laravel-App\\vendor\\laravel\\framework\\src\\Illuminate\\Routing\\Router.php(764): Illuminate\\Routing\\Router->runRoute(Object(Illuminate\\Http\\Request), Object(Illuminate\\Routing\\Route))
#23 C:\\Users\\USER\\Desktop\\BSIT-3A-IPT2\\Restor-Laravel-App\\vendor\\laravel\\framework\\src\\Illuminate\\Routing\\Router.php(753): Illuminate\\Routing\\Router->dispatchToRoute(Object(Illuminate\\Http\\Request))
#24 C:\\Users\\USER\\Desktop\\BSIT-3A-IPT2\\Restor-Laravel-App\\vendor\\laravel\\framework\\src\\Illuminate\\Foundation\\Http\\Kernel.php(200): Illuminate\\Routing\\Router->dispatch(Object(Illuminate\\Http\\Request))
#25 C:\\Users\\USER\\Desktop\\BSIT-3A-IPT2\\Restor-Laravel-App\\vendor\\laravel\\framework\\src\\Illuminate\\Pipeline\\Pipeline.php(180): Illuminate\\Foundation\\Http\\Kernel->Illuminate\\Foundation\\Http\\{closure}(Object(Illuminate\\Http\\Request))
#26 C:\\Users\\USER\\Desktop\\BSIT-3A-IPT2\\Restor-Laravel-App\\vendor\\laravel\\framework\\src\\Illuminate\\Foundation\\Http\\Middleware\\TransformsRequest.php(21): Illuminate\\Pipeline\\Pipeline->Illuminate\\Pipeline\\{closure}(Object(Illuminate\\Http\\Request))
#27 C:\\Users\\USER\\Desktop\\BSIT-3A-IPT2\\Restor-Laravel-App\\vendor\\laravel\\framework\\src\\Illuminate\\Foundation\\Http\\Middleware\\ConvertEmptyStringsToNull.php(31): Illuminate\\Foundation\\Http\\Middleware\\TransformsRequest->handle(Object(Illuminate\\Http\\Request), Object(Closure))
#28 C:\\Users\\USER\\Desktop\\BSIT-3A-IPT2\\Restor-Laravel-App\\vendor\\laravel\\framework\\src\\Illuminate\\Pipeline\\Pipeline.php(219): Illuminate\\Foundation\\Http\\Middleware\\ConvertEmptyStringsToNull->handle(Object(Illuminate\\Http\\Request), Object(Closure))
#29 C:\\Users\\USER\\Desktop\\BSIT-3A-IPT2\\Restor-Laravel-App\\vendor\\laravel\\framework\\src\\Illuminate\\Foundation\\Http\\Middleware\\TransformsRequest.php(21): Illuminate\\Pipeline\\Pipeline->Illuminate\\Pipeline\\{closure}(Object(Illuminate\\Http\\Request))
#30 C:\\Users\\USER\\Desktop\\BSIT-3A-IPT2\\Restor-Laravel-App\\vendor\\laravel\\framework\\src\\Illuminate\\Foundation\\Http\\Middleware\\TrimStrings.php(51): Illuminate\\Foundation\\Http\\Middleware\\TransformsRequest->handle(Object(Illuminate\\Http\\Request), Object(Closure))
#31 C:\\Users\\USER\\Desktop\\BSIT-3A-IPT2\\Restor-Laravel-App\\vendor\\laravel\\framework\\src\\Illuminate\\Pipeline\\Pipeline.php(219): Illuminate\\Foundation\\Http\\Middleware\\TrimStrings->handle(Object(Illuminate\\Http\\Request), Object(Closure))
#32 C:\\Users\\USER\\Desktop\\BSIT-3A-IPT2\\Restor-Laravel-App\\vendor\\laravel\\framework\\src\\Illuminate\\Http\\Middleware\\ValidatePostSize.php(27): Illuminate\\Pipeline\\Pipeline->Illuminate\\Pipeline\\{closure}(Object(Illuminate\\Http\\Request))
#33 C:\\Users\\USER\\Desktop\\BSIT-3A-IPT2\\Restor-Laravel-App\\vendor\\laravel\\framework\\src\\Illuminate\\Pipeline\\Pipeline.php(219): Illuminate\\Http\\Middleware\\ValidatePostSize->handle(Object(Illuminate\\Http\\Request), Object(Closure))
#34 C:\\Users\\USER\\Desktop\\BSIT-3A-IPT2\\Restor-Laravel-App\\vendor\\laravel\\framework\\src\\Illuminate\\Foundation\\Http\\Middleware\\PreventRequestsDuringMaintenance.php(109): Illuminate\\Pipeline\\Pipeline->Illuminate\\Pipeline\\{closure}(Object(Illuminate\\Http\\Request))
#35 C:\\Users\\USER\\Desktop\\BSIT-3A-IPT2\\Restor-Laravel-App\\vendor\\laravel\\framework\\src\\Illuminate\\Pipeline\\Pipeline.php(219): Illuminate\\Foundation\\Http\\Middleware\\PreventRequestsDuringMaintenance->handle(Object(Illuminate\\Http\\Request), Object(Closure))
#36 C:\\Users\\USER\\Desktop\\BSIT-3A-IPT2\\Restor-Laravel-App\\vendor\\laravel\\framework\\src\\Illuminate\\Http\\Middleware\\HandleCors.php(48): Illuminate\\Pipeline\\Pipeline->Illuminate\\Pipeline\\{closure}(Object(Illuminate\\Http\\Request))
#37 C:\\Users\\USER\\Desktop\\BSIT-3A-IPT2\\Restor-Laravel-App\\vendor\\laravel\\framework\\src\\Illuminate\\Pipeline\\Pipeline.php(219): Illuminate\\Http\\Middleware\\HandleCors->handle(Object(Illuminate\\Http\\Request), Object(Closure))
#38 C:\\Users\\USER\\Desktop\\BSIT-3A-IPT2\\Restor-Laravel-App\\vendor\\laravel\\framework\\src\\Illuminate\\Http\\Middleware\\TrustProxies.php(58): Illuminate\\Pipeline\\Pipeline->Illuminate\\Pipeline\\{closure}(Object(Illuminate\\Http\\Request))
#39 C:\\Users\\USER\\Desktop\\BSIT-3A-IPT2\\Restor-Laravel-App\\vendor\\laravel\\framework\\src\\Illuminate\\Pipeline\\Pipeline.php(219): Illuminate\\Http\\Middleware\\TrustProxies->handle(Object(Illuminate\\Http\\Request), Object(Closure))
#40 C:\\Users\\USER\\Desktop\\BSIT-3A-IPT2\\Restor-Laravel-App\\vendor\\laravel\\framework\\src\\Illuminate\\Foundation\\Http\\Middleware\\InvokeDeferredCallbacks.php(22): Illuminate\\Pipeline\\Pipeline->Illuminate\\Pipeline\\{closure}(Object(Illuminate\\Http\\Request))
#41 C:\\Users\\USER\\Desktop\\BSIT-3A-IPT2\\Restor-Laravel-App\\vendor\\laravel\\framework\\src\\Illuminate\\Pipeline\\Pipeline.php(219): Illuminate\\Foundation\\Http\\Middleware\\InvokeDeferredCallbacks->handle(Object(Illuminate\\Http\\Request), Object(Closure))
#42 C:\\Users\\USER\\Desktop\\BSIT-3A-IPT2\\Restor-Laravel-App\\vendor\\laravel\\framework\\src\\Illuminate\\Http\\Middleware\\ValidatePathEncoding.php(26): Illuminate\\Pipeline\\Pipeline->Illuminate\\Pipeline\\{closure}(Object(Illuminate\\Http\\Request))
#43 C:\\Users\\USER\\Desktop\\BSIT-3A-IPT2\\Restor-Laravel-App\\vendor\\laravel\\framework\\src\\Illuminate\\Pipeline\\Pipeline.php(219): Illuminate\\Http\\Middleware\\ValidatePathEncoding->handle(Object(Illuminate\\Http\\Request), Object(Closure))
#44 C:\\Users\\USER\\Desktop\\BSIT-3A-IPT2\\Restor-Laravel-App\\vendor\\laravel\\framework\\src\\Illuminate\\Pipeline\\Pipeline.php(137): Illuminate\\Pipeline\\Pipeline->Illuminate\\Pipeline\\{closure}(Object(Illuminate\\Http\\Request))
#45 C:\\Users\\USER\\Desktop\\BSIT-3A-IPT2\\Restor-Laravel-App\\vendor\\laravel\\framework\\src\\Illuminate\\Foundation\\Http\\Kernel.php(175): Illuminate\\Pipeline\\Pipeline->then(Object(Closure))
#46 C:\\Users\\USER\\Desktop\\BSIT-3A-IPT2\\Restor-Laravel-App\\vendor\\laravel\\framework\\src\\Illuminate\\Foundation\\Http\\Kernel.php(144): Illuminate\\Foundation\\Http\\Kernel->sendRequestThroughRouter(Object(Illuminate\\Http\\Request))
#47 C:\\Users\\USER\\Desktop\\BSIT-3A-IPT2\\Restor-Laravel-App\\vendor\\laravel\\framework\\src\\Illuminate\\Foundation\\Application.php(1220): Illuminate\\Foundation\\Http\\Kernel->handle(Object(Illuminate\\Http\\Request))
#48 C:\\Users\\USER\\Desktop\\BSIT-3A-IPT2\\Restor-Laravel-App\\public\\index.php(20): Illuminate\\Foundation\\Application->handleRequest(Object(Illuminate\\Http\\Request))
#49 C:\\Users\\USER\\Desktop\\BSIT-3A-IPT2\\Restor-Laravel-App\\vendor\\laravel\\framework\\src\\Illuminate\\Foundation\\resources\\server.php(23): require_once('C:\\\\Users\\\\USER\\\\D...')
#50 {main}
"} 
[2025-11-02 19:26:18] local.ERROR: Target class [admin] does not exist. {"userId":3,"exception":"[object] (Illuminate\\Contracts\\Container\\BindingResolutionException(code: 0): Target class [admin] does not exist. at C:\\Users\\USER\\Desktop\\BSIT-3A-IPT2\\Restor-Laravel-App\\vendor\\laravel\\framework\\src\\Illuminate\\Container\\Container.php:1163)
[stacktrace]
#0 C:\\Users\\USER\\Desktop\\BSIT-3A-IPT2\\Restor-Laravel-App\\vendor\\laravel\\framework\\src\\Illuminate\\Container\\Container.php(972): Illuminate\\Container\\Container->build('admin')
#1 C:\\Users\\USER\\Desktop\\BSIT-3A-IPT2\\Restor-Laravel-App\\vendor\\laravel\\framework\\src\\Illuminate\\Foundation\\Application.php(1078): Illuminate\\Container\\Container->resolve('admin', Array, true)
#2 C:\\Users\\USER\\Desktop\\BSIT-3A-IPT2\\Restor-Laravel-App\\vendor\\laravel\\framework\\src\\Illuminate\\Container\\Container.php(903): Illuminate\\Foundation\\Application->resolve('admin', Array)
#3 C:\\Users\\USER\\Desktop\\BSIT-3A-IPT2\\Restor-Laravel-App\\vendor\\laravel\\framework\\src\\Illuminate\\Foundation\\Application.php(1058): Illuminate\\Container\\Container->make('admin', Array)
#4 C:\\Users\\USER\\Desktop\\BSIT-3A-IPT2\\Restor-Laravel-App\\vendor\\laravel\\framework\\src\\Illuminate\\Foundation\\Http\\Kernel.php(257): Illuminate\\Foundation\\Application->make('admin')
#5 C:\\Users\\USER\\Desktop\\BSIT-3A-IPT2\\Restor-Laravel-App\\vendor\\laravel\\framework\\src\\Illuminate\\Foundation\\Http\\Kernel.php(215): Illuminate\\Foundation\\Http\\Kernel->terminateMiddleware(Object(Illuminate\\Http\\Request), Object(Illuminate\\Http\\Response))
#6 C:\\Users\\USER\\Desktop\\BSIT-3A-IPT2\\Restor-Laravel-App\\vendor\\laravel\\framework\\src\\Illuminate\\Foundation\\Application.php(1222): Illuminate\\Foundation\\Http\\Kernel->terminate(Object(Illuminate\\Http\\Request), Object(Illuminate\\Http\\Response))
#7 C:\\Users\\USER\\Desktop\\BSIT-3A-IPT2\\Restor-Laravel-App\\public\\index.php(20): Illuminate\\Foundation\\Application->handleRequest(Object(Illuminate\\Http\\Request))
#8 C:\\Users\\USER\\Desktop\\BSIT-3A-IPT2\\Restor-Laravel-App\\vendor\\laravel\\framework\\src\\Illuminate\\Foundation\\resources\\server.php(23): require_once('C:\\\\Users\\\\USER\\\\D...')
#9 {main}

[previous exception] [object] (ReflectionException(code: -1): Class \"admin\" does not exist at C:\\Users\\USER\\Desktop\\BSIT-3A-IPT2\\Restor-Laravel-App\\vendor\\laravel\\framework\\src\\Illuminate\\Container\\Container.php:1161)
[stacktrace]
#0 C:\\Users\\USER\\Desktop\\BSIT-3A-IPT2\\Restor-Laravel-App\\vendor\\laravel\\framework\\src\\Illuminate\\Container\\Container.php(1161): ReflectionClass->__construct('admin')
#1 C:\\Users\\USER\\Desktop\\BSIT-3A-IPT2\\Restor-Laravel-App\\vendor\\laravel\\framework\\src\\Illuminate\\Container\\Container.php(972): Illuminate\\Container\\Container->build('admin')
#2 C:\\Users\\USER\\Desktop\\BSIT-3A-IPT2\\Restor-Laravel-App\\vendor\\laravel\\framework\\src\\Illuminate\\Foundation\\Application.php(1078): Illuminate\\Container\\Container->resolve('admin', Array, true)
#3 C:\\Users\\USER\\Desktop\\BSIT-3A-IPT2\\Restor-Laravel-App\\vendor\\laravel\\framework\\src\\Illuminate\\Container\\Container.php(903): Illuminate\\Foundation\\Application->resolve('admin', Array)
#4 C:\\Users\\USER\\Desktop\\BSIT-3A-IPT2\\Restor-Laravel-App\\vendor\\laravel\\framework\\src\\Illuminate\\Foundation\\Application.php(1058): Illuminate\\Container\\Container->make('admin', Array)
#5 C:\\Users\\USER\\Desktop\\BSIT-3A-IPT2\\Restor-Laravel-App\\vendor\\laravel\\framework\\src\\Illuminate\\Foundation\\Http\\Kernel.php(257): Illuminate\\Foundation\\Application->make('admin')
#6 C:\\Users\\USER\\Desktop\\BSIT-3A-IPT2\\Restor-Laravel-App\\vendor\\laravel\\framework\\src\\Illuminate\\Foundation\\Http\\Kernel.php(215): Illuminate\\Foundation\\Http\\Kernel->terminateMiddleware(Object(Illuminate\\Http\\Request), Object(Illuminate\\Http\\Response))
#7 C:\\Users\\USER\\Desktop\\BSIT-3A-IPT2\\Restor-Laravel-App\\vendor\\laravel\\framework\\src\\Illuminate\\Foundation\\Application.php(1222): Illuminate\\Foundation\\Http\\Kernel->terminate(Object(Illuminate\\Http\\Request), Object(Illuminate\\Http\\Response))
#8 C:\\Users\\USER\\Desktop\\BSIT-3A-IPT2\\Restor-Laravel-App\\public\\index.php(20): Illuminate\\Foundation\\Application->handleRequest(Object(Illuminate\\Http\\Request))
#9 C:\\Users\\USER\\Desktop\\BSIT-3A-IPT2\\Restor-Laravel-App\\vendor\\laravel\\framework\\src\\Illuminate\\Foundation\\resources\\server.php(23): require_once('C:\\\\Users\\\\USER\\\\D...')
#10 {main}
"} 
